seriesuid,coordX,coordY,coordZ,w,h,d,lesion,volume,min_axis,maj_axis,iom_artery,iom_vein
Tr0001.nii.gz,253.0,231.0,141.0,19.0,21.0,13.0,aneurysm,1499.0,12.411585067687309,21.317636808939785,0.9079386257505004,0.0106737825216811
Tr0002.nii.gz,236.0,196.5,213.5,15.0,12.0,14.0,aneurysm,975.0,10.408461802868343,17.395070967810167,0.9989743589743588,0.0
Tr0003.nii.gz,315.5,326.5,75.5,20.0,16.0,16.0,aneurysm,1659.0,12.907482274247975,19.155332991426462,0.9909584086799276,0.0
Tr0004.nii.gz,298.0,237.0,166.5,7.0,7.0,6.0,aneurysm,168.0,6.28512763491913,8.259329664288751,1.0,0.0
Tr0005.nii.gz,249.0,214.5,165.5,9.0,8.0,12.0,aneurysm,401.0,7.1546777016244825,13.706593530349885,0.9625935162094764,0.0
Tr0006.nii.gz,323.0,264.5,159.5,29.0,32.0,32.0,aneurysm,10794.0,24.39531687174,31.22490579313753,0.922827496757458,0.0
Tr0007.nii.gz,336.5,207.0,177.5,12.0,11.0,8.0,aneurysm,397.0,6.539159894779796,14.543394428215944,0.9193954659949622,0.0
Tr0008.nii.gz,179.0,193.0,211.5,29.0,35.0,28.0,aneurysm,11436.0,24.878648522516865,34.507394059826,0.8061385099685204,0.0086568730325288
Tr0009.nii.gz,305.5,239.0,136.5,12.0,11.0,8.0,aneurysm,547.0,7.873730268499696,12.207192980249376,0.9835466179159048,0.0
Tr0010.nii.gz,244.0,168.0,201.5,11.0,11.0,12.0,aneurysm,511.0,8.342667988110355,15.55139073347672,0.9980430528375732,0.0
Tr0011.nii.gz,215.5,221.5,156.5,18.0,20.0,20.0,aneurysm,2551.0,15.135190662794988,22.988728920081893,0.9674637397099176,0.0058800470403763
Tr0012.nii.gz,263.0,201.5,176.5,11.0,12.0,10.0,aneurysm,551.0,8.385475735678638,12.61334083671791,0.8602540834845736,0.0
Tr0013.nii.gz,283.5,239.5,140.5,8.0,8.0,8.0,aneurysm,266.0,6.6408426632098285,10.093576932978197,0.7819548872180451,0.2030075187969924
Tr0014.nii.gz,327.5,245.5,246.5,26.0,24.0,24.0,aneurysm,5360.0,18.769708991191926,26.747803554505985,0.9175373134328358,0.0050373134328358
Tr0014.nii.gz,289.0,228.0,256.0,21.0,23.0,23.0,aneurysm,5963.0,20.726888056485567,26.57399208895746,0.5747107160825088,0.0
Tr0015.nii.gz,291.5,194.0,164.0,6.0,7.0,5.0,aneurysm,111.0,4.87346215778933,7.894332278055423,0.7747747747747747,0.0
Tr0015.nii.gz,296.5,195.0,170.5,6.0,5.0,4.0,aneurysm,77.0,4.926294689684815,6.527842707136962,0.7662337662337663,0.0
Tr0015.nii.gz,305.0,197.5,171.5,7.0,6.0,6.0,aneurysm,132.0,5.550886386466392,7.811239772400698,0.75,0.0
Tr0015.nii.gz,314.0,198.0,174.5,5.0,5.0,4.0,aneurysm,58.0,3.8141973312731983,5.8513617472346535,0.8103448275862069,0.0
Tr0016.nii.gz,226.5,256.0,187.5,16.0,23.0,10.0,aneurysm,1356.0,10.09038655009687,22.16716797717525,0.8672566371681416,0.1113569321533923
Tr0017.nii.gz,337.0,242.5,146.5,11.0,8.0,4.0,aneurysm,163.0,4.184856596967611,11.17371787948153,0.8159509202453987,0.0
Tr0018.nii.gz,281.0,259.0,202.0,19.0,23.0,19.0,aneurysm,3170.0,14.555587484914296,24.981667417337157,0.7943217665615142,0.0
Tr0019.nii.gz,378.5,328.5,195.5,14.0,12.0,8.0,aneurysm,677.0,8.403017176499104,14.057428528976466,0.9911373707533236,0.0
Tr0019.nii.gz,320.0,334.0,204.5,9.0,17.0,6.0,aneurysm,341.0,5.460950594566326,17.881937649135228,0.5073313782991202,0.1231671554252199
Tr0020.nii.gz,278.5,258.0,235.5,18.0,11.0,10.0,aneurysm,675.0,8.941025439044548,17.48933368846204,0.8814814814814815,0.0
Tr0021.nii.gz,373.0,256.5,190.5,19.0,18.0,32.0,aneurysm,3834.0,15.456494322282404,30.151455058861192,0.9913928012519562,0.0
Tr0022.nii.gz,337.0,209.5,176.5,15.0,10.0,8.0,aneurysm,420.0,6.715325875716911,18.527546391743456,0.9904761904761904,0.0
Tr0023.nii.gz,273.5,202.5,259.5,12.0,12.0,12.0,aneurysm,788.0,10.2106171587415,15.413326831371922,0.8362944162436549,0.0
Tr0024.nii.gz,325.5,262.0,187.0,18.0,23.0,17.0,aneurysm,2024.0,14.087376756132995,20.633711143520152,0.950592885375494,0.0
Tr0025.nii.gz,278.0,284.0,176.0,35.0,43.0,21.0,aneurysm,10981.0,16.515315605271002,43.565442313274616,0.5086968399963574,0.1798561151079136
Tr0025.nii.gz,302.5,272.0,204.5,18.0,19.0,16.0,aneurysm,1607.0,13.381256203685954,20.12348757606595,0.942750466708152,0.0
Tr0026.nii.gz,262.5,365.5,185.0,36.0,38.0,21.0,aneurysm,9658.0,20.00655568853232,41.2264583134068,0.0,0.265168772002485
Tr0027.nii.gz,338.5,273.0,198.0,10.0,7.0,9.0,aneurysm,363.0,7.760686784389017,10.639703892150203,0.8760330578512396,0.0661157024793388
Tr0028.nii.gz,308.5,267.0,287.5,16.0,15.0,12.0,aneurysm,1244.0,11.06035544817345,16.150361111464942,0.9581993569131833,0.0
Tr0029.nii.gz,273.5,274.5,174.0,32.0,30.0,21.0,aneurysm,7220.0,18.093183146897744,39.7224091446711,0.6765927977839336,0.2981994459833795
Tr0029.nii.gz,337.0,239.0,200.0,21.0,21.0,23.0,aneurysm,4586.0,17.283790720753036,27.463458944781383,0.9561709550806804,0.0010902747492368
Tr0029.nii.gz,293.5,234.5,211.0,16.0,22.0,17.0,aneurysm,2269.0,13.635171938301882,21.408224323864506,0.880123402379903,0.0
Tr0030.nii.gz,311.5,235.5,201.5,10.0,10.0,8.0,aneurysm,260.0,6.534834188703136,10.06658650145904,0.95,0.0
Tr0031.nii.gz,254.5,251.5,209.5,12.0,10.0,10.0,aneurysm,422.0,7.808545074499319,13.277541050867631,0.9360189573459716,0.0
Tr0032.nii.gz,275.0,220.5,171.5,23.0,20.0,16.0,aneurysm,2972.0,14.22462303226622,23.932389488863656,0.8105652759084792,0.0
Tr0033.nii.gz,359.0,272.5,199.5,13.0,16.0,16.0,aneurysm,1628.0,12.2928311075971,20.430219720964484,0.8937346437346437,0.0
Tr0034.nii.gz,261.0,309.0,119.0,17.0,17.0,15.0,aneurysm,813.0,8.543701196298166,26.528421894600523,0.998769987699877,0.0
Tr0035.nii.gz,308.0,323.5,122.5,93.0,78.0,36.0,aneurysm,54986.0,32.78054535257146,115.37673152856836,0.0390281162477721,0.0031280689630087
Tr0036.nii.gz,419.5,294.5,167.0,32.0,30.0,25.0,aneurysm,8394.0,21.698848622413845,33.43224143532632,0.6346199666428401,0.0
Tr0037.nii.gz,321.5,285.5,216.0,14.0,12.0,11.0,aneurysm,653.0,8.209712554128316,15.237665402503236,0.7718223583460949,0.0
Tr0038.nii.gz,316.5,236.0,170.0,26.0,23.0,19.0,aneurysm,2994.0,13.883560344736503,28.84135274073552,0.955243820975284,0.0364061456245825
Tr0039.nii.gz,153.5,265.5,240.5,14.0,28.0,10.0,aneurysm,1769.0,10.461480028418835,28.35117914023468,0.9525155455059356,0.0
Tr0040.nii.gz,289.0,234.0,198.0,19.0,15.0,17.0,aneurysm,1482.0,10.21696459079208,21.12299996858401,0.9851551956815114,0.0
Tr0041.nii.gz,339.5,348.5,96.5,18.0,18.0,22.0,aneurysm,3115.0,16.014613363567218,23.926446470407832,0.980096308186196,0.0
Tr0042.nii.gz,331.0,384.0,219.0,37.0,37.0,33.0,aneurysm,13421.0,25.06413039176853,37.543605234987325,0.0,0.0
Tr0043.nii.gz,245.5,216.0,175.0,30.0,27.0,21.0,aneurysm,5456.0,18.352264752315666,29.505939971238387,0.9626099706744868,0.0
Tr0044.nii.gz,315.5,251.5,168.0,12.0,12.0,9.0,aneurysm,710.0,9.121930786448422,13.961051402322653,0.5845070422535211,0.0
Tr0045.nii.gz,383.0,232.0,169.5,15.0,13.0,12.0,aneurysm,867.0,10.608724975951905,14.288846336191993,0.8200692041522492,0.0
Tr0046.nii.gz,328.0,301.0,136.0,33.0,15.0,21.0,aneurysm,2470.0,11.997956179099578,37.47020995207799,0.9862348178137652,0.0
Tr0047.nii.gz,232.5,177.0,143.5,26.0,19.0,22.0,aneurysm,4817.0,17.950343068681157,28.925046165652937,0.937097778700436,0.0
Tr0048.nii.gz,316.0,253.0,124.5,19.0,19.0,16.0,aneurysm,2736.0,15.656455829015952,19.41002649896519,0.3183479532163742,0.0
Tr0049.nii.gz,394.5,264.0,205.0,14.0,11.0,11.0,aneurysm,825.0,9.915030787592,16.614828453078278,0.8533333333333334,0.0
Tr0049.nii.gz,318.0,240.5,210.0,15.0,14.0,13.0,aneurysm,1498.0,13.273025138517117,15.33181494776213,0.9445927903871828,0.0
Tr0050.nii.gz,306.0,210.5,135.0,23.0,20.0,17.0,aneurysm,2231.0,12.95666672755849,27.06580382361496,0.4276109367996414,0.0
Tr0051.nii.gz,235.5,188.5,148.5,8.0,6.0,6.0,aneurysm,154.0,5.819543571745829,8.776799779911359,0.922077922077922,0.0
Tr0052.nii.gz,334.5,286.5,180.0,10.0,8.0,5.0,aneurysm,208.0,5.460231618106153,10.893791499704896,0.9471153846153846,0.0
Tr0052.nii.gz,275.0,287.0,195.5,9.0,9.0,6.0,aneurysm,282.0,6.175280552040923,12.235083997409347,0.9858156028368794,0.0
Tr0053.nii.gz,312.0,205.5,84.0,13.0,12.0,9.0,aneurysm,754.0,9.46394324533486,13.523381787441942,0.8196286472148541,0.0
Tr0054.nii.gz,294.0,229.0,161.5,11.0,9.0,10.0,aneurysm,481.0,8.48602703723158,11.248235722686692,0.9688149688149688,0.0
Tr0055.nii.gz,267.5,236.0,153.5,12.0,9.0,8.0,aneurysm,433.0,8.517158656357438,11.606039270536112,1.0,0.0
Tr0056.nii.gz,247.0,218.0,102.5,29.0,15.0,18.0,aneurysm,2846.0,13.66774574643024,25.717808958697297,0.8432888264230499,0.0769501054111033
Tr0057.nii.gz,215.5,170.5,143.5,8.0,10.0,6.0,aneurysm,230.0,5.5660772074649145,10.097150399794678,0.8782608695652174,0.0
Tr0057.nii.gz,218.5,175.0,149.0,4.0,5.0,3.0,aneurysm,43.0,3.1297324302938043,5.665458689074922,0.9534883720930232,0.0
Tr0058.nii.gz,277.0,294.0,72.5,15.0,15.0,14.0,aneurysm,1504.0,11.867914542812816,16.884484782490627,0.78125,0.0
Tr0058.nii.gz,288.0,299.0,87.5,11.0,13.0,12.0,aneurysm,864.0,11.072550113642096,13.722597730653074,0.0127314814814814,0.0
Tr0059.nii.gz,251.0,334.5,157.5,17.0,8.0,8.0,aneurysm,638.0,8.560964937148562,16.59783152292037,0.9905956112852664,0.0
Tr0060.nii.gz,232.0,156.5,154.0,15.0,24.0,13.0,aneurysm,1544.0,11.149644373850483,26.606475991707583,0.7784974093264249,0.0
Tr0061.nii.gz,249.5,180.0,132.5,4.0,5.0,4.0,aneurysm,48.0,3.859907876060305,5.304526583152491,0.4375,0.0
Tr0061.nii.gz,257.0,207.0,138.5,11.0,11.0,10.0,aneurysm,521.0,8.352960122220962,12.480006893467008,0.5124760076775432,0.0
Tr0062.nii.gz,268.0,183.5,95.0,9.0,6.0,5.0,aneurysm,173.0,5.40977166173295,9.772272866688407,0.6820809248554913,0.0
Tr0062.nii.gz,281.0,174.0,110.5,25.0,21.0,20.0,aneurysm,3471.0,16.5050675556573,23.905900471277025,0.9634111207144916,0.0
Tr0063.nii.gz,164.5,168.5,140.0,16.0,20.0,15.0,aneurysm,2658.0,15.114622555901152,20.84347856946168,0.8355906696764485,0.0
Tr0064.nii.gz,238.0,202.0,208.0,17.0,17.0,13.0,aneurysm,1897.0,12.298792161739188,19.263185605694904,0.9609910384818134,0.0
Tr0065.nii.gz,365.0,204.0,131.5,21.0,23.0,24.0,aneurysm,3628.0,15.619988589289475,28.895608072218927,0.926957001102536,0.0
Tr0065.nii.gz,263.5,171.5,139.5,12.0,12.0,12.0,aneurysm,997.0,10.995315733015476,15.40555314388176,0.9418254764292878,0.0
Tr0066.nii.gz,355.0,223.0,135.5,15.0,15.0,10.0,aneurysm,1173.0,10.6246188658195,17.885794079464105,0.9224211423699916,0.0
Tr0067.nii.gz,282.5,282.0,167.0,14.0,19.0,15.0,aneurysm,1700.0,12.623325923482808,20.055495776514,0.971764705882353,0.0
Tr0068.nii.gz,282.5,216.5,134.5,6.0,6.0,6.0,aneurysm,139.0,5.892705132402729,7.054151707292744,0.460431654676259,0.0
Tr0069.nii.gz,277.5,182.0,197.5,14.0,11.0,8.0,aneurysm,723.0,8.448506297168377,15.661461625966831,0.9391424619640388,0.0
Tr0070.nii.gz,219.0,169.0,357.0,11.0,13.0,7.0,aneurysm,544.0,7.36714604118666,14.141204951397086,0.5643382352941176,0.0
Tr0071.nii.gz,266.5,190.5,110.5,8.0,6.0,4.0,aneurysm,142.0,4.307001834676636,9.144340290965074,0.8732394366197183,0.0
Tr0072.nii.gz,248.0,188.5,152.0,9.0,8.0,7.0,aneurysm,260.0,6.647268608698504,9.72921019519421,0.9230769230769232,0.0
Tr0073.nii.gz,222.0,218.0,121.5,15.0,17.0,12.0,aneurysm,1304.0,11.369059514672806,19.55416944501523,0.937883435582822,0.0
Tr0074.nii.gz,287.0,193.0,121.0,7.0,7.0,7.0,aneurysm,236.0,6.7841144436888525,8.669802816540777,0.7288135593220338,0.0
Tr0074.nii.gz,310.0,191.0,158.5,27.0,29.0,44.0,aneurysm,12635.0,23.47260226841051,48.880079970900745,0.9044717055797388,0.0
Tr0074.nii.gz,315.5,163.0,189.5,12.0,17.0,12.0,aneurysm,1114.0,10.832857228161386,18.39160566588589,0.8850987432675045,0.0
Tr0075.nii.gz,296.5,211.5,117.5,10.0,8.0,4.0,aneurysm,208.0,4.544247305640575,10.5176474095625,0.8846153846153846,0.0
Tr0076.nii.gz,284.5,219.5,136.5,4.0,6.0,4.0,aneurysm,68.0,4.047181977031492,6.936072326101233,0.3970588235294117,0.4411764705882353
Tr0076.nii.gz,284.5,205.0,142.5,6.0,5.0,4.0,aneurysm,104.0,4.625867625795449,7.288293981190722,0.2211538461538461,0.7788461538461539
Tr0077.nii.gz,297.0,195.0,128.0,15.0,17.0,15.0,aneurysm,1798.0,13.666175154404522,20.122382000079774,0.9838709677419356,0.0055617352614015
Tr0078.nii.gz,259.5,225.0,161.0,12.0,15.0,9.0,aneurysm,1069.0,10.025184809541743,16.67049522856028,0.8119738072965388,0.0
Tr0079.nii.gz,322.5,217.0,165.0,22.0,21.0,27.0,aneurysm,6383.0,18.917577974463,32.30775912538843,0.6124079586401379,0.0
Tr0080.nii.gz,218.0,247.0,233.5,11.0,13.0,14.0,aneurysm,986.0,10.164442089935257,18.531492867410293,0.9898580121703854,0.0
Tr0081.nii.gz,311.5,256.5,200.0,28.0,38.0,25.0,aneurysm,14607.0,26.61320547259511,39.00858703916847,0.3666050523721503,0.041555418634901
Tr0082.nii.gz,250.5,213.0,105.0,8.0,9.0,5.0,aneurysm,202.0,5.373788919521357,9.716213989994008,0.3019801980198019,0.6237623762376238
Tr0083.nii.gz,273.0,187.5,174.0,23.0,20.0,15.0,aneurysm,2725.0,14.244683051792714,27.45586153310348,0.8576146788990826,0.0187155963302752
Tr0084.nii.gz,315.5,204.0,49.5,14.0,17.0,20.0,aneurysm,2453.0,12.987044351480208,24.13416986555314,0.8336730534039951,0.0
Tr0085.nii.gz,222.5,214.5,135.0,12.0,12.0,11.0,aneurysm,725.0,9.485571846805898,15.105573724827677,0.8910344827586207,0.0
Tr0086.nii.gz,149.5,207.0,107.5,14.0,15.0,12.0,aneurysm,1364.0,11.279480369125976,16.445802476597525,0.8335777126099707,0.0
Tr0087.nii.gz,250.0,239.5,230.0,7.0,10.0,7.0,aneurysm,270.0,6.651856744809048,10.210068072054955,0.6370370370370371,0.0
Tr0088.nii.gz,214.5,210.5,168.5,10.0,10.0,8.0,aneurysm,531.0,8.118878763064515,11.870440813113504,0.96045197740113,0.0
Tr0089.nii.gz,216.0,210.0,131.0,13.0,17.0,13.0,aneurysm,1248.0,11.308207220272491,17.01037038389105,0.8918269230769231,0.0
Tr0090.nii.gz,287.0,209.0,141.0,9.0,7.0,7.0,aneurysm,314.0,6.7237238108467405,10.934233340823855,0.6401273885350318,0.0
Tr0091.nii.gz,277.5,213.5,105.0,8.0,6.0,5.0,aneurysm,214.0,6.038757000131966,9.976382233844085,0.8271028037383178,0.0
Tr0092.nii.gz,306.5,205.0,116.0,12.0,9.0,7.0,aneurysm,495.0,7.416732681172088,13.632990551110112,0.7535353535353535,0.0848484848484848
Tr0092.nii.gz,281.0,175.5,136.0,13.0,16.0,19.0,aneurysm,1880.0,12.416455586310873,21.59052968024292,0.8026595744680851,0.0
Tr0093.nii.gz,192.5,233.0,141.0,16.0,15.0,11.0,aneurysm,1040.0,9.40639937280598,19.03329650832223,0.8076923076923077,0.0
Tr0094.nii.gz,408.0,282.5,101.5,11.0,12.0,8.0,aneurysm,741.0,9.1625254274826,14.538826693442862,0.6072874493927125,0.0
Tr0095.nii.gz,346.5,232.5,186.5,6.0,6.0,6.0,aneurysm,183.0,6.65919125202046,7.772273536578924,1.0,0.0
Tr0096.nii.gz,381.0,239.0,143.0,19.0,21.0,15.0,aneurysm,3397.0,16.185734195407534,21.704519235198703,0.794818957904033,0.007653812187224
Tr0097.nii.gz,374.0,233.0,200.5,25.0,13.0,16.0,aneurysm,2400.0,13.17033022711609,26.126090102995896,0.7266666666666667,0.0925
Tr0098.nii.gz,361.0,200.0,123.0,11.0,9.0,7.0,aneurysm,422.0,7.607537721841873,11.942300901574985,0.8056872037914692,0.0
Tr0099.nii.gz,227.5,184.5,137.5,12.0,14.0,8.0,aneurysm,779.0,8.888468593617693,14.757619735451934,0.9743260590500642,0.0
Tr0100.nii.gz,178.5,171.0,148.0,12.0,19.0,15.0,aneurysm,1773.0,13.317562630426185,20.255616166845037,0.9294980259447264,0.0
Tr0101.nii.gz,162.5,222.0,197.5,8.0,11.0,6.0,aneurysm,346.0,6.889078218773229,12.548704871420888,0.9913294797687862,0.0
Tr0102.nii.gz,246.0,256.0,190.0,17.0,15.0,13.0,aneurysm,1363.0,10.9065341704152,19.61995631219466,0.962582538517975,0.0
Tr0103.nii.gz,274.0,287.5,171.5,17.0,24.0,16.0,aneurysm,2271.0,12.532451684958222,29.741550880123103,0.8850726552179656,0.0105680317040951
Tr0104.nii.gz,243.0,289.5,216.0,15.0,16.0,11.0,aneurysm,1521.0,11.549463900010895,17.839529078202943,0.0,0.7928994082840237
Tr0105.nii.gz,211.5,203.0,153.5,14.0,15.0,14.0,aneurysm,1676.0,13.099312897999004,17.604758113641736,0.906324582338902,0.0
Tr0105.nii.gz,299.0,189.5,170.5,9.0,10.0,8.0,aneurysm,445.0,8.12275351207166,11.245393596581891,0.8426966292134831,0.0
Tr0106.nii.gz,380.0,219.0,161.0,13.0,13.0,17.0,aneurysm,1135.0,10.911413868867854,17.266445368808927,0.6405286343612335,0.0
Tr0107.nii.gz,263.5,222.5,135.0,22.0,12.0,11.0,aneurysm,1142.0,10.20007720935693,20.674495476523823,0.8590192644483362,0.0
Tr0108.nii.gz,326.5,225.5,189.5,10.0,10.0,8.0,aneurysm,364.0,7.120493398716869,10.894095551084304,0.2857142857142857,0.0
Tr0109.nii.gz,303.0,190.5,138.0,15.0,18.0,11.0,aneurysm,1035.0,9.14119684012053,22.87725087886822,0.7603864734299517,0.0
Tr0110.nii.gz,355.0,177.0,166.5,11.0,17.0,8.0,aneurysm,747.0,8.489586245575161,17.27606955299106,0.2610441767068273,0.6104417670682731
Tr0111.nii.gz,224.5,201.0,191.0,12.0,13.0,13.0,aneurysm,950.0,10.705855323615204,15.890571553266817,0.7957894736842105,0.0
Tr0112.nii.gz,227.0,247.5,163.5,11.0,10.0,8.0,aneurysm,423.0,8.704706729196051,10.47094648326333,0.557919621749409,0.0070921985815602
Tr0113.nii.gz,260.5,190.0,125.0,6.0,7.0,7.0,aneurysm,227.0,6.6582136803482985,8.59436229993096,0.5418502202643172,0.0
Tr0114.nii.gz,281.0,240.0,162.0,11.0,17.0,11.0,aneurysm,995.0,10.339423020686883,17.578466884882356,0.8381909547738694,0.0
Tr0114.nii.gz,247.5,204.5,186.5,10.0,12.0,6.0,aneurysm,346.0,6.147012895567067,14.04678450881312,0.791907514450867,0.0
Tr0115.nii.gz,314.5,263.0,229.0,12.0,11.0,9.0,aneurysm,777.0,9.609521412190594,13.482086967808144,0.9343629343629344,0.0
Tr0116.nii.gz,254.0,222.0,189.0,17.0,13.0,15.0,aneurysm,1896.0,13.639976633665844,20.141708196283872,0.8575949367088608,0.0
Tr0116.nii.gz,386.5,171.5,255.5,36.0,26.0,26.0,aneurysm,11848.0,24.093852763433365,36.5002964909778,0.9095205941931128,0.0
Tr0117.nii.gz,263.0,204.5,157.0,11.0,20.0,13.0,aneurysm,1336.0,10.45263815435637,22.45691269304021,0.9528443113772456,0.0
Tr0118.nii.gz,336.5,261.5,298.0,14.0,12.0,9.0,aneurysm,889.0,9.716176690866218,13.878977434953086,0.9133858267716536,0.0
Tr0119.nii.gz,362.5,262.5,191.0,36.0,44.0,27.0,aneurysm,15817.0,24.05983184642092,52.62655635745202,0.0806094708225327,0.0
Tr0120.nii.gz,331.5,239.0,218.0,12.0,13.0,13.0,aneurysm,569.0,8.373828549773053,17.684816860875003,1.0,0.0
Tr0121.nii.gz,139.0,165.5,215.0,13.0,10.0,13.0,aneurysm,626.0,8.446777151540182,13.826342939563355,0.9984025559105432,0.0
Tr0122.nii.gz,222.0,168.0,223.0,17.0,9.0,7.0,aneurysm,584.0,6.999502685263634,17.100740091398784,0.9811643835616438,0.0
Tr0123.nii.gz,230.5,203.5,121.5,6.0,6.0,4.0,aneurysm,84.0,4.288679654636056,6.9603502705671,0.8571428571428571,0.0
Tr0124.nii.gz,276.0,201.5,109.5,21.0,18.0,18.0,aneurysm,3130.0,15.76813254624998,22.262278513981027,0.993929712460064,0.0
Tr0124.nii.gz,247.0,146.0,158.5,25.0,27.0,16.0,aneurysm,4148.0,16.73415052311841,26.08193445977022,0.1608003857280617,0.0
Tr0125.nii.gz,258.0,175.0,197.5,25.0,19.0,26.0,aneurysm,2727.0,13.39880174846686,25.92063020241512,0.921892189218922,0.0256692335900256
Tr0126.nii.gz,295.0,219.5,181.5,15.0,12.0,12.0,aneurysm,942.0,11.149270114491856,16.94356911112945,0.9883227176220808,0.0
Tr0127.nii.gz,311.5,230.0,161.0,10.0,7.0,7.0,aneurysm,243.0,6.245976790600394,10.966650070569006,0.9547325102880658,0.0
Tr0128.nii.gz,325.5,277.0,113.5,12.0,15.0,8.0,aneurysm,525.0,7.107539147769016,14.723809982762573,0.923809523809524,0.0
Tr0129.nii.gz,264.5,212.5,163.0,6.0,6.0,5.0,aneurysm,108.0,5.138576714874151,7.530407231563554,1.0,0.0
Tr0129.nii.gz,163.0,194.5,171.5,23.0,18.0,20.0,aneurysm,3240.0,16.05214697459689,21.402339305573413,0.9722222222222222,0.0
Tr0130.nii.gz,257.0,193.0,176.0,15.0,11.0,11.0,aneurysm,976.0,11.002968301605527,16.410400130518532,1.0,0.0
Tr0130.nii.gz,154.0,166.0,186.0,11.0,11.0,9.0,aneurysm,452.0,7.68924894433591,11.83100463803582,0.995575221238938,0.0
Tr0131.nii.gz,252.5,277.0,208.0,16.0,17.0,13.0,aneurysm,1209.0,12.474378867679368,17.172003668408937,0.9693961952026467,0.0
Tr0132.nii.gz,234.0,151.5,196.0,21.0,18.0,15.0,aneurysm,2109.0,14.024329679238589,20.092269864275764,0.963963963963964,0.0
Tr0133.nii.gz,277.5,265.5,160.5,16.0,18.0,22.0,aneurysm,2319.0,13.711496984486258,23.765174745234088,0.9702457956015524,0.0047434238896075
Tr0134.nii.gz,187.5,259.0,222.0,18.0,19.0,13.0,aneurysm,1545.0,13.149971248490283,16.380143077798138,0.856957928802589,0.0
Tr0134.nii.gz,301.0,236.0,227.5,13.0,15.0,12.0,aneurysm,948.0,9.978068723910024,18.147079821015627,0.9704641350210972,0.0
Tr0135.nii.gz,235.0,241.5,229.5,25.0,24.0,22.0,aneurysm,3813.0,14.929084318658871,29.241859690043373,0.981117230527144,0.0
Tr0136.nii.gz,252.5,345.0,85.5,20.0,19.0,12.0,aneurysm,1701.0,11.7399971480644,19.217079819750914,0.369782480893592,0.0
Tr0137.nii.gz,373.5,242.5,180.5,26.0,18.0,16.0,aneurysm,2470.0,13.429842387132291,26.573561730248294,0.762753036437247,0.0
Tr0138.nii.gz,276.5,201.5,171.5,10.0,12.0,10.0,aneurysm,630.0,10.116354872704736,11.812730144286828,0.9063492063492063,0.0
Tr0138.nii.gz,230.5,195.5,183.0,10.0,6.0,7.0,aneurysm,152.0,5.053481233712252,10.992071500261744,0.6052631578947368,0.0
Tr0139.nii.gz,262.0,232.0,108.0,11.0,9.0,9.0,aneurysm,418.0,8.18009142793166,10.212524572730944,0.901913875598086,0.0
Tr0140.nii.gz,287.5,243.5,177.0,14.0,10.0,9.0,aneurysm,420.0,6.988051434926976,16.322174328544115,0.9761904761904762,0.0
Tr0141.nii.gz,303.5,220.5,202.5,8.0,6.0,6.0,aneurysm,158.0,5.480682292864732,9.017998324176023,1.0,0.0
Tr0142.nii.gz,360.0,209.0,136.0,13.0,11.0,11.0,aneurysm,696.0,9.568344937872418,13.766625431966157,0.0,0.9841954022988506
Tr0143.nii.gz,231.0,242.0,166.0,15.0,13.0,9.0,aneurysm,692.0,8.552581906039546,14.86303606778604,0.9595375722543352,0.0
Tr0143.nii.gz,273.0,235.0,181.0,15.0,11.0,5.0,aneurysm,418.0,5.779817949303467,16.4413341984799,0.7631578947368421,0.0
Tr0144.nii.gz,333.0,282.5,162.0,37.0,40.0,33.0,aneurysm,18780.0,30.58680285985176,35.71874995151109,0.261874334398296,0.0398296059637912
Tr0145.nii.gz,362.5,234.0,125.0,6.0,9.0,5.0,aneurysm,164.0,5.368908960030857,8.79039407907691,0.9695121951219512,0.0
Tr0146.nii.gz,350.0,244.0,179.0,9.0,15.0,5.0,aneurysm,416.0,5.762489020178314,15.534434555113704,0.9230769230769232,0.0
Tr0146.nii.gz,332.5,269.0,199.5,34.0,23.0,26.0,aneurysm,5399.0,16.656972898422982,36.549966123490506,0.1035376921652157,0.0
Tr0147.nii.gz,227.5,214.0,196.0,12.0,13.0,5.0,aneurysm,336.0,5.2157998906307785,12.9771914698705,0.9851190476190476,0.0029761904761904
Tr0148.nii.gz,281.5,220.5,185.0,28.0,28.0,25.0,aneurysm,5430.0,18.5606953021243,29.62456545419718,0.0239410681399631,0.0
Tr0149.nii.gz,298.0,250.0,161.5,15.0,13.0,10.0,aneurysm,632.0,9.523648116522113,16.124492125479158,0.9889240506329114,0.0
Tr0150.nii.gz,219.0,234.5,133.0,21.0,18.0,21.0,aneurysm,3471.0,16.571702865870268,23.52747785487786,0.9985594929415154,0.0
Tr0151.nii.gz,217.5,180.0,203.0,10.0,11.0,11.0,aneurysm,633.0,9.766396472893044,12.972526097199664,0.9794628751974724,0.0
Tr0152.nii.gz,248.5,183.5,228.5,20.0,18.0,16.0,aneurysm,2154.0,15.362000798134916,18.0940172355962,0.7683379758588672,0.0
Tr0153.nii.gz,220.5,213.0,210.0,28.0,29.0,19.0,aneurysm,5916.0,18.82904944904049,27.687741339766728,0.587052062204192,0.190500338066261
Tr0154.nii.gz,280.5,232.0,146.5,22.0,15.0,12.0,aneurysm,1217.0,11.210320186351876,23.54606626544032,0.8414133114215283,0.0
Tr0154.nii.gz,236.0,235.5,152.0,13.0,12.0,11.0,aneurysm,661.0,9.473242073116095,15.55967854057418,0.9924357034795764,0.0
Tr0154.nii.gz,229.5,233.0,159.0,8.0,7.0,5.0,aneurysm,183.0,5.566118850214682,8.429399718164307,0.9016393442622952,0.0
Tr0155.nii.gz,181.0,170.0,269.0,23.0,21.0,23.0,aneurysm,2946.0,13.618549364477747,28.588236189370345,0.9813306177868296,0.0
Tr0155.nii.gz,238.5,165.0,276.5,18.0,27.0,16.0,aneurysm,2417.0,13.350099503233745,27.141682311135742,0.9880016549441456,0.0
Tr0156.nii.gz,240.0,166.5,181.5,13.0,14.0,14.0,aneurysm,719.0,9.770966573347842,15.130192070304815,0.9944367176634216,0.0041724617524339
Tr0157.nii.gz,232.0,211.0,164.0,17.0,27.0,13.0,aneurysm,2545.0,12.87167702076618,27.91079423465375,0.9222003929273084,0.0
Tr0158.nii.gz,285.0,209.5,153.0,11.0,10.0,13.0,aneurysm,822.0,9.861742389294267,15.8630404170488,0.916058394160584,0.0
Tr0159.nii.gz,297.5,205.0,170.5,12.0,9.0,8.0,aneurysm,330.0,7.147859899198465,12.833883062800105,0.7545454545454545,0.0
Tr0160.nii.gz,319.5,272.5,201.5,16.0,10.0,8.0,aneurysm,393.0,7.200918970177048,17.397298768136537,0.4402035623409669,0.0
Tr0161.nii.gz,182.0,152.0,209.0,21.0,25.0,21.0,aneurysm,4150.0,16.786387047514708,25.686430590811664,0.8995180722891566,0.0
Tr0162.nii.gz,264.5,189.0,157.0,26.0,27.0,25.0,aneurysm,3990.0,19.53584868343931,31.807193930700656,0.9546365914786968,0.0
Tr0163.nii.gz,165.5,248.5,147.0,10.0,8.0,5.0,aneurysm,212.0,5.50421003266023,10.43693160130034,0.9575471698113208,0.0
Tr0163.nii.gz,189.5,225.5,164.5,14.0,12.0,8.0,aneurysm,587.0,7.453266423137354,14.463559014304488,0.969335604770017,0.0
Tr0163.nii.gz,253.5,225.0,177.0,18.0,15.0,5.0,aneurysm,528.0,4.739531651125958,19.50071462929815,0.6515151515151515,0.0
Tr0164.nii.gz,315.5,255.5,188.0,18.0,16.0,11.0,aneurysm,1050.0,10.155777428751252,20.15238201991517,0.6076190476190476,0.0
Tr0165.nii.gz,326.5,299.0,185.0,16.0,13.0,17.0,aneurysm,1520.0,12.18430366778898,19.38107769351444,0.9769736842105264,0.0
Tr0166.nii.gz,269.0,239.0,129.5,25.0,15.0,18.0,aneurysm,1964.0,11.79404542666652,28.930401486972325,0.970468431771894,0.0
Tr0167.nii.gz,165.5,198.5,179.5,22.0,22.0,22.0,aneurysm,4996.0,19.71279458732987,24.17256819694959,0.8801040832666133,0.0
Tr0168.nii.gz,352.0,373.5,203.0,19.0,18.0,11.0,aneurysm,2090.0,12.274396061653002,19.961882995791715,0.6851674641148325,0.1516746411483253
Tr0169.nii.gz,234.0,202.5,150.0,13.0,16.0,9.0,aneurysm,572.0,8.009804200712283,16.247398199419212,0.8741258741258742,0.0472027972027972
Tr0170.nii.gz,245.5,278.5,169.0,8.0,8.0,11.0,aneurysm,327.0,7.0038194287558015,11.992934059998944,0.1498470948012232,0.0
Tr0171.nii.gz,280.0,179.5,155.0,17.0,16.0,17.0,aneurysm,1455.0,11.202911330336658,23.31631406245452,0.5800687285223368,0.0
Tr0171.nii.gz,305.0,199.5,165.0,7.0,6.0,5.0,aneurysm,132.0,5.341251996325475,8.258867701907644,0.6742424242424242,0.0
Tr0172.nii.gz,151.0,218.5,180.5,21.0,16.0,16.0,aneurysm,2261.0,13.22682331811235,22.5016918935616,0.94515701017249,0.0
Tr0173.nii.gz,200.5,197.0,185.0,30.0,29.0,21.0,aneurysm,6156.0,18.1097977203094,32.1014122750015,0.5953541260558805,0.1036387264457439
Tr0174.nii.gz,348.5,224.0,176.5,16.0,15.0,14.0,aneurysm,1042.0,10.183914922874068,16.982253167831928,0.989443378119002,0.0
Tr0175.nii.gz,223.5,237.0,177.0,30.0,39.0,19.0,aneurysm,7412.0,18.51949648192481,40.96900897063331,0.9418510523475444,0.0
Tr0176.nii.gz,252.5,173.0,165.5,10.0,7.0,6.0,aneurysm,217.0,6.509785412972224,9.96212122732368,0.7926267281105991,0.0
Tr0177.nii.gz,260.5,266.5,142.5,22.0,26.0,20.0,aneurysm,3510.0,16.53767389647161,25.12481184433456,0.93988603988604,0.0
Tr0178.nii.gz,157.5,224.5,36.0,22.0,22.0,33.0,aneurysm,6596.0,18.93901921236966,34.274665097294964,0.9754396604002424,0.0151607034566403
Tr0179.nii.gz,300.0,244.5,150.5,7.0,10.0,6.0,aneurysm,232.0,5.619682527806612,11.36869124519969,0.4224137931034483,0.3491379310344827
Tr0180.nii.gz,128.0,152.5,221.5,21.0,18.0,14.0,aneurysm,2221.0,14.174591071302237,19.07633193079651,0.939666816749212,0.0
Tr0181.nii.gz,222.0,206.0,187.5,19.0,21.0,18.0,aneurysm,3435.0,16.391472566354235,23.531966087611785,0.915574963609898,0.0
Tr0182.nii.gz,246.0,257.5,214.0,13.0,12.0,11.0,aneurysm,829.0,10.068923231591985,13.792218828494397,0.9867310012062728,0.0
Tr0183.nii.gz,366.5,241.0,203.0,12.0,9.0,15.0,aneurysm,621.0,7.905285545805503,17.302423043769668,0.9822866344605476,0.0
Tr0184.nii.gz,396.0,240.5,253.5,15.0,14.0,14.0,aneurysm,916.0,10.13774015602949,16.531108368050926,0.9596069868995634,0.0
Tr0185.nii.gz,212.0,307.5,113.5,23.0,28.0,14.0,aneurysm,2025.0,11.815862613911602,27.39214842559357,0.9619753086419752,0.0
Tr0186.nii.gz,255.5,263.0,178.5,12.0,11.0,10.0,aneurysm,501.0,8.238416183761037,13.182815456753074,0.7764471057884231,0.0
Tr0187.nii.gz,366.5,238.5,183.0,12.0,12.0,7.0,aneurysm,384.0,7.178357956275113,11.97117542326138,0.96875,0.0
Tr0188.nii.gz,324.5,246.5,178.5,6.0,6.0,6.0,aneurysm,180.0,6.78387121479517,7.713180463755745,0.9333333333333332,0.0
Tr0189.nii.gz,287.5,271.5,212.5,24.0,18.0,12.0,aneurysm,1789.0,11.390581303630954,21.09514340203748,0.9720514253773056,0.0
Tr0190.nii.gz,266.0,318.0,141.5,21.0,15.0,14.0,aneurysm,1544.0,12.469232348305493,19.901807008552108,0.0,1.0
Tr0191.nii.gz,303.5,248.5,151.5,12.0,18.0,14.0,aneurysm,662.0,8.342075129037786,18.89741536163657,0.9894259818731118,0.0
Tr0192.nii.gz,308.0,268.0,196.0,15.0,13.0,7.0,aneurysm,647.0,7.755759127618277,14.058191872397298,0.8562596599690881,0.0
Tr0192.nii.gz,342.0,272.5,197.5,19.0,20.0,10.0,aneurysm,1400.0,9.755178987241758,20.97792413354044,0.78,0.0
Tr0193.nii.gz,309.0,304.5,150.0,67.0,56.0,49.0,aneurysm,34776.0,30.1761199701664,85.26369335472405,0.0758569128134345,0.2252990568207959
Tr0194.nii.gz,234.5,271.0,234.0,22.0,23.0,13.0,aneurysm,2155.0,12.350820316317693,21.37637489733072,0.9336426914153132,0.0
Tr0195.nii.gz,196.0,232.5,167.0,13.0,12.0,5.0,aneurysm,308.0,5.406914537939684,11.571550188486814,0.935064935064935,0.0
Tr0196.nii.gz,242.5,239.5,181.5,30.0,24.0,26.0,aneurysm,4091.0,14.75532509763179,38.50149703200128,0.984355903202151,0.0
Tr0196.nii.gz,277.0,234.0,197.5,31.0,15.0,16.0,aneurysm,1635.0,10.24967223712642,34.7357227164286,0.946788990825688,0.0
Tr0197.nii.gz,344.5,273.5,134.0,66.0,48.0,63.0,aneurysm,53784.0,35.78212744788175,72.98309544682222,0.055834448906738,0.0606314145470772
Tr0198.nii.gz,297.0,245.0,196.5,31.0,35.0,22.0,aneurysm,5848.0,16.4591862370846,36.26825118021811,0.8767099863201094,0.0
Tr0199.nii.gz,317.5,216.5,193.5,28.0,30.0,26.0,aneurysm,7440.0,20.71720069043769,30.685802318558306,0.8928763440860215,0.0016129032258064
Tr0200.nii.gz,257.0,229.0,185.0,17.0,27.0,13.0,aneurysm,1366.0,10.178438747716417,34.171344692687875,0.7364568081991215,0.2181551976573938
Tr0201.nii.gz,358.0,250.5,156.0,17.0,24.0,15.0,aneurysm,1831.0,13.045826644213651,25.027443550266668,0.9628618241398144,0.0
Tr0202.nii.gz,332.0,254.5,147.5,19.0,18.0,16.0,aneurysm,1481.0,11.49940386615576,24.37540352836721,0.9959486833220796,0.0
Tr0203.nii.gz,270.0,217.5,177.0,15.0,18.0,15.0,aneurysm,1694.0,13.987966485684778,17.022311090312325,0.9037780401416764,0.0
Tr0204.nii.gz,328.0,252.5,136.5,9.0,8.0,8.0,aneurysm,328.0,6.7535974442129785,11.575968924126675,0.3109756097560975,0.4939024390243902
Tr0205.nii.gz,377.5,266.5,156.5,10.0,10.0,6.0,aneurysm,293.0,6.045397998949386,12.217561247565678,1.0,0.0
Tr0206.nii.gz,204.5,227.5,164.5,10.0,8.0,8.0,aneurysm,277.0,7.014522813845464,10.713599162051544,0.9747292418772564,0.0
Tr0207.nii.gz,331.5,283.0,160.0,22.0,19.0,27.0,aneurysm,3170.0,15.738252992431956,25.73981924137045,0.8533123028391167,0.0
Tr0208.nii.gz,284.5,223.5,184.0,18.0,20.0,19.0,aneurysm,2701.0,14.356736127234475,23.949651627864423,0.7589781562384302,0.0
Tr0209.nii.gz,168.0,278.0,224.0,21.0,17.0,23.0,aneurysm,2760.0,14.46492226274274,21.662343332273423,0.9829710144927536,0.0
Tr0210.nii.gz,319.0,249.5,190.5,11.0,8.0,8.0,aneurysm,317.0,7.176917270199133,11.381737694432202,1.0,0.0
Tr0211.nii.gz,320.0,225.5,237.5,11.0,10.0,8.0,aneurysm,317.0,6.8825243048343525,12.050465546976382,0.9589905362776026,0.0
Tr0212.nii.gz,253.5,271.5,157.0,16.0,12.0,15.0,aneurysm,891.0,9.763803435932155,17.99983537227646,0.7317620650953984,0.2334455667789001
Tr0213.nii.gz,358.0,298.5,190.5,21.0,20.0,24.0,aneurysm,4303.0,17.7082532244357,24.592235940671863,0.918429003021148,0.0
Tr0214.nii.gz,232.5,174.5,176.0,6.0,6.0,5.0,aneurysm,120.0,5.391079870242369,7.257428705001182,0.4833333333333333,0.0
Tr0214.nii.gz,230.0,173.0,181.0,1.0,3.0,1.0,aneurysm,3.0,0.0,3.651483716701107,1.0,0.0
Tr0215.nii.gz,375.5,285.0,176.0,12.0,11.0,11.0,aneurysm,568.0,8.030182185501284,14.370873961361328,0.9753521126760564,0.0
Tr0216.nii.gz,318.5,273.5,278.5,28.0,28.0,26.0,aneurysm,8118.0,21.733998398902237,29.995770378209794,0.0,0.0
Tr0217.nii.gz,305.5,227.5,186.0,12.0,12.0,9.0,aneurysm,759.0,9.038135398825837,13.838683509738214,0.9683794466403162,0.0
Tr0218.nii.gz,160.5,176.0,213.0,18.0,13.0,11.0,aneurysm,861.0,8.129127554777765,22.078107248945887,0.951219512195122,0.0
Tr0219.nii.gz,314.5,232.5,196.0,6.0,8.0,7.0,aneurysm,210.0,6.572106507701637,9.087979764433465,0.8809523809523809,0.0
Tr0220.nii.gz,332.5,285.5,135.5,22.0,22.0,22.0,aneurysm,4371.0,17.953507259278734,25.609369323650476,0.991763898421414,0.0
Tr0221.nii.gz,354.0,265.5,185.5,13.0,24.0,12.0,aneurysm,1286.0,10.42174231178023,25.990075397385286,0.8926905132192846,0.0015552099533437
Tr0222.nii.gz,153.5,202.5,226.0,18.0,16.0,23.0,aneurysm,2522.0,14.421308852422213,25.137022226854285,0.7410785091197463,0.0737509912767644
Tr0223.nii.gz,311.0,316.5,245.0,7.0,12.0,7.0,aneurysm,322.0,6.905095138357588,12.301474795819365,0.7857142857142857,0.0
Tr0224.nii.gz,312.5,334.5,71.5,22.0,24.0,22.0,aneurysm,4288.0,17.301575908621725,24.834991917924143,0.8080690298507462,0.0
Tr0225.nii.gz,282.5,237.5,195.0,24.0,24.0,21.0,aneurysm,3664.0,14.898255325169474,28.21289377330136,0.9866266375545852,0.0
Tr0226.nii.gz,313.5,276.0,216.0,22.0,23.0,23.0,aneurysm,5441.0,20.51704442218644,24.877769722833012,0.2431538320161735,0.0
Tr0227.nii.gz,292.0,225.0,174.0,9.0,9.0,7.0,aneurysm,212.0,6.683436345917804,10.047780700897173,0.9952830188679244,0.0
Tr0228.nii.gz,376.5,298.5,339.0,30.0,46.0,33.0,aneurysm,11614.0,21.17925298737378,48.79553247301909,0.1904597899087308,0.0736180471844325
Tr0229.nii.gz,303.5,269.5,177.0,12.0,16.0,15.0,aneurysm,1235.0,11.506854011509985,18.727843281632268,0.8995951417004049,0.020242914979757
Tr0230.nii.gz,269.0,212.0,230.0,17.0,15.0,13.0,aneurysm,1158.0,12.883599266103516,14.168901892805676,0.915371329879102,0.0
Tr0231.nii.gz,264.5,276.5,171.0,18.0,16.0,15.0,aneurysm,1647.0,11.550744265736563,19.64955280683973,0.9532483302975108,0.0
Tr0232.nii.gz,392.0,263.5,167.5,11.0,10.0,14.0,aneurysm,578.0,8.056016831817491,16.841190136691626,0.986159169550173,0.0
Tr0233.nii.gz,288.0,264.5,216.0,23.0,30.0,23.0,aneurysm,3359.0,13.522483730246202,37.31137775571742,0.956236975290265,0.0
Tr0234.nii.gz,509.5,379.0,203.0,14.0,13.0,13.0,aneurysm,1258.0,12.400894737086537,14.89534169126603,0.9292527821939588,0.0
Tr0235.nii.gz,323.0,246.5,172.5,15.0,16.0,14.0,aneurysm,1554.0,13.765449172074147,15.961590287997506,0.3513513513513513,0.0
Tr0236.nii.gz,342.0,246.0,175.0,9.0,9.0,5.0,aneurysm,191.0,5.699594978711047,8.972524233501645,0.9476439790575916,0.0
Tr0237.nii.gz,276.5,235.0,207.0,12.0,13.0,11.0,aneurysm,405.0,6.240327568605263,18.026887791483365,0.9135802469135802,0.0
Tr0238.nii.gz,312.0,195.0,260.0,17.0,15.0,13.0,aneurysm,1508.0,11.545246037894822,17.79754727257521,0.923740053050398,0.0
Tr0239.nii.gz,301.0,234.0,190.0,19.0,25.0,19.0,aneurysm,2472.0,12.679010600631583,30.83545363143666,0.9466019417475728,0.0
Tr0240.nii.gz,253.0,273.5,189.0,13.0,8.0,7.0,aneurysm,232.0,5.442278998243695,12.148178498829378,0.9396551724137931,0.0
Tr0241.nii.gz,310.5,293.0,206.5,12.0,11.0,8.0,aneurysm,551.0,8.512636432171817,13.49151650434483,0.970961887477314,0.0
Tr0242.nii.gz,233.5,277.0,195.0,22.0,27.0,27.0,aneurysm,3768.0,12.793421475325466,37.13965815102346,0.9734607218683652,0.0092887473460721
Tr0243.nii.gz,324.0,264.0,158.5,17.0,11.0,10.0,aneurysm,639.0,8.959183264763649,14.05601895828557,0.9640062597809076,0.0
Tr0244.nii.gz,295.0,174.0,225.5,21.0,39.0,26.0,aneurysm,6455.0,20.72922825475813,33.93420089529876,0.8092951200619675,0.0
Tr0245.nii.gz,313.0,206.0,146.0,11.0,9.0,9.0,aneurysm,522.0,8.912620948328572,11.522514506583072,0.7183908045977011,0.0
Tr0246.nii.gz,298.0,251.0,171.5,9.0,9.0,6.0,aneurysm,222.0,5.824253649864758,11.100072630141543,0.545045045045045,0.0
Tr0247.nii.gz,253.5,293.0,194.0,14.0,13.0,13.0,aneurysm,939.0,10.295227126421196,15.33082964305698,0.8924387646432375,0.0
Tr0248.nii.gz,344.0,236.0,154.0,17.0,13.0,15.0,aneurysm,995.0,10.017716806296372,21.43870013919576,0.9517587939698492,0.0
Tr0249.nii.gz,402.5,273.0,208.0,18.0,17.0,11.0,aneurysm,1213.0,10.822761960329371,18.455338842260343,0.9653751030502884,0.0
Tr0249.nii.gz,266.5,210.0,230.0,22.0,23.0,15.0,aneurysm,2155.0,12.709267996287576,30.08015581393317,0.9703016241299304,0.0
Tr0250.nii.gz,282.5,239.0,215.5,8.0,11.0,6.0,aneurysm,296.0,5.890791991805862,13.39169661678023,0.9493243243243245,0.0
Tr0251.nii.gz,337.5,247.5,142.0,20.0,12.0,11.0,aneurysm,1199.0,9.754653692735848,21.50407419516923,1.0,0.0
Tr0252.nii.gz,343.0,252.5,199.0,15.0,14.0,9.0,aneurysm,775.0,8.629988437135195,15.2643604196682,0.9741935483870968,0.0
Tr0253.nii.gz,408.0,301.5,184.0,11.0,10.0,9.0,aneurysm,605.0,8.490672349696721,12.796901552631452,0.9983471074380166,0.0
Tr0254.nii.gz,259.0,194.0,235.5,17.0,19.0,20.0,aneurysm,2227.0,13.383488489439326,23.037331857006603,0.9474629546475078,0.0
Tr0255.nii.gz,367.5,253.0,198.0,18.0,23.0,13.0,aneurysm,1877.0,11.430055356061088,23.501941781251578,0.9536494405966968,0.0
Tr0256.nii.gz,328.0,231.0,152.0,21.0,25.0,23.0,aneurysm,5724.0,20.43859087883623,24.683041044564856,0.9627882599580712,0.0045422781271837
Tr0257.nii.gz,286.5,260.0,163.0,14.0,15.0,11.0,aneurysm,916.0,10.584258775366584,14.328785157881276,0.0,0.0
Tr0258.nii.gz,320.5,272.5,175.0,12.0,12.0,11.0,aneurysm,734.0,10.140463076735427,13.024314555640144,0.9550408719346049,0.0
Tr0259.nii.gz,255.0,266.0,164.0,29.0,41.0,19.0,aneurysm,7485.0,18.65140806158994,39.77269514775509,0.9521710086840348,0.0001336005344021
Tr0260.nii.gz,296.0,238.0,192.0,27.0,17.0,15.0,aneurysm,1813.0,12.491392761745724,25.29017710658683,0.906784335355764,0.0
Tr0261.nii.gz,330.5,215.5,281.0,16.0,18.0,13.0,aneurysm,1383.0,12.509772012827524,18.486579695377465,0.7953723788864787,0.0
Tr0262.nii.gz,265.0,270.0,184.5,23.0,25.0,18.0,aneurysm,4601.0,18.384215637638786,25.17939626465453,0.8754618561182351,0.0008693762225603
Tr0263.nii.gz,371.5,243.0,205.5,16.0,19.0,12.0,aneurysm,1743.0,12.020455919857492,20.27515582561191,0.8881239242685026,0.0
Tr0264.nii.gz,285.0,249.5,222.0,71.0,66.0,57.0,aneurysm,102651.0,48.31043679149134,81.26214288974302,0.0011592678103476,0.0220455718892168
Tr0265.nii.gz,295.5,290.5,172.0,18.0,18.0,11.0,aneurysm,1323.0,10.70003960668306,18.98987364166423,0.9402872260015116,0.00151171579743
Tr0266.nii.gz,296.5,239.0,198.5,18.0,9.0,10.0,aneurysm,554.0,8.053632474187205,19.0019538123706,0.8537906137184116,0.0
Tr0267.nii.gz,243.0,206.0,151.0,13.0,11.0,13.0,aneurysm,757.0,10.000930063280173,14.919340799377071,0.8877146631439894,0.0
Tr0268.nii.gz,275.5,237.5,217.5,22.0,20.0,18.0,aneurysm,3880.0,17.45903451948275,22.30081558017794,0.8891752577319587,0.0
Tr0269.nii.gz,349.0,234.5,194.5,17.0,12.0,8.0,aneurysm,704.0,9.03078709132192,15.137714283389483,0.9673295454545454,0.0
Tr0270.nii.gz,229.5,199.0,134.0,14.0,15.0,11.0,aneurysm,989.0,8.94387522270399,16.159986369884937,0.9898887765419616,0.0
Tr0270.nii.gz,294.0,205.0,159.0,29.0,21.0,23.0,aneurysm,3739.0,16.87971944284846,30.71434130009077,0.9625568333779084,0.0
Tr0270.nii.gz,164.0,246.0,160.5,13.0,13.0,10.0,aneurysm,563.0,7.820714694264092,13.490123412844548,0.9786856127886324,0.0
Tr0271.nii.gz,340.5,235.0,198.0,10.0,9.0,5.0,aneurysm,184.0,5.13927068662532,9.727707212605392,0.875,0.0
Tr0272.nii.gz,335.5,240.0,150.0,10.0,11.0,7.0,aneurysm,411.0,7.333481046345147,11.848493519508782,0.9951338199513382,0.0
Tr0273.nii.gz,291.5,246.0,185.0,10.0,7.0,7.0,aneurysm,332.0,7.27912858469602,11.87059203377529,0.993975903614458,0.0
Tr0274.nii.gz,423.5,281.0,202.0,36.0,37.0,31.0,aneurysm,18145.0,28.82056693431477,37.009779079527405,0.5295122623312207,0.1385505648939101
Tr0275.nii.gz,276.5,242.5,179.5,16.0,16.0,14.0,aneurysm,1213.0,12.260984290860348,15.828662117084711,0.9620774938169828,0.0
Tr0276.nii.gz,323.5,260.5,136.0,22.0,22.0,15.0,aneurysm,2893.0,14.449650312950109,27.147100042601156,0.988593155893536,0.0010369858278603
Tr0277.nii.gz,325.5,275.0,170.0,14.0,13.0,9.0,aneurysm,834.0,9.661592714044025,16.14295046600222,0.9820143884892086,0.0
Tr0277.nii.gz,318.5,281.0,184.5,12.0,11.0,10.0,aneurysm,480.0,8.01541287847587,14.130726708518395,0.9291666666666668,0.0
Tr0278.nii.gz,320.0,257.0,195.5,9.0,7.0,6.0,aneurysm,137.0,5.124738475633438,10.443560527179953,0.8321167883211679,0.0
Tr0279.nii.gz,281.0,239.0,206.0,15.0,15.0,11.0,aneurysm,1295.0,11.333550834150191,16.215296343349326,0.9884169884169884,0.0
Tr0280.nii.gz,371.5,215.0,150.5,16.0,19.0,12.0,aneurysm,1233.0,11.297846917214924,17.914842995392355,0.9699918896999188,0.0
Tr0281.nii.gz,283.5,249.0,154.0,20.0,17.0,17.0,aneurysm,1823.0,12.39106198253356,19.27447838632461,0.6385079539221065,0.0
Tr0282.nii.gz,332.0,250.5,148.5,15.0,16.0,16.0,aneurysm,1349.0,11.273235449927158,18.11818028325935,0.955522609340252,0.0022238695329873
Tr0283.nii.gz,312.5,264.5,175.0,16.0,12.0,11.0,aneurysm,486.0,6.658098458792047,20.13686059256403,0.4938271604938271,0.4032921810699588
Tr0284.nii.gz,330.0,215.0,148.0,11.0,9.0,7.0,aneurysm,400.0,7.659907225052636,13.096875709872291,0.9925,0.0
Tr0285.nii.gz,282.5,195.0,235.0,16.0,15.0,7.0,aneurysm,638.0,7.636547101338064,19.124484552606063,0.9294670846394985,0.0
Tr0286.nii.gz,481.0,463.5,193.0,17.0,14.0,15.0,aneurysm,1414.0,10.786859799681848,22.929778664782763,0.6287128712871287,0.3387553041018387
Tr0287.nii.gz,347.5,375.5,47.5,12.0,14.0,12.0,aneurysm,1004.0,10.457975425308543,15.54464273084966,0.9332669322709164,0.0597609561752988
Tr0288.nii.gz,229.5,262.0,211.5,18.0,19.0,16.0,aneurysm,2144.0,14.306505764891035,19.44079329111062,0.9519589552238806,0.0
Tr0289.nii.gz,306.5,214.0,164.5,8.0,5.0,6.0,aneurysm,108.0,5.444825747831003,7.258507721155669,1.0,0.0
Tr0290.nii.gz,335.0,261.0,187.0,9.0,9.0,5.0,aneurysm,202.0,5.852644480941944,9.305992224577308,0.9801980198019802,0.0
Tr0291.nii.gz,336.0,277.0,189.0,9.0,7.0,5.0,aneurysm,195.0,5.168545042624813,10.057180051350748,0.9846153846153848,0.0
Tr0292.nii.gz,255.5,218.5,168.5,6.0,6.0,6.0,aneurysm,83.0,5.283505811111561,6.589330425994469,0.8674698795180723,0.0
Tr0293.nii.gz,349.0,272.0,196.5,27.0,31.0,28.0,aneurysm,6734.0,21.1095480272278,28.73124595714041,0.9413424413424414,0.0
Tr0294.nii.gz,288.0,222.5,187.5,9.0,8.0,8.0,aneurysm,232.0,7.139175551011212,9.58332820295672,0.9741379310344828,0.0
Tr0295.nii.gz,293.5,260.0,182.5,30.0,27.0,26.0,aneurysm,9211.0,24.15021446271296,29.361999418372548,0.549234610791445,0.0
Tr0296.nii.gz,194.5,248.5,191.5,20.0,18.0,12.0,aneurysm,1362.0,10.829245569508153,19.6446125318397,0.9441997063142438,0.0
Tr0297.nii.gz,320.5,272.0,183.5,16.0,15.0,10.0,aneurysm,835.0,9.249016506284024,16.329045839124976,0.8203592814371258,0.1676646706586826
Tr0298.nii.gz,279.0,241.5,172.5,7.0,6.0,4.0,aneurysm,84.0,4.115684218191374,7.107495349732617,0.7738095238095238,0.0
Tr0299.nii.gz,242.0,254.5,192.5,11.0,10.0,10.0,aneurysm,457.0,7.93532548168588,13.318095071383553,0.4595185995623632,0.2910284463894967
Tr0300.nii.gz,290.5,265.5,132.0,16.0,16.0,13.0,aneurysm,1183.0,9.127516783335446,20.906086116345357,0.992392223161454,0.0
Tr0301.nii.gz,331.5,255.5,209.5,42.0,42.0,44.0,aneurysm,33875.0,37.027164193926914,44.80434003689128,0.0248560885608856,0.0015940959409594
Tr0302.nii.gz,311.5,265.5,194.0,14.0,18.0,23.0,aneurysm,1857.0,11.040903123806924,25.291464405038152,0.7619816908992999,0.1120086160473882
Tr0303.nii.gz,266.0,222.5,175.0,19.0,22.0,19.0,aneurysm,2441.0,14.1483878813564,25.959725820257503,0.9676362146661204,0.0163867267513314
Tr0304.nii.gz,246.0,297.5,182.0,13.0,10.0,7.0,aneurysm,367.0,6.084681596544953,14.762859785322767,0.0899182561307901,0.8528610354223434
Tr0305.nii.gz,347.0,281.5,208.0,5.0,8.0,7.0,aneurysm,196.0,5.632754816081924,9.132517762637626,0.9948979591836736,0.0
Tr0306.nii.gz,190.5,235.5,204.5,10.0,12.0,10.0,aneurysm,467.0,8.392257375327635,12.354683194346933,0.8907922912205567,0.0
Tr0306.nii.gz,199.0,244.5,205.0,11.0,12.0,9.0,aneurysm,422.0,7.4423571639555455,13.16618709018664,0.8151658767772512,0.0
Tr0307.nii.gz,274.5,240.0,180.0,16.0,13.0,19.0,aneurysm,1767.0,12.33699785782496,21.352753391247955,0.9773627617430674,0.0
Tr0308.nii.gz,294.5,209.5,179.5,16.0,12.0,10.0,aneurysm,939.0,10.790346407254225,15.032797897059533,0.9989350372736954,0.0
Tr0309.nii.gz,290.5,273.5,200.5,14.0,14.0,12.0,aneurysm,1262.0,12.095177918759012,14.737386549994756,0.9572107765451664,0.0
Tr0310.nii.gz,229.0,269.0,148.5,13.0,9.0,10.0,aneurysm,423.0,7.930713517999034,12.53686081367342,0.9550827423167848,0.0
Tr0311.nii.gz,341.0,253.5,154.0,9.0,8.0,5.0,aneurysm,154.0,4.77980700483624,10.793288450504813,1.0,0.0
Tr0312.nii.gz,385.5,304.5,0.0,2.0,2.0,1.0,aneurysm,4.0,0.0,2.23606797749979,1.0,0.0
Tr0312.nii.gz,379.5,307.0,0.0,2.0,5.0,1.0,aneurysm,10.0,0.0,6.324555320336759,0.7,0.0
Tr0313.nii.gz,299.5,292.5,193.0,10.0,10.0,9.0,aneurysm,293.0,6.990265430478502,12.91413381161357,0.6177474402730375,0.0
Tr0314.nii.gz,439.0,262.0,204.5,19.0,13.0,10.0,aneurysm,819.0,7.722455040964323,19.22612082554057,0.9816849816849816,0.0
Tr0315.nii.gz,332.5,311.5,81.0,14.0,34.0,11.0,aneurysm,1781.0,10.245048059499435,37.657440915394005,0.9460976979225154,0.0
Tr0316.nii.gz,333.5,238.0,163.0,24.0,27.0,21.0,aneurysm,5650.0,19.60373520760765,30.77846579274094,0.9208849557522124,0.0164601769911504
Tr0317.nii.gz,389.5,256.5,194.0,16.0,18.0,11.0,aneurysm,1363.0,11.299540973873675,17.98821980208394,0.7784299339691856,0.0
Tr0317.nii.gz,311.5,269.5,195.5,18.0,20.0,12.0,aneurysm,1417.0,11.973028762809104,18.91606983868681,0.6273817925194072,0.0
Tr0318.nii.gz,368.0,261.5,156.5,21.0,20.0,16.0,aneurysm,1671.0,10.802620213789142,27.06577619276297,0.9826451226810292,0.0035906642728904
Tr0319.nii.gz,444.0,438.5,140.0,13.0,10.0,9.0,aneurysm,568.0,9.068788175247796,14.022184083771696,0.7024647887323944,0.0
Tr0320.nii.gz,340.0,362.0,88.0,115.0,63.0,41.0,aneurysm,82664.0,41.18959697810304,110.34654348440785,0.0,0.0
Tr0320.nii.gz,384.0,350.0,79.0,3.0,1.0,1.0,aneurysm,3.0,0.0,3.651483716701107,0.0,0.6666666666666666
Tr0320.nii.gz,382.0,359.0,99.0,1.0,1.0,1.0,aneurysm,1.0,0.0,0.0,0.0,0.0
Tr0320.nii.gz,389.5,370.5,102.0,2.0,2.0,1.0,aneurysm,4.0,0.0,2.23606797749979,0.0,0.0
Tr0321.nii.gz,235.0,267.5,200.5,13.0,12.0,14.0,aneurysm,911.0,10.182424527430635,16.133300323765543,0.8968166849615807,0.0
Tr0321.nii.gz,298.0,261.5,212.0,9.0,8.0,11.0,aneurysm,348.0,7.501044232301619,13.274314790770692,0.7988505747126436,0.0
Tr0322.nii.gz,317.5,244.0,177.5,24.0,19.0,34.0,aneurysm,4072.0,15.065798292661796,37.018144933263606,0.93811394891945,0.0
Tr0323.nii.gz,343.5,275.0,175.5,18.0,21.0,22.0,aneurysm,2117.0,12.390455946140532,28.66116635772596,0.9192253188474256,0.028814359943316
Tr0324.nii.gz,242.0,280.0,211.5,35.0,35.0,40.0,aneurysm,18982.0,29.833518185683065,42.38864254371017,0.8933726688441681,0.0
Tr0325.nii.gz,262.5,197.5,186.5,18.0,16.0,14.0,aneurysm,1768.0,12.344287301707284,18.70142678179577,0.9615384615384616,0.0
Tr0325.nii.gz,227.0,187.5,208.0,69.0,58.0,53.0,aneurysm,96064.0,47.71274507327757,71.00376856737263,0.0316351598934043,0.0670802798134577
Tr0326.nii.gz,412.5,426.5,30.5,2.0,18.0,12.0,aneurysm,280.0,2.236067977499786,22.281400481468417,0.0,0.0
Tr0326.nii.gz,300.0,235.0,226.0,7.0,9.0,7.0,aneurysm,211.0,6.99626221660881,9.838108702981756,0.971563981042654,0.0
Tr0327.nii.gz,369.0,235.5,218.0,17.0,20.0,17.0,aneurysm,2341.0,13.69560034386695,22.26432277796984,0.9513028620247758,0.0
Tr0328.nii.gz,362.5,220.5,162.0,18.0,16.0,17.0,aneurysm,1671.0,12.38306541817798,21.50760674825506,0.0,0.9838420107719928
Tr0329.nii.gz,300.0,254.5,178.0,13.0,16.0,11.0,aneurysm,835.0,10.313895423935277,14.988745704672889,0.994011976047904,0.0
Tr0330.nii.gz,278.0,259.0,221.0,9.0,7.0,7.0,aneurysm,244.0,6.570732730155783,10.605956204312054,1.0,0.0
Tr0331.nii.gz,318.0,264.0,170.0,13.0,11.0,7.0,aneurysm,389.0,6.591315610937133,13.804909784846446,0.9562982005141388,0.0
Tr0332.nii.gz,340.0,245.0,180.5,15.0,11.0,12.0,aneurysm,1090.0,9.770392898517787,17.062268132467153,0.7697247706422018,0.0
Tr0333.nii.gz,253.0,284.0,178.5,25.0,21.0,22.0,aneurysm,4997.0,19.82136943076521,25.417089536122443,0.9289573744246548,0.0034020412247348
Tr0334.nii.gz,267.5,244.0,225.5,8.0,7.0,6.0,aneurysm,169.0,6.062677349184735,7.867663396906529,0.9171597633136096,0.0
Tr0335.nii.gz,373.5,269.5,194.5,16.0,14.0,16.0,aneurysm,1183.0,10.922768532095295,18.662929274793875,0.9213863060016906,0.0
Tr0336.nii.gz,275.5,222.0,179.0,12.0,11.0,15.0,aneurysm,733.0,9.257106744718175,17.882793705491974,0.8581173260572987,0.0
Tr0337.nii.gz,297.5,245.5,184.5,10.0,12.0,8.0,aneurysm,333.0,6.121710501700568,13.78435187908263,0.5675675675675675,0.0
Tr0338.nii.gz,287.0,256.5,189.0,9.0,12.0,5.0,aneurysm,306.0,6.03468593709673,11.740444592293176,0.6633986928104575,0.0
Tr0339.nii.gz,349.0,263.0,201.0,9.0,11.0,11.0,aneurysm,669.0,9.312593489662929,12.54228355568487,0.9701046337817638,0.0104633781763826
Tr0340.nii.gz,300.5,132.0,180.5,32.0,31.0,32.0,aneurysm,12072.0,24.6505410544877,35.41310129580432,0.4034128561961564,0.0
Tr0340.nii.gz,138.0,145.0,199.0,33.0,31.0,31.0,aneurysm,9310.0,21.63908410396297,39.18382243029063,0.8940923737916219,0.0
Tr0341.nii.gz,282.5,264.5,202.0,12.0,8.0,7.0,aneurysm,289.0,6.61383736586001,12.448840367175858,0.8858131487889274,0.0
Tr0342.nii.gz,245.5,188.5,182.0,14.0,14.0,11.0,aneurysm,1006.0,10.375317889255909,14.845872486173306,0.956262425447316,0.0
Tr0343.nii.gz,185.5,283.5,208.5,18.0,14.0,14.0,aneurysm,1445.0,11.960492994722204,20.139688721444603,0.9397923875432526,0.0
Tr0344.nii.gz,446.0,234.5,200.5,37.0,26.0,28.0,aneurysm,12397.0,25.236057546712484,37.28576385726011,0.0742115027829313,0.0016939582156973
Tr0345.nii.gz,316.0,246.5,165.0,23.0,26.0,17.0,aneurysm,2108.0,10.563893749008448,32.22107660396809,0.9838709677419356,0.0023719165085388
Tr0346.nii.gz,311.5,266.0,201.0,6.0,7.0,5.0,aneurysm,147.0,5.177240505645424,9.224547425005657,0.9931972789115646,0.0
Tr0346.nii.gz,458.5,279.5,235.0,12.0,10.0,11.0,aneurysm,557.0,9.688699075297032,12.05540078002242,0.9245960502692998,0.0
Tr0347.nii.gz,232.5,243.0,187.0,8.0,7.0,9.0,aneurysm,280.0,6.295727326490379,11.77582311081471,0.9678571428571427,0.0
Tr0348.nii.gz,314.0,225.5,164.0,17.0,26.0,11.0,aneurysm,1334.0,8.840669452633907,25.87124860988223,0.9685157421289357,0.0
Tr0349.nii.gz,325.5,252.0,177.0,8.0,11.0,7.0,aneurysm,413.0,7.3574395292110495,11.855276659254994,0.9927360774818402,0.0
Tr0350.nii.gz,250.0,186.5,143.5,25.0,20.0,20.0,aneurysm,4252.0,16.915332537356484,26.45592095576686,0.4875352775164628,0.1175917215428033
Tr0351.nii.gz,304.5,185.0,239.5,14.0,15.0,12.0,aneurysm,1080.0,11.124434174814755,15.510634696871971,0.987037037037037,0.0
Tr0351.nii.gz,288.5,274.5,307.5,16.0,12.0,12.0,aneurysm,704.0,9.576034493347768,16.188794106633694,0.9829545454545454,0.0
Tr0352.nii.gz,333.5,254.5,175.5,14.0,16.0,12.0,aneurysm,1049.0,10.085701608728805,18.00231481308425,0.9780743565300286,0.0
Tr0353.nii.gz,330.5,248.0,192.5,16.0,17.0,12.0,aneurysm,1121.0,9.698875673726729,19.82657973451053,0.9304192685102588,0.0
Tr0354.nii.gz,238.0,269.5,214.5,11.0,10.0,14.0,aneurysm,696.0,9.42881829647869,15.120026327965794,0.9827586206896552,0.0
Tr0355.nii.gz,253.0,277.5,177.0,21.0,28.0,23.0,aneurysm,2349.0,11.206658115705348,31.78649168355798,0.9863771817794806,0.0
Tr0356.nii.gz,374.5,264.5,71.0,32.0,28.0,67.0,aneurysm,29556.0,26.83525297964136,70.59482240804566,0.6793206117201245,0.1348964677222899
Tr0357.nii.gz,364.5,272.0,232.0,30.0,39.0,31.0,aneurysm,13541.0,25.280337725748268,35.72665155810546,0.6871722915589691,0.0
Tr0358.nii.gz,283.0,237.5,161.0,21.0,26.0,23.0,aneurysm,5189.0,18.679774591090023,25.85349570479746,0.9306224706109076,0.0125264983619194
Tr0359.nii.gz,355.0,203.5,214.5,15.0,14.0,12.0,aneurysm,962.0,10.557459997172908,15.533734385093124,0.9916839916839916,0.0
Tr0360.nii.gz,268.5,198.0,138.0,26.0,19.0,15.0,aneurysm,2740.0,14.259351692414944,25.5227177436957,0.9335766423357664,0.0
Tr0361.nii.gz,397.0,441.5,162.5,19.0,14.0,10.0,aneurysm,1052.0,9.93589937298558,18.5949609195852,0.9458174904942964,0.0
Tr0362.nii.gz,386.5,238.0,142.5,12.0,11.0,14.0,aneurysm,799.0,9.74270457432759,15.310872199166464,0.9461827284105132,0.0
Tr0363.nii.gz,348.0,249.5,204.0,9.0,16.0,7.0,aneurysm,370.0,7.094455455519591,14.446487397550138,0.4945945945945946,0.0
Tr0364.nii.gz,283.5,191.5,202.0,30.0,30.0,29.0,aneurysm,9413.0,24.806396704342472,30.822491229771515,0.7175183257197493,0.0072240518431955
Tr0365.nii.gz,338.0,305.0,151.5,33.0,33.0,30.0,aneurysm,12753.0,23.051816149762114,36.93278717710093,0.69897279071591,7.84129224496197e-05
Tr0366.nii.gz,238.5,256.5,185.0,10.0,8.0,7.0,aneurysm,272.0,7.117165506441021,10.752883687004084,0.9264705882352942,0.0
Tr0367.nii.gz,341.5,313.0,11.5,14.0,17.0,24.0,aneurysm,3513.0,14.042672710205382,26.44498653364485,0.036151437517791,0.0
Tr0368.nii.gz,445.5,256.5,166.5,10.0,12.0,8.0,aneurysm,425.0,7.617140479108404,12.063409581162247,0.2164705882352941,0.0
Tr0369.nii.gz,383.5,261.5,176.5,20.0,12.0,10.0,aneurysm,944.0,9.233659188829714,22.42665303393458,0.7944915254237288,0.0
Tr0370.nii.gz,176.0,193.0,130.5,11.0,11.0,12.0,aneurysm,524.0,7.391045698436423,15.517810123373998,0.6679389312977099,0.0
Tr0371.nii.gz,484.0,396.5,171.5,11.0,10.0,12.0,aneurysm,828.0,11.003466796828745,13.981763648598212,0.967391304347826,0.0
Tr0372.nii.gz,269.0,248.5,141.0,39.0,28.0,21.0,aneurysm,5743.0,15.478819992005922,45.46515433291167,0.9660456207557024,0.0045272505659063
Tr0373.nii.gz,307.5,234.5,198.5,14.0,12.0,14.0,aneurysm,1079.0,11.771851559788542,15.137870480337892,0.9907321594068582,0.0
Tr0374.nii.gz,375.5,306.0,188.0,12.0,11.0,7.0,aneurysm,456.0,8.050939786537857,12.168639112245383,0.9473684210526316,0.0
Tr0375.nii.gz,218.5,203.5,170.0,12.0,8.0,9.0,aneurysm,404.0,7.269688730605919,11.84058028597999,0.9257425742574258,0.0
Tr0376.nii.gz,297.0,255.5,160.0,7.0,6.0,7.0,aneurysm,193.0,5.989698562614407,8.060614598700255,0.8290155440414507,0.0
Tr0377.nii.gz,348.5,236.0,190.5,14.0,15.0,12.0,aneurysm,1106.0,11.82937138494636,14.610303490869049,0.9593128390596743,0.0
Tr0378.nii.gz,330.0,252.5,163.5,19.0,18.0,14.0,aneurysm,1606.0,11.09242030054039,20.45855848353221,0.8897882938978829,0.1008717310087173
Tr0379.nii.gz,194.5,258.0,206.5,14.0,13.0,12.0,aneurysm,929.0,9.525780545738986,16.61936886733615,1.0,0.0
Tr0380.nii.gz,303.0,211.5,206.0,19.0,22.0,31.0,aneurysm,4175.0,15.088465514009844,30.28223153542658,0.961437125748503,0.0
Tr0381.nii.gz,334.5,250.0,169.5,32.0,45.0,28.0,aneurysm,13294.0,26.63146409980661,37.452423760919416,0.0105310666466074,0.0
Tr0382.nii.gz,370.0,229.0,161.5,35.0,21.0,20.0,aneurysm,4813.0,15.614308328352752,38.71762260108671,0.914190733430293,0.0
Tr0383.nii.gz,224.5,227.0,228.0,18.0,17.0,15.0,aneurysm,1407.0,11.335636470242028,18.632616914312663,0.7405828002842928,0.0
Tr0384.nii.gz,233.5,228.0,134.5,54.0,57.0,70.0,aneurysm,74718.0,41.01929746516884,80.25486458707695,0.0256966192885248,0.1985063840038544
Tr0385.nii.gz,356.5,287.5,175.0,10.0,12.0,9.0,aneurysm,415.0,8.13685097671639,11.00902702363301,0.9566265060240964,0.0
Tr0386.nii.gz,513.5,317.0,211.0,28.0,27.0,23.0,aneurysm,7474.0,21.343074681669336,29.83204679757032,0.8102756221568103,0.0753278030505753
Tr0387.nii.gz,406.0,262.0,171.0,27.0,19.0,11.0,aneurysm,1256.0,8.896905218901548,27.603431807491425,0.9530254777070064,0.0
Tr0388.nii.gz,327.0,230.5,190.5,15.0,12.0,8.0,aneurysm,673.0,8.44939905566798,16.400387200794242,0.9271916790490342,0.0
Tr0389.nii.gz,243.0,213.5,184.5,21.0,12.0,16.0,aneurysm,1065.0,10.874681437072486,21.096745683678293,0.9812206572769951,0.0
Tr0390.nii.gz,317.5,181.5,239.5,14.0,12.0,14.0,aneurysm,768.0,9.246832140190914,16.686464298006292,0.9817708333333334,0.0
Tr0391.nii.gz,295.5,275.5,160.0,42.0,48.0,39.0,aneurysm,20975.0,28.156422255859887,52.63985787223194,0.6332777115613826,0.2577830750893921
Tr0392.nii.gz,368.0,249.5,170.0,17.0,14.0,15.0,aneurysm,1395.0,13.062646634555325,16.929672567096127,0.989247311827957,0.0
Tr0393.nii.gz,307.5,308.5,194.0,18.0,14.0,13.0,aneurysm,1038.0,10.61672337249084,16.42429551618426,0.9894026974951832,0.0
Tr0394.nii.gz,240.5,231.0,220.0,20.0,19.0,23.0,aneurysm,2091.0,11.973062642178151,27.30435354358226,0.9521759923481588,0.0
Tr0395.nii.gz,269.5,306.0,163.5,18.0,25.0,18.0,aneurysm,2418.0,13.009480177116073,28.873798029532807,0.911910669975186,0.0260545905707196
Tr0396.nii.gz,276.0,272.5,180.0,11.0,10.0,11.0,aneurysm,432.0,7.451695237422082,13.932543884607576,0.9328703703703703,0.0
Tr0397.nii.gz,291.0,214.0,197.5,9.0,9.0,8.0,aneurysm,258.0,6.052308714358527,10.713785630370866,0.9418604651162792,0.0
Tr0398.nii.gz,357.5,263.5,186.0,34.0,24.0,17.0,aneurysm,3478.0,13.43245805744235,35.01425259804035,0.9769982748706152,0.0155261644623346
Tr0399.nii.gz,292.0,243.0,214.0,11.0,9.0,9.0,aneurysm,370.0,7.904244363662898,12.275474172906616,0.991891891891892,0.0
Tr0399.nii.gz,368.5,246.5,223.0,16.0,12.0,9.0,aneurysm,796.0,9.751050626384382,15.802675576259189,0.9974874371859296,0.0
Tr0400.nii.gz,187.0,202.5,168.5,25.0,20.0,16.0,aneurysm,3475.0,15.48600363722382,24.003214445974745,0.9864748201438848,0.0
Tr0401.nii.gz,329.5,242.5,180.0,18.0,28.0,17.0,aneurysm,3000.0,14.187144243962654,27.407274517940085,0.8163333333333334,0.0
Tr0402.nii.gz,285.0,255.5,192.5,23.0,18.0,14.0,aneurysm,2344.0,13.429125679546276,23.48389695653357,0.9620307167235496,0.0
Tr0403.nii.gz,269.5,241.5,228.5,24.0,24.0,26.0,aneurysm,3364.0,16.308671835377133,29.146087086924947,0.901307966706302,0.0
Tr0404.nii.gz,314.0,264.5,206.0,21.0,24.0,21.0,aneurysm,2711.0,13.12269293499416,25.831565831840653,0.9959424566580598,0.0
Tr0405.nii.gz,314.5,266.0,183.0,10.0,9.0,5.0,aneurysm,288.0,5.865796310125235,11.272865070127777,0.7152777777777778,0.0
Tr0406.nii.gz,243.5,241.5,183.5,16.0,12.0,16.0,aneurysm,1224.0,10.9979566993825,21.280865817981653,0.9803921568627452,0.0
Tr0407.nii.gz,310.5,233.5,178.5,4.0,6.0,4.0,aneurysm,61.0,3.496506465861606,7.271655684568378,0.5245901639344263,0.0
Tr0407.nii.gz,257.5,225.0,181.0,8.0,7.0,5.0,aneurysm,104.0,4.823626504147933,7.616150624070671,0.5288461538461539,0.2980769230769231
Tr0408.nii.gz,156.0,207.5,195.5,29.0,26.0,52.0,aneurysm,6721.0,16.102608497753888,64.66543534787581,0.9750037196845708,0.0
Tr0409.nii.gz,231.5,175.5,223.5,14.0,12.0,10.0,aneurysm,740.0,9.47288851423399,14.821520123133045,0.9716216216216216,0.0
Tr0410.nii.gz,220.5,180.5,184.5,22.0,20.0,22.0,aneurysm,3400.0,16.757701562023183,24.022555098780927,0.986470588235294,0.0
Tr0411.nii.gz,329.0,244.0,184.5,13.0,17.0,14.0,aneurysm,1256.0,10.702640719433978,18.34912901549084,0.9625796178343948,0.0
Tr0412.nii.gz,266.5,240.5,207.5,10.0,14.0,10.0,aneurysm,679.0,9.80646991474446,14.332014541417744,0.9322533136966128,0.0
Tr0413.nii.gz,351.5,340.5,63.0,14.0,14.0,17.0,aneurysm,1565.0,12.365498295988113,19.558491339324146,0.984664536741214,0.0
Tr0414.nii.gz,283.0,252.0,215.5,39.0,43.0,36.0,aneurysm,22808.0,30.5325567086527,42.176555460650185,0.0379252893721501,0.000394598386531
Tr0415.nii.gz,384.0,262.0,199.0,9.0,19.0,11.0,aneurysm,986.0,9.48844398071454,20.59730879984633,0.8803245436105477,0.0081135902636916
Tr0416.nii.gz,263.5,233.5,175.0,8.0,10.0,7.0,aneurysm,185.0,5.027825749926086,13.05922373734352,0.7189189189189189,0.0
Tr0417.nii.gz,434.5,243.0,193.5,26.0,27.0,24.0,aneurysm,6787.0,21.33051994705976,27.24358060328651,0.3161927213791071,0.0
Tr0418.nii.gz,263.5,260.5,199.5,10.0,8.0,6.0,aneurysm,182.0,5.444625771983349,13.170986592525312,0.8351648351648352,0.0
Tr0419.nii.gz,264.5,243.0,207.0,12.0,13.0,9.0,aneurysm,312.0,6.952410855134433,13.236273412039688,0.5737179487179487,0.0
Tr0420.nii.gz,362.0,296.5,186.0,15.0,12.0,11.0,aneurysm,894.0,11.669414828202424,15.64078900029992,0.977628635346756,0.0
Tr0421.nii.gz,309.0,331.0,111.5,13.0,15.0,18.0,aneurysm,940.0,10.788572439409103,18.329812900407937,0.6085106382978723,0.0
Tr0422.nii.gz,317.5,276.0,199.0,14.0,15.0,9.0,aneurysm,600.0,8.893089074089685,16.033726836509945,0.9866666666666668,0.0
Tr0423.nii.gz,295.5,262.0,187.0,44.0,47.0,45.0,aneurysm,33682.0,37.3278368979135,46.431916515980944,0.0062050947093403,0.0559349207291728
Tr0424.nii.gz,295.5,287.0,184.0,16.0,25.0,19.0,aneurysm,2317.0,11.350058593447432,31.285312996046866,0.9309451877427708,0.0138109624514458
Tr0426.nii.gz,209.0,210.0,157.5,15.0,13.0,14.0,aneurysm,1529.0,12.917367350396995,16.20546909182668,0.7776324395029431,0.0
Tr0427.nii.gz,329.0,231.5,224.5,13.0,14.0,10.0,aneurysm,552.0,8.168890127104257,14.649572035018211,0.9692028985507246,0.0
Tr0428.nii.gz,331.5,359.5,162.5,58.0,32.0,36.0,aneurysm,20383.0,25.83195780504511,62.590191343091846,0.784526320953736,0.0
Tr0429.nii.gz,346.5,224.0,199.5,40.0,65.0,36.0,aneurysm,39324.0,34.625358481938115,61.757400980345984,0.1210456718543383,0.2399298138541348
Tr0429.nii.gz,313.0,257.5,225.0,19.0,22.0,25.0,aneurysm,3439.0,15.345549061690262,27.579727903279863,0.945623727827857,0.0
Tr0430.nii.gz,248.5,203.0,161.5,14.0,13.0,12.0,aneurysm,532.0,7.582803548130738,19.216771514525213,1.0,0.0
Tr0431.nii.gz,322.5,277.0,195.0,12.0,11.0,13.0,aneurysm,813.0,10.600916542261174,12.891774230234992,0.98769987699877,0.0
Tr0432.nii.gz,390.0,280.0,165.5,9.0,13.0,10.0,aneurysm,522.0,8.273111729615954,13.936547458340938,0.921455938697318,0.0
Tr0432.nii.gz,461.5,280.5,180.0,12.0,12.0,9.0,aneurysm,724.0,8.787514213832445,13.72196238586687,0.951657458563536,0.0
Tr0432.nii.gz,368.5,267.0,201.0,14.0,19.0,15.0,aneurysm,1668.0,13.02754688379338,20.378764050456216,0.9436450839328536,0.0
Tr0433.nii.gz,298.5,251.0,206.0,16.0,15.0,7.0,aneurysm,702.0,7.466215299598544,15.57140216182513,0.8532763532763533,0.0
Tr0433.nii.gz,313.5,256.0,211.0,14.0,13.0,11.0,aneurysm,983.0,11.06699243953681,14.314503439665032,0.8646998982706002,0.0
Tr0434.nii.gz,265.5,279.0,75.0,42.0,41.0,37.0,aneurysm,14631.0,22.25803921349212,53.70274644528975,0.7316656414462442,0.1201558335042034
Tr0435.nii.gz,246.0,262.5,197.5,19.0,24.0,16.0,aneurysm,2699.0,14.120140459892694,25.848151823864253,0.87402741756206,0.0426083734716561
Tr0436.nii.gz,301.5,296.5,181.0,54.0,38.0,45.0,aneurysm,44340.0,35.239058773104375,59.57652004409847,0.0023455119530897,0.0149751917004961
Tr0437.nii.gz,205.5,257.5,206.0,18.0,18.0,21.0,aneurysm,2686.0,15.468963013992807,21.64741323626802,0.939687267311988,0.0
Tr0438.nii.gz,294.5,221.5,193.5,42.0,44.0,42.0,aneurysm,33107.0,33.206286267010526,46.0771106716555,0.0305373485969734,0.4118766424019089
Tr0439.nii.gz,321.5,251.0,235.0,26.0,35.0,31.0,aneurysm,9914.0,21.077134433943822,39.374907926852025,0.8786564454307041,0.0
Tr0440.nii.gz,296.0,273.0,214.0,15.0,9.0,13.0,aneurysm,775.0,8.726185818629235,14.855036877501544,0.983225806451613,0.0
Tr0441.nii.gz,211.0,179.5,227.5,17.0,20.0,16.0,aneurysm,2007.0,13.196668286714194,21.01118844755792,0.9028400597907325,0.0
Tr0442.nii.gz,275.5,245.0,162.0,24.0,23.0,21.0,aneurysm,5229.0,18.429133178113293,25.90109280388562,0.9072480397781604,0.0170204628035953
Tr0443.nii.gz,321.0,267.5,189.5,11.0,12.0,6.0,aneurysm,355.0,6.081223808847684,11.792705914190602,0.8873239436619719,0.0
Tr0444.nii.gz,315.0,280.5,185.0,11.0,8.0,7.0,aneurysm,170.0,5.785509619778294,10.870644127758634,0.7411764705882353,0.0
Tr0445.nii.gz,382.0,230.0,178.0,19.0,17.0,13.0,aneurysm,1745.0,11.707175558257983,19.663784460178423,0.7799426934097421,0.0
Tr0446.nii.gz,316.5,297.5,180.0,10.0,14.0,11.0,aneurysm,524.0,8.186553756841402,15.45795206247629,0.8759541984732825,0.0
Tr0447.nii.gz,270.0,206.5,180.0,29.0,22.0,21.0,aneurysm,3552.0,13.972060893968967,32.59735591428748,0.5805180180180181,0.0
Tr0447.nii.gz,245.5,140.0,235.5,20.0,15.0,14.0,aneurysm,1626.0,12.96730259891378,18.59019129454623,0.1420664206642066,0.0
Tr0448.nii.gz,334.0,281.0,216.5,11.0,9.0,10.0,aneurysm,481.0,8.14742617933894,12.402408565942196,0.9334719334719336,0.0
Tr0449.nii.gz,242.5,271.5,193.5,6.0,8.0,10.0,aneurysm,281.0,7.114699242011239,10.390750479353088,0.8647686832740213,0.0
Tr0450.nii.gz,257.5,213.5,176.0,6.0,6.0,7.0,aneurysm,146.0,5.661102090858488,8.53551227338836,0.8356164383561644,0.0
Tr0451.nii.gz,280.0,227.5,191.5,21.0,24.0,26.0,aneurysm,6474.0,20.418749441520458,28.536867994934227,0.6526104417670683,0.0
Tr0452.nii.gz,257.0,265.0,225.0,11.0,7.0,11.0,aneurysm,331.0,6.154014328594116,13.795645697205238,0.7522658610271903,0.0
Tr0453.nii.gz,341.0,304.5,289.5,15.0,28.0,18.0,aneurysm,2634.0,12.946499350786064,25.627393916596017,0.3663629460895976,0.0
Tr0454.nii.gz,280.5,281.0,202.0,14.0,15.0,11.0,aneurysm,1011.0,9.890323188822212,16.26314024394875,0.8506429277942631,0.0
Tr0455.nii.gz,269.0,206.5,156.5,9.0,14.0,14.0,aneurysm,530.0,7.807017953302447,14.261092632104118,0.9415094339622642,0.0
Tr0456.nii.gz,271.5,199.5,189.0,14.0,10.0,11.0,aneurysm,633.0,9.02647662918307,12.818659828962332,0.990521327014218,0.0
Tr0457.nii.gz,276.5,257.5,182.5,16.0,16.0,12.0,aneurysm,1501.0,11.770796742081943,16.924332030895652,0.921385742838108,0.0
Tr0458.nii.gz,446.5,230.5,204.5,12.0,12.0,14.0,aneurysm,973.0,9.788231174688049,15.67079068758151,0.9537512846865364,0.0
Tr0459.nii.gz,250.5,244.5,186.0,16.0,18.0,13.0,aneurysm,1381.0,10.685692448410435,22.95052724046882,0.9616220130340332,0.0
Tr0460.nii.gz,246.0,288.0,218.5,23.0,29.0,32.0,aneurysm,5360.0,17.419087316575805,34.107355364917616,0.9598880597014924,0.0097014925373134
Tr0461.nii.gz,344.0,283.0,218.5,31.0,33.0,32.0,aneurysm,8996.0,25.00103613559134,38.64905264838489,0.0845931525122276,0.0
Tr0462.nii.gz,295.5,262.0,167.0,28.0,17.0,17.0,aneurysm,2268.0,12.61910259893551,30.920162015694498,0.9722222222222222,0.0
Tr0463.nii.gz,199.0,217.5,213.0,23.0,18.0,21.0,aneurysm,4022.0,18.304795468076293,21.95423334269851,0.8766782695176529,0.0
Tr0464.nii.gz,477.5,380.5,194.5,12.0,10.0,16.0,aneurysm,781.0,9.664643290914931,16.68097688751765,0.9142125480153648,0.0
Tr0465.nii.gz,256.0,293.0,188.5,7.0,9.0,6.0,aneurysm,179.0,5.525144207273579,9.59926063098129,0.8324022346368715,0.0
Tr0466.nii.gz,355.5,234.5,140.5,8.0,10.0,6.0,aneurysm,278.0,6.396682012187624,11.33916575160923,0.7338129496402878,0.0287769784172661
Tr0467.nii.gz,302.0,220.5,192.5,15.0,14.0,10.0,aneurysm,1040.0,11.266221878206114,16.12603806562191,0.9375,0.0
Tr0467.nii.gz,359.5,234.5,202.5,8.0,8.0,10.0,aneurysm,200.0,6.17950851173528,11.612145231719136,0.855,0.0
Tr0468.nii.gz,317.5,233.5,146.0,18.0,22.0,17.0,aneurysm,3110.0,16.84204707882366,22.35335429707792,0.1665594855305466,0.0
Tr0469.nii.gz,338.0,276.5,141.5,13.0,16.0,14.0,aneurysm,1094.0,9.907847143821714,16.14205412039233,0.9707495429616088,0.0018281535648994
Tr0470.nii.gz,278.5,250.5,151.5,12.0,10.0,10.0,aneurysm,619.0,8.909920917395185,14.1235346643015,1.0,0.0
Tr0471.nii.gz,202.5,200.0,123.5,10.0,9.0,8.0,aneurysm,394.0,8.028586773827339,11.310124812485626,0.5634517766497462,0.4035532994923858
Tr0471.nii.gz,242.0,207.5,132.5,13.0,14.0,8.0,aneurysm,545.0,7.779022097308973,15.90239172322959,0.9853211009174312,0.0
Tr0472.nii.gz,220.5,208.5,117.0,8.0,10.0,7.0,aneurysm,335.0,7.56062499275511,11.730799533693276,0.9134328358208956,0.0
Tr0473.nii.gz,477.5,233.5,131.5,18.0,14.0,18.0,aneurysm,2038.0,12.274359684450078,20.91707382919801,0.9582924435721296,0.0
Tr0474.nii.gz,236.0,237.5,159.5,7.0,8.0,6.0,aneurysm,260.0,6.551773527878797,9.579450459038313,0.85,0.0
Tr0475.nii.gz,285.0,282.5,210.0,13.0,10.0,11.0,aneurysm,670.0,8.759514727030126,15.04032186359986,0.8761194029850746,0.0
Tr0476.nii.gz,369.5,222.0,129.0,16.0,15.0,15.0,aneurysm,1856.0,13.808026368494522,18.500428301516585,0.9908405172413792,0.0
Tr0476.nii.gz,211.5,221.0,129.5,8.0,7.0,8.0,aneurysm,353.0,7.734009079456393,10.695490989088018,1.0,0.0
Tr0477.nii.gz,229.0,218.5,135.0,7.0,4.0,3.0,aneurysm,60.0,3.4375305083097567,7.156224539104455,0.9833333333333332,0.0
Tr0478.nii.gz,365.0,241.5,151.0,23.0,16.0,17.0,aneurysm,2340.0,14.330387593491183,22.99469355505578,0.9722222222222222,0.0
Tr0478.nii.gz,304.0,256.0,165.0,9.0,5.0,9.0,aneurysm,268.0,5.890976954559483,11.610644244964616,0.9067164179104478,0.0
Tr0479.nii.gz,262.5,257.5,205.0,10.0,12.0,7.0,aneurysm,411.0,7.33873797272482,13.85710299069461,1.0,0.0
Tr0480.nii.gz,338.0,251.0,134.5,11.0,7.0,8.0,aneurysm,250.0,6.53731378913827,9.480274821531236,0.964,0.0
Tr0480.nii.gz,334.5,258.0,143.0,10.0,9.0,7.0,aneurysm,290.0,6.5547208283543785,12.12205919532964,0.803448275862069,0.0
Tr0481.nii.gz,440.0,278.5,148.0,49.0,44.0,41.0,aneurysm,28259.0,32.12108202675925,52.590110844198605,0.2274673555327506,0.3549311723698645
Tr0482.nii.gz,292.5,218.0,136.5,12.0,5.0,6.0,aneurysm,198.0,5.014553063831048,13.164331637082242,0.6212121212121212,0.0
Tr0483.nii.gz,286.5,236.5,30.5,16.0,12.0,18.0,aneurysm,1536.0,11.129511717597332,21.47514772841666,0.8880208333333334,0.0
Tr0484.nii.gz,376.0,217.0,119.5,9.0,13.0,12.0,aneurysm,680.0,9.16247739747678,15.27100229159804,0.9941176470588236,0.0
Tr0485.nii.gz,345.0,248.5,165.5,9.0,8.0,6.0,aneurysm,257.0,6.118895991140543,12.3079997534878,0.7120622568093385,0.0350194552529182
Tr0486.nii.gz,371.5,316.0,111.0,18.0,19.0,15.0,aneurysm,1959.0,12.424528826543876,20.765775110684935,0.9127105666156202,0.0265441551812149
Tr0487.nii.gz,465.5,277.5,178.5,10.0,12.0,10.0,aneurysm,607.0,8.726426778981933,12.886353261745208,0.99835255354201,0.0
Tr0488.nii.gz,240.0,312.5,72.0,11.0,14.0,5.0,aneurysm,445.0,5.82569517638542,16.33900063303314,0.146067415730337,0.0
Tr0489.nii.gz,217.0,206.0,122.0,9.0,9.0,9.0,aneurysm,430.0,8.688886907107527,10.477354183273262,0.4,0.0
Tr0490.nii.gz,391.0,337.5,191.5,29.0,14.0,18.0,aneurysm,2667.0,12.67990828320635,27.04401623648803,0.9272590926134232,0.0
Tr0491.nii.gz,286.0,243.5,151.0,13.0,14.0,13.0,aneurysm,1096.0,10.947362939882922,15.67374226121058,0.9817518248175182,0.0
Tr0491.nii.gz,266.0,166.0,246.5,15.0,17.0,18.0,aneurysm,2249.0,13.703386298172164,19.627252300967616,0.0097821253890618,0.0
Tr0492.nii.gz,262.0,245.0,142.5,11.0,13.0,16.0,aneurysm,1042.0,10.187039738868592,18.32346675041649,0.961612284069098,0.0
Tr0493.nii.gz,287.0,372.0,156.5,9.0,9.0,10.0,aneurysm,370.0,6.469509383857507,12.935963696528749,0.1486486486486486,0.6216216216216216
Tr0494.nii.gz,277.0,264.5,155.0,11.0,12.0,9.0,aneurysm,588.0,8.640775730015596,14.003359400553007,0.9948979591836736,0.0
Tr0495.nii.gz,254.5,197.0,121.5,6.0,7.0,6.0,aneurysm,153.0,5.647964899087764,8.722759046368816,0.9738562091503268,0.0
Tr0496.nii.gz,243.0,209.0,154.0,31.0,23.0,25.0,aneurysm,6094.0,19.266511902850404,29.416160052068506,0.8792254676731212,0.0014768624876928
Tr0497.nii.gz,262.0,234.5,165.0,9.0,10.0,7.0,aneurysm,248.0,6.324109070885851,11.841398085702728,0.9838709677419356,0.0
Tr0498.nii.gz,344.0,280.0,139.5,9.0,13.0,6.0,aneurysm,240.0,6.035544917644015,12.019252037038893,0.9958333333333332,0.0
Tr0499.nii.gz,376.0,225.0,153.0,13.0,15.0,13.0,aneurysm,1196.0,12.062073988259732,15.049446866302162,0.9790969899665553,0.0
Tr0500.nii.gz,235.0,153.5,173.0,13.0,12.0,7.0,aneurysm,417.0,6.768417128469729,14.264834403202356,1.0,0.0
Tr0501.nii.gz,375.5,282.0,158.5,14.0,19.0,16.0,aneurysm,1416.0,11.140689259051218,18.384680770562102,0.902542372881356,0.0607344632768361
Tr0502.nii.gz,292.0,287.5,163.0,15.0,12.0,17.0,aneurysm,1347.0,11.281006606891108,20.441025886144743,0.9955456570155902,0.0029695619896065
Tr0503.nii.gz,327.0,253.0,130.5,23.0,15.0,14.0,aneurysm,1637.0,11.905429411580416,24.459100905718824,0.7556505803298718,0.0
Tr0504.nii.gz,313.5,256.0,167.5,8.0,5.0,4.0,aneurysm,81.0,4.385179089159752,7.632713813780925,0.8888888888888888,0.0
Tr0504.nii.gz,287.5,255.0,208.0,18.0,17.0,21.0,aneurysm,2211.0,13.567601434041478,23.738048771267472,0.9412030755314338,0.0
Tr0505.nii.gz,289.0,232.5,138.0,9.0,6.0,5.0,aneurysm,98.0,3.6665987503474873,9.65555266947989,0.173469387755102,0.0
Tr0506.nii.gz,386.5,288.0,182.5,30.0,27.0,18.0,aneurysm,4084.0,13.98594826537585,33.66250434924046,0.9894711067580804,0.0
Tr0507.nii.gz,257.0,244.0,154.0,17.0,15.0,9.0,aneurysm,708.0,7.141262064780155,21.41454984875219,0.8234463276836158,0.0
Tr0508.nii.gz,295.5,217.0,135.5,14.0,27.0,16.0,aneurysm,1985.0,12.126905559332355,27.523510453412158,0.9526448362720404,0.0
Tr0509.nii.gz,202.0,208.0,168.5,25.0,17.0,22.0,aneurysm,3316.0,14.676111239746016,28.73622531375387,0.8006634499396864,0.0
Tr0510.nii.gz,209.0,204.5,146.5,7.0,10.0,8.0,aneurysm,261.0,6.82398911223386,11.336060425687345,0.5977011494252874,0.4022988505747126
Tr0511.nii.gz,458.5,266.5,144.5,10.0,8.0,8.0,aneurysm,303.0,6.766183936933141,11.713029949583788,0.8976897689768977,0.0
Tr0511.nii.gz,473.5,273.0,146.0,14.0,9.0,9.0,aneurysm,457.0,7.083657032260126,15.805267814332597,0.6061269146608315,0.0
Tr0512.nii.gz,237.5,247.5,195.5,8.0,10.0,6.0,aneurysm,171.0,4.7492601023923005,10.842366896895792,0.3567251461988304,0.0
Tr0513.nii.gz,296.0,248.0,195.5,13.0,17.0,14.0,aneurysm,1244.0,10.877138653459864,17.526251436187092,0.677652733118971,0.1157556270096463
Tr0514.nii.gz,261.5,202.0,167.0,8.0,7.0,7.0,aneurysm,234.0,6.7677618716829775,8.788766296502615,0.9102564102564102,0.0
Tr0514.nii.gz,277.0,205.5,191.0,9.0,6.0,7.0,aneurysm,154.0,5.706358855726741,9.486284502326589,0.9090909090909092,0.0
Tr0515.nii.gz,217.5,232.5,129.0,10.0,10.0,9.0,aneurysm,407.0,8.526129737683945,11.84255602745698,0.9828009828009828,0.0
Tr0516.nii.gz,257.0,230.0,140.0,11.0,11.0,5.0,aneurysm,320.0,4.971149266341304,12.46637704103147,0.959375,0.0
Tr0517.nii.gz,316.5,217.5,155.0,18.0,14.0,11.0,aneurysm,1028.0,10.122979372848782,16.717457609601766,0.8385214007782101,0.0
Tr0518.nii.gz,239.0,219.5,151.0,9.0,6.0,5.0,aneurysm,174.0,5.146063946429868,9.926888203158478,0.8103448275862069,0.0
Tr0519.nii.gz,349.5,251.0,179.0,10.0,13.0,7.0,aneurysm,401.0,6.549325100906926,14.446926721655805,0.8453865336658354,0.0
Tr0520.nii.gz,366.5,208.0,157.5,10.0,15.0,14.0,aneurysm,760.0,9.00482612460359,19.688077297303263,0.9315789473684212,0.0
Tr0521.nii.gz,228.5,167.5,131.5,12.0,10.0,8.0,aneurysm,433.0,7.45377512763403,13.175611773201307,0.7806004618937644,0.0
Tr0522.nii.gz,216.5,223.5,140.5,24.0,18.0,16.0,aneurysm,1951.0,12.485615919145488,26.150326687530196,0.9548949256791388,0.0230650948231676
Tr0523.nii.gz,330.0,232.5,153.5,9.0,8.0,6.0,aneurysm,196.0,6.127050581904387,9.57659711030639,1.0,0.0
Tr0523.nii.gz,405.5,277.0,162.0,18.0,17.0,13.0,aneurysm,1410.0,12.212021332442964,16.89067536876422,0.9921985815602836,0.0
Tr0524.nii.gz,405.5,272.0,205.0,26.0,33.0,25.0,aneurysm,5889.0,16.576654704528124,37.56546079725,0.7817965698760401,0.0028867379860757
Tr0525.nii.gz,247.5,206.5,132.5,12.0,14.0,14.0,aneurysm,826.0,9.55122019546524,17.614279388037453,0.9673123486682808,0.0
Tr0526.nii.gz,324.0,217.0,160.5,15.0,17.0,20.0,aneurysm,1206.0,9.713691569964942,24.761302346902585,0.8905472636815921,0.0
Tr0527.nii.gz,288.0,228.5,220.5,11.0,10.0,16.0,aneurysm,797.0,9.800899567200798,17.057753994989934,0.1229611041405269,0.0
Tr0528.nii.gz,269.0,173.0,112.0,21.0,21.0,21.0,aneurysm,3311.0,15.468683143523116,25.27623450991237,0.9818785865297494,0.0072485653881002
Tr0529.nii.gz,276.0,204.5,137.0,7.0,6.0,5.0,aneurysm,158.0,5.038699174047901,8.623676873754029,0.1962025316455696,0.8037974683544303
Tr0530.nii.gz,204.5,190.0,166.0,8.0,5.0,5.0,aneurysm,96.0,4.253734015223656,8.534622805123112,1.0,0.0
Tr0530.nii.gz,244.0,129.5,206.0,13.0,14.0,15.0,aneurysm,1195.0,11.264792337697507,17.395273560943064,0.5564853556485355,0.0
Tr0531.nii.gz,323.5,264.0,141.5,14.0,19.0,18.0,aneurysm,1814.0,12.40381311587998,24.02518251682785,0.996141124586549,0.0
Tr0532.nii.gz,376.5,320.5,210.5,20.0,18.0,14.0,aneurysm,2265.0,14.389683746832612,18.539974260475063,0.9805739514348786,0.0
Tr0533.nii.gz,237.0,214.5,180.5,11.0,14.0,12.0,aneurysm,690.0,8.750324969493676,15.236978317532309,0.7202898550724638,0.0
Tr0534.nii.gz,408.5,237.5,9.5,12.0,18.0,12.0,aneurysm,1270.0,11.31377061853914,19.22185798059277,0.9905511811023622,0.0
Tr0535.nii.gz,297.0,229.5,92.0,11.0,12.0,9.0,aneurysm,517.0,8.626053180647075,12.491288462408129,0.7253384912959381,0.0
Tr0535.nii.gz,325.5,237.5,96.0,10.0,10.0,7.0,aneurysm,348.0,7.855592214010676,11.299510244614698,0.4885057471264368,0.0
Tr0535.nii.gz,239.5,218.5,114.0,8.0,6.0,7.0,aneurysm,217.0,6.52505031811759,9.061581922817838,0.880184331797235,0.0
Tr0535.nii.gz,310.5,227.0,136.5,18.0,15.0,14.0,aneurysm,1122.0,10.251381826551707,23.19964069130064,0.9688057040998216,0.0
Tr0536.nii.gz,250.5,196.0,101.5,8.0,5.0,8.0,aneurysm,157.0,4.756223395033888,10.961413945133152,0.9936305732484076,0.0
Tr0537.nii.gz,236.0,158.5,250.0,11.0,12.0,11.0,aneurysm,665.0,9.62010486446855,12.652710380193042,0.037593984962406,0.1533834586466165
Tr0538.nii.gz,273.5,207.0,131.5,6.0,5.0,4.0,aneurysm,76.0,4.490213327561673,6.689829783804747,0.3947368421052631,0.0
Tr0539.nii.gz,325.5,200.5,129.0,8.0,10.0,13.0,aneurysm,529.0,8.046484548497594,15.432303629856731,0.8865784499054821,0.0
Tr0540.nii.gz,317.0,251.0,104.5,13.0,13.0,18.0,aneurysm,973.0,9.49287525979256,24.893321771437325,0.9784172661870504,0.0
Tr0540.nii.gz,224.0,217.5,125.5,7.0,8.0,8.0,aneurysm,348.0,7.957779217050841,10.288037844010574,0.9741379310344828,0.0
Tr0541.nii.gz,196.0,182.5,102.5,33.0,32.0,28.0,aneurysm,9346.0,22.69092574204922,33.66412319739472,0.1832869676867109,0.3775946929167558
Tr0541.nii.gz,402.0,225.0,132.0,15.0,21.0,19.0,aneurysm,2322.0,14.793420351412353,20.419245250241914,0.9651162790697676,0.0
Tr0542.nii.gz,256.5,199.5,136.0,8.0,12.0,11.0,aneurysm,427.0,7.447362452648769,13.475064650235698,0.9063231850117096,0.0
Tr0543.nii.gz,298.0,267.5,175.0,23.0,24.0,17.0,aneurysm,3846.0,16.504865591123806,23.17683272670825,0.8554342173686947,0.0127405096203848
Tr0544.nii.gz,294.5,200.5,104.5,14.0,12.0,8.0,aneurysm,623.0,8.37044552046357,17.150765801397508,0.9502407704654896,0.0
Tr0545.nii.gz,242.0,156.0,184.0,11.0,17.0,11.0,aneurysm,550.0,8.047105969136497,20.10278443102423,0.6327272727272727,0.0
Tr0545.nii.gz,147.5,159.0,183.5,10.0,9.0,8.0,aneurysm,322.0,7.33014294040214,11.376326580357404,0.9596273291925466,0.0
Tr0546.nii.gz,299.5,322.0,64.5,10.0,11.0,12.0,aneurysm,825.0,10.023558975893408,13.870746365341049,0.9951515151515152,0.0
Tr0547.nii.gz,371.0,244.0,139.0,13.0,11.0,11.0,aneurysm,781.0,10.155456675314026,14.73138219980536,0.9884763124199744,0.0
Tr0548.nii.gz,258.0,236.5,107.5,15.0,14.0,12.0,aneurysm,905.0,9.26704391749498,17.236470290955303,0.9867403314917128,0.0
Tr0549.nii.gz,127.0,214.5,114.5,7.0,6.0,6.0,aneurysm,153.0,6.159398822362699,8.067322673911374,0.5751633986928104,0.0
Tr0549.nii.gz,169.0,209.5,119.5,11.0,14.0,12.0,aneurysm,824.0,11.180256427002927,13.197794712308266,0.6019417475728155,0.0
Tr0549.nii.gz,262.5,224.5,128.0,16.0,20.0,13.0,aneurysm,1086.0,8.763637083262036,26.67628891206469,0.8314917127071824,0.072744014732965
Tr0550.nii.gz,280.0,248.5,173.0,11.0,12.0,9.0,aneurysm,437.0,7.015012369093152,14.23027143236652,0.8787185354691075,0.0
Tr0551.nii.gz,326.5,247.0,175.0,18.0,19.0,11.0,aneurysm,1173.0,9.885757241504065,24.10959800045404,0.639386189258312,0.0
Tr0552.nii.gz,217.0,235.0,175.0,15.0,11.0,11.0,aneurysm,433.0,6.456096122322301,18.434091131871263,0.6235565819861432,0.0
Tr0553.nii.gz,257.5,181.0,180.0,24.0,13.0,21.0,aneurysm,2785.0,14.138347569947234,29.818496823406285,0.9321364452423698,0.0
Tr0554.nii.gz,288.5,174.0,185.0,8.0,5.0,5.0,aneurysm,132.0,5.151681183927126,8.092806579883197,0.8863636363636364,0.0
Tr0555.nii.gz,300.5,212.0,144.0,24.0,17.0,13.0,aneurysm,1702.0,10.815436606888124,24.5477596480693,0.9065804935370152,0.0
Tr0556.nii.gz,304.5,267.0,194.0,14.0,13.0,9.0,aneurysm,754.0,8.005553936029894,15.330137438847746,0.9376657824933688,0.0
Tr0557.nii.gz,283.5,203.5,177.5,12.0,10.0,12.0,aneurysm,561.0,8.462240039033567,16.604114868014936,0.8877005347593583,0.0
Tr0558.nii.gz,273.5,202.0,193.0,10.0,7.0,5.0,aneurysm,190.0,5.210567841384563,10.166815934051142,0.9473684210526316,0.0
Tr0559.nii.gz,289.5,233.0,173.5,6.0,7.0,6.0,aneurysm,195.0,6.584891436539828,8.141245408935191,0.6615384615384615,0.0
Tr0560.nii.gz,300.0,233.0,167.5,13.0,15.0,16.0,aneurysm,1392.0,10.663009248255388,17.397442173431784,0.9533045977011494,0.0
Tr0561.nii.gz,353.0,319.5,143.5,23.0,24.0,20.0,aneurysm,2962.0,12.875225630966158,26.34372434142017,0.3095881161377448,0.6883862255232951
Tr0562.nii.gz,295.5,188.5,103.5,6.0,6.0,8.0,aneurysm,243.0,7.049987449109283,9.470876377930994,0.5390946502057613,0.0
Tr0563.nii.gz,329.0,239.0,224.0,15.0,17.0,13.0,aneurysm,1160.0,11.826672830936436,16.343331867511374,0.8896551724137931,0.0
Tr0563.nii.gz,410.5,255.5,228.5,12.0,12.0,18.0,aneurysm,1085.0,10.269865505414266,19.48711100890674,0.2442396313364055,0.0
Tr0564.nii.gz,321.0,176.0,152.5,15.0,13.0,10.0,aneurysm,977.0,9.82299503867048,15.600080801769629,0.8976458546571137,0.0
Tr0564.nii.gz,295.5,187.5,154.0,22.0,14.0,9.0,aneurysm,1016.0,9.09726886900306,22.42900231954448,0.908464566929134,0.0
Tr0565.nii.gz,161.0,236.5,185.5,11.0,8.0,8.0,aneurysm,360.0,6.580218002714817,12.663259198998324,0.9222222222222224,0.0
Tr0566.nii.gz,222.5,191.5,164.5,16.0,14.0,16.0,aneurysm,1225.0,11.242093450382928,15.917055454182092,0.9624489795918368,0.0
Tr0567.nii.gz,236.0,193.5,202.5,13.0,14.0,14.0,aneurysm,682.0,9.757484126030144,18.24454108539642,0.8489736070381232,0.0
Tr0568.nii.gz,252.5,208.5,148.5,6.0,6.0,4.0,aneurysm,75.0,4.231344320749512,6.429813057962945,0.8,0.0
Tr0569.nii.gz,240.0,253.5,126.0,75.0,74.0,59.0,aneurysm,152380.0,58.99773251272996,75.18758190802978,0.0,0.0009778186113663
Tr0570.nii.gz,305.5,228.5,171.0,6.0,8.0,7.0,aneurysm,176.0,5.869651731051399,8.948473499066102,1.0,0.0
Tr0571.nii.gz,219.0,237.0,166.0,29.0,31.0,39.0,aneurysm,11117.0,25.306974663094486,39.171170696281685,0.0136727534406764,0.0781685706575514
Tr0572.nii.gz,333.5,241.5,107.0,8.0,6.0,5.0,aneurysm,134.0,5.286074253407698,8.818839136530558,0.9925373134328358,0.0
Tr0573.nii.gz,380.5,359.0,167.0,16.0,9.0,11.0,aneurysm,794.0,9.071139685727928,17.389489684101008,0.8136020151133502,0.0
Tr0574.nii.gz,348.5,252.5,118.5,10.0,14.0,10.0,aneurysm,621.0,8.805552893155388,14.914768613525869,0.8856682769726248,0.0
Tr0575.nii.gz,281.0,197.0,185.5,9.0,7.0,6.0,aneurysm,234.0,6.538118161308271,9.78473574167792,0.5341880341880342,0.2521367521367521
Tr0576.nii.gz,303.5,186.0,173.0,8.0,7.0,5.0,aneurysm,142.0,4.512458787334588,9.396611245569952,0.852112676056338,0.0
Tr0577.nii.gz,271.0,252.0,150.5,15.0,9.0,10.0,aneurysm,707.0,9.62522092455857,14.980498926892745,0.9943422913719944,0.0
Tr0578.nii.gz,187.0,209.0,112.5,9.0,7.0,6.0,aneurysm,271.0,6.544708817599023,9.954912310740434,0.996309963099631,0.0
Tr0579.nii.gz,364.5,271.0,148.0,20.0,21.0,19.0,aneurysm,3797.0,17.242321103274936,22.64410447848868,0.9338951804055834,0.0
Tr0580.nii.gz,263.0,235.0,151.0,19.0,13.0,19.0,aneurysm,1549.0,12.108504404552905,22.43951317303274,0.9657843770174306,0.0
Tr0581.nii.gz,221.5,218.0,144.0,12.0,9.0,7.0,aneurysm,429.0,7.591085708661904,12.295319331450644,0.9953379953379954,0.0
Tr0582.nii.gz,310.0,222.0,134.5,11.0,7.0,6.0,aneurysm,267.0,5.684716319187115,12.59072472707636,0.9887640449438202,0.0037453183520599
Tr0583.nii.gz,292.0,254.5,76.5,25.0,26.0,18.0,aneurysm,3764.0,17.256216145860947,24.33853145071688,0.9317215727948992,0.0
Tr0584.nii.gz,220.5,282.0,160.5,14.0,17.0,16.0,aneurysm,1604.0,13.219498056849664,18.613833039031466,0.9800498753117208,0.0
Tr0585.nii.gz,300.5,259.0,221.0,12.0,9.0,9.0,aneurysm,559.0,8.887032867518823,13.043074225484585,0.631484794275492,0.0
Tr0586.nii.gz,303.5,212.5,267.5,20.0,20.0,22.0,aneurysm,3450.0,14.072440044891463,23.497874841401156,0.9840579710144928,0.0
Tr0587.nii.gz,424.5,250.0,124.5,16.0,13.0,12.0,aneurysm,1205.0,11.11376561728918,16.57807378688953,0.9485477178423236,0.0
Tr0588.nii.gz,433.5,255.5,123.0,16.0,24.0,21.0,aneurysm,2163.0,11.819587796815584,30.95012956226143,0.8358760980120203,0.1234396671289875
Tr0589.nii.gz,214.5,237.5,139.0,8.0,14.0,9.0,aneurysm,370.0,7.151317084800804,16.146438522348706,0.5918918918918918,0.3459459459459459
Tr0589.nii.gz,254.0,220.0,139.5,9.0,7.0,6.0,aneurysm,172.0,5.671804374737049,10.215591010848469,0.2383720930232558,0.4069767441860465
Tr0590.nii.gz,382.0,297.5,2.0,13.0,16.0,5.0,aneurysm,441.0,5.890777623764801,13.95808855655786,0.780045351473923,0.1950113378684807
Tr0591.nii.gz,240.5,207.5,195.0,20.0,16.0,19.0,aneurysm,2563.0,14.80987633718656,20.93650094038552,0.9871244635193132,0.0
Tr0592.nii.gz,302.5,207.0,198.5,16.0,13.0,18.0,aneurysm,863.0,8.793170320888068,25.35670676933153,0.8505214368482039,0.0
Tr0593.nii.gz,215.0,263.5,57.5,37.0,30.0,32.0,aneurysm,12541.0,26.93602981620776,33.90564793151879,0.011721553305159,0.964197432421657
Tr0593.nii.gz,251.0,208.5,124.0,63.0,64.0,63.0,aneurysm,88508.0,50.52643885989249,69.60771388464377,0.0663555836760518,0.0317033488498214
Tr0593.nii.gz,231.0,245.5,103.5,21.0,22.0,16.0,aneurysm,2676.0,16.184092497957007,22.03959432133782,0.8647234678624813,0.0
Tr0593.nii.gz,272.0,186.0,158.0,61.0,49.0,59.0,aneurysm,71177.0,42.02566868155869,71.99780006592752,0.0041445972715905,0.0686176714388074
Tr0594.nii.gz,421.5,310.0,146.5,26.0,17.0,26.0,aneurysm,4562.0,14.710432367160962,31.043803227109045,0.7520824199912319,0.0686102586584831
Tr0595.nii.gz,286.5,223.0,190.0,22.0,23.0,21.0,aneurysm,5826.0,20.470493074234323,24.683320071613156,0.2933401991074493,0.0
Tr0596.nii.gz,266.0,335.0,130.0,7.0,9.0,7.0,aneurysm,351.0,7.719665963812754,10.851309172305204,0.811965811965812,0.0
Tr0597.nii.gz,199.0,193.0,172.0,15.0,13.0,11.0,aneurysm,854.0,9.401450072545702,17.94068517303318,0.9250585480093676,0.0
Tr0598.nii.gz,263.0,201.5,187.0,9.0,8.0,5.0,aneurysm,225.0,5.520498932757243,9.958409217352868,0.8888888888888888,0.0
Tr0598.nii.gz,319.5,223.0,198.5,12.0,9.0,6.0,aneurysm,354.0,5.5469482636981615,14.76430012233374,0.9180790960451978,0.0
Tr0599.nii.gz,355.0,296.0,128.5,23.0,25.0,18.0,aneurysm,4287.0,19.264405711731747,23.564342865836828,0.8126895264753907,0.0
Tr0600.nii.gz,235.5,229.0,166.5,12.0,13.0,12.0,aneurysm,863.0,10.663531214954329,13.577758240468194,0.9976825028968712,0.0
Tr0601.nii.gz,233.0,170.5,121.5,23.0,20.0,18.0,aneurysm,2877.0,14.711781887571629,22.0253055648701,0.6583246437261036,0.0
Tr0602.nii.gz,270.0,245.0,167.5,15.0,17.0,14.0,aneurysm,1246.0,12.022922154188375,16.554599976067887,0.9871589085072232,0.0
Tr0603.nii.gz,305.5,233.0,185.5,20.0,21.0,18.0,aneurysm,3541.0,16.09760457463116,22.939540540646643,0.962439988703756,0.0098842134990115
Tr0604.nii.gz,290.5,253.5,184.5,16.0,20.0,12.0,aneurysm,1492.0,11.842834981783854,22.445301004630117,0.2399463806970509,0.0
Tr0605.nii.gz,251.0,219.5,182.5,9.0,10.0,10.0,aneurysm,477.0,8.443502330465078,11.304592823878028,0.8280922431865828,0.0
Tr0606.nii.gz,288.5,246.0,107.5,18.0,15.0,16.0,aneurysm,1669.0,12.67235571295702,18.032420729394087,0.982025164769323,0.0
Tr0607.nii.gz,273.5,245.0,194.0,14.0,11.0,15.0,aneurysm,1216.0,11.127753614718122,18.54161091028729,0.8314144736842105,0.0
Tr0608.nii.gz,284.0,287.5,184.0,15.0,10.0,11.0,aneurysm,908.0,9.33240773049666,17.472969890920663,0.9977973568281938,0.0
Tr0608.nii.gz,356.5,224.0,265.0,12.0,9.0,5.0,aneurysm,282.0,5.226212741772947,12.987699982635856,0.8900709219858156,0.0
Tr0609.nii.gz,324.5,273.5,155.5,30.0,24.0,24.0,aneurysm,5148.0,18.42431800027979,26.27972205731783,0.9683372183372184,0.0085470085470085
Tr0609.nii.gz,330.0,258.0,159.5,5.0,5.0,6.0,aneurysm,82.0,4.358212251499227,6.7346790986813385,0.8536585365853658,0.1463414634146341
Tr0610.nii.gz,290.0,254.5,199.0,45.0,32.0,23.0,aneurysm,7688.0,17.403889546546214,55.55206091211604,0.6785900104058272,0.0
Tr0610.nii.gz,309.5,278.5,213.0,8.0,8.0,9.0,aneurysm,345.0,7.539897221827572,11.057489307084042,0.9304347826086956,0.0
Tr0611.nii.gz,269.0,204.0,128.0,15.0,17.0,17.0,aneurysm,1660.0,12.353465973283749,19.75916190971236,0.8102409638554217,0.0
Tr0612.nii.gz,210.5,234.0,143.5,12.0,11.0,12.0,aneurysm,717.0,9.353608973124706,14.051427711900628,0.8340306834030683,0.00836820083682
Tr0612.nii.gz,292.0,168.5,189.5,11.0,14.0,8.0,aneurysm,769.0,8.744005570900901,15.908944875007444,0.8192457737321196,0.0
Tr0613.nii.gz,264.0,292.5,126.0,11.0,6.0,7.0,aneurysm,266.0,7.132250616955624,10.926338120856462,0.8383458646616542,0.0
Tr0614.nii.gz,274.0,202.0,188.5,9.0,5.0,6.0,aneurysm,171.0,5.771755455685091,9.359055702231368,0.9298245614035088,0.0
Tr0615.nii.gz,312.0,214.5,122.5,11.0,8.0,6.0,aneurysm,329.0,7.14576087233608,10.995247843884895,0.993920972644377,0.0
Tr0615.nii.gz,320.0,219.0,129.5,7.0,5.0,4.0,aneurysm,86.0,4.159282016834728,7.130714701721487,0.9534883720930232,0.0
Tr0616.nii.gz,262.5,238.0,183.0,10.0,9.0,7.0,aneurysm,319.0,7.083552413904767,11.006279136111576,0.9059561128526644,0.0
Tr0617.nii.gz,262.5,166.0,98.5,6.0,7.0,4.0,aneurysm,111.0,4.371966328407052,7.609030315416673,0.8468468468468469,0.0
Tr0618.nii.gz,291.5,200.0,127.0,20.0,17.0,19.0,aneurysm,2498.0,14.884247324014025,22.03270413022533,0.8875100080064051,0.0
Tr0619.nii.gz,173.0,185.0,143.5,15.0,15.0,14.0,aneurysm,1219.0,10.475033906671117,17.199453771248248,0.9548810500410172,0.0
Tr0620.nii.gz,334.0,284.5,185.0,9.0,8.0,7.0,aneurysm,322.0,7.307754108682686,11.03563527208421,0.9596273291925466,0.0
Tr0621.nii.gz,326.5,254.0,135.0,8.0,7.0,5.0,aneurysm,206.0,6.245207702475391,8.614883263556958,0.9805825242718448,0.0
Tr0622.nii.gz,309.5,184.5,180.0,16.0,18.0,13.0,aneurysm,1576.0,11.014201075904452,19.9619611458931,0.8953045685279187,0.0983502538071066
Tr0623.nii.gz,282.5,229.0,184.0,18.0,13.0,13.0,aneurysm,1133.0,10.83959081226487,20.48609061983584,0.9276257722859664,0.0
Tr0624.nii.gz,340.5,250.5,142.5,10.0,8.0,10.0,aneurysm,371.0,7.770291129531429,12.572481218057954,0.1347708894878706,0.8652291105121294
Tr0625.nii.gz,252.0,213.0,100.5,7.0,7.0,4.0,aneurysm,123.0,4.221513597574724,8.264985748998608,0.991869918699187,0.0
Tr0626.nii.gz,236.5,197.0,175.5,20.0,19.0,24.0,aneurysm,2765.0,13.391258456115672,30.836400667127855,0.705244122965642,0.0
Tr0627.nii.gz,328.5,230.0,155.5,8.0,9.0,6.0,aneurysm,220.0,6.423005883204375,9.340591891878256,0.6818181818181818,0.0
Tr0628.nii.gz,345.5,175.0,122.5,22.0,23.0,26.0,aneurysm,5371.0,19.097305438373763,27.710649764972786,0.1413144665797803,0.8164215229938558
Tr0628.nii.gz,257.0,206.0,135.0,13.0,15.0,9.0,aneurysm,830.0,8.537612361119061,14.845761593410872,0.9301204819277108,0.0
Tr0629.nii.gz,255.0,199.0,102.5,35.0,29.0,20.0,aneurysm,6644.0,16.537691189040434,36.41620219430624,0.9677904876580372,0.0016556291390728
Tr0630.nii.gz,336.5,298.5,187.0,12.0,14.0,13.0,aneurysm,830.0,9.089483889567584,17.54002615877304,0.9710843373493976,0.0
Tr0631.nii.gz,272.0,189.0,135.0,17.0,23.0,15.0,aneurysm,2907.0,14.791697145879954,23.422672776264083,0.8452012383900929,0.0
Tr0632.nii.gz,292.0,172.0,233.5,11.0,9.0,6.0,aneurysm,312.0,6.0591735182656,11.869664631268504,0.8685897435897436,0.0
Tr0632.nii.gz,290.5,171.0,249.5,8.0,7.0,4.0,aneurysm,134.0,4.5800024458520445,7.872230882195509,0.7388059701492538,0.0
Tr0633.nii.gz,233.5,196.5,95.0,8.0,8.0,5.0,aneurysm,180.0,5.276227662225061,9.055740824267698,0.7611111111111111,0.0
Tr0634.nii.gz,233.0,214.0,126.5,31.0,39.0,22.0,aneurysm,8274.0,20.262831686330376,40.0449481086661,0.8038433647570703,0.0391588107324147
Tr0635.nii.gz,384.5,253.0,179.0,12.0,11.0,9.0,aneurysm,589.0,8.327902471199412,13.47774668149236,0.7792869269949066,0.0
Tr0636.nii.gz,240.5,201.5,122.0,16.0,16.0,15.0,aneurysm,2201.0,14.919019268663895,17.413785875977787,0.9132212630622444,0.0
Tr0636.nii.gz,271.5,194.5,125.5,18.0,22.0,18.0,aneurysm,2246.0,13.05151775665326,27.228397949498408,0.908726625111309,0.0
Tr0637.nii.gz,319.5,229.0,106.0,16.0,13.0,7.0,aneurysm,854.0,7.790696479978065,17.23274877108638,0.8899297423887588,0.0081967213114754
Tr0638.nii.gz,246.5,281.0,82.5,8.0,11.0,8.0,aneurysm,480.0,8.429877377700393,11.38482134942845,0.94375,0.0
Tr0639.nii.gz,196.5,229.5,211.5,30.0,28.0,44.0,aneurysm,14111.0,21.6535993489848,51.57158490604042,0.9009992204663028,0.0
Tr0640.nii.gz,302.5,198.5,172.5,10.0,14.0,8.0,aneurysm,703.0,8.515743694015091,15.596683153400647,1.0,0.0
Tr0641.nii.gz,248.5,191.5,98.5,10.0,10.0,6.0,aneurysm,428.0,6.984038316539521,11.742804416084342,0.9228971962616822,0.0
Tr0642.nii.gz,279.0,220.0,130.5,11.0,11.0,8.0,aneurysm,592.0,8.117293603614494,13.118233435501326,0.9780405405405406,0.0033783783783783
Tr0642.nii.gz,255.5,220.0,160.5,8.0,7.0,10.0,aneurysm,334.0,7.21426706131343,11.168206041122632,0.4760479041916167,0.0
Tr0642.nii.gz,250.5,212.0,160.0,8.0,7.0,7.0,aneurysm,252.0,6.560281761071511,9.585251579801437,0.7619047619047619,0.0
Tr0643.nii.gz,285.5,198.5,100.5,10.0,8.0,6.0,aneurysm,257.0,5.967585763926117,10.55493763002455,0.9766536964980544,0.0
Tr0644.nii.gz,449.5,290.5,228.5,6.0,10.0,6.0,aneurysm,198.0,6.113049045340465,10.821070097016737,0.7070707070707071,0.0
Tr0645.nii.gz,277.5,190.5,173.0,12.0,14.0,15.0,aneurysm,1348.0,11.890021840595004,16.95054041532353,0.9310089020771514,0.0007418397626112
Tr0645.nii.gz,270.0,191.0,171.0,1.0,1.0,1.0,aneurysm,1.0,0.0,0.0,0.0,0.0
Tr0646.nii.gz,303.0,220.5,230.0,23.0,16.0,15.0,aneurysm,1684.0,12.895420410834758,20.27708053531294,0.8004750593824228,0.0065320665083135
Tr0647.nii.gz,298.5,233.5,159.0,10.0,8.0,7.0,aneurysm,356.0,7.23931048609264,11.041440444102475,0.797752808988764,0.0
Tr0648.nii.gz,231.5,277.0,156.5,14.0,15.0,10.0,aneurysm,996.0,9.315261403828762,17.760002365687384,0.928714859437751,0.0
Tr0649.nii.gz,341.0,294.0,200.5,11.0,13.0,14.0,aneurysm,1022.0,10.977335936080204,15.12236525611731,0.901174168297456,0.0
Tr0649.nii.gz,442.5,253.0,243.0,10.0,11.0,7.0,aneurysm,555.0,8.119009195670095,12.570111883770329,0.8504504504504504,0.0
Tr0650.nii.gz,243.0,290.5,221.0,35.0,30.0,33.0,aneurysm,14857.0,28.331923649705388,36.247946205014685,0.6301406744295618,0.0563370801642323
Tr0651.nii.gz,337.0,245.0,170.5,19.0,21.0,26.0,aneurysm,3039.0,14.390366708238286,34.9686941992836,0.58571898650872,0.0
Tr0652.nii.gz,254.0,230.5,149.5,7.0,8.0,6.0,aneurysm,157.0,5.531350619255025,8.057778405660219,0.8471337579617835,0.0
Tr0653.nii.gz,344.0,225.5,161.5,11.0,10.0,10.0,aneurysm,623.0,8.507965639511598,14.18662726672901,0.9325842696629212,0.0
Tr0654.nii.gz,322.0,258.0,156.5,19.0,27.0,18.0,aneurysm,3059.0,13.145825042946075,30.444548662566152,0.8676037920889179,0.003269042170644
Tr0654.nii.gz,275.5,238.5,155.5,12.0,12.0,10.0,aneurysm,857.0,10.119441521606868,13.70290034756522,0.323220536756126,0.2567094515752625
Tr0655.nii.gz,366.0,209.5,156.0,13.0,8.0,9.0,aneurysm,464.0,7.65053292487495,15.721061707321333,0.9719827586206896,0.0
Tr0656.nii.gz,419.5,258.5,157.5,26.0,24.0,26.0,aneurysm,8219.0,22.29644675523716,29.176487756184383,0.5657622581822607,0.0009733544226791
Tr0656.nii.gz,380.0,253.0,162.5,13.0,9.0,8.0,aneurysm,514.0,7.830047607769014,14.465875317550998,0.9980544747081712,0.0
Tr0657.nii.gz,252.5,280.0,157.5,24.0,17.0,16.0,aneurysm,2296.0,13.818398273683275,23.139735448559097,0.0540069686411149,0.8950348432055749
Tr0658.nii.gz,252.0,197.0,156.0,17.0,17.0,23.0,aneurysm,2775.0,14.87547608203509,24.72280992062306,0.8345945945945946,0.0
Tr0659.nii.gz,346.0,272.5,165.0,17.0,14.0,9.0,aneurysm,1287.0,10.450237500937822,18.93087062779739,0.9494949494949496,0.0
Tr0660.nii.gz,301.0,318.5,183.0,13.0,12.0,9.0,aneurysm,585.0,9.292472970448877,12.910700729799997,0.9777777777777776,0.0
Tr0661.nii.gz,281.0,248.0,146.5,33.0,45.0,32.0,aneurysm,14428.0,26.45089965125312,38.858682924646885,0.847588023288051,0.1414610479622955
Tr0662.nii.gz,358.5,299.0,159.5,18.0,13.0,10.0,aneurysm,1051.0,9.499414475896858,19.030792366472607,0.7897240723120837,0.0
Tr0663.nii.gz,240.0,235.5,124.5,13.0,18.0,16.0,aneurysm,1912.0,12.690706119593427,22.38801116085901,0.797071129707113,0.057531380753138
Tr0664.nii.gz,218.0,221.5,187.5,19.0,22.0,16.0,aneurysm,2901.0,14.623218866002963,23.194693167775327,0.7335401585660117,0.2209582902447432
Tr0665.nii.gz,214.0,202.5,133.0,7.0,8.0,7.0,aneurysm,346.0,8.564407334432472,9.445638840682092,0.8179190751445087,0.0
Tr0666.nii.gz,237.0,207.5,97.5,13.0,12.0,4.0,aneurysm,364.0,4.818444091604824,15.216541864295392,0.9917582417582418,0.0
Tr0667.nii.gz,334.0,234.0,91.0,9.0,7.0,5.0,aneurysm,221.0,5.948971524528512,9.95836527446652,0.9773755656108596,0.0
Tr0667.nii.gz,282.5,235.0,102.0,8.0,7.0,5.0,aneurysm,222.0,5.650491112323796,9.459202623359095,0.8378378378378378,0.0
Tr0668.nii.gz,418.5,232.5,186.5,22.0,18.0,16.0,aneurysm,3422.0,16.070347196428745,23.277573993862568,0.8702513150204558,0.0
Tr0669.nii.gz,231.5,206.5,199.5,16.0,12.0,8.0,aneurysm,578.0,7.594755478073725,15.626423156403511,0.9117647058823528,0.0
Tr0670.nii.gz,260.0,196.5,165.0,11.0,12.0,15.0,aneurysm,833.0,10.027421917636808,17.367198855708462,0.9483793517406964,0.0
Tr0671.nii.gz,296.0,205.5,123.5,9.0,10.0,8.0,aneurysm,386.0,8.270806216155007,11.211298972818737,0.9248704663212436,0.0
Tr0672.nii.gz,196.0,210.5,133.0,23.0,22.0,23.0,aneurysm,6393.0,20.95138608327427,26.275253029642936,0.0473955889253871,0.7817925856405443
Tr0673.nii.gz,292.5,309.0,175.0,12.0,15.0,9.0,aneurysm,1040.0,9.986732998396228,14.859827002415264,0.9865384615384616,0.0
Tr0674.nii.gz,313.5,249.5,207.5,8.0,10.0,6.0,aneurysm,285.0,5.90505791657888,11.887726248215412,0.1228070175438596,0.0
Tr0675.nii.gz,230.5,205.5,124.5,8.0,10.0,6.0,aneurysm,330.0,6.570201694840405,11.90926602391196,0.9606060606060606,0.0
Tr0676.nii.gz,349.5,307.5,107.0,12.0,12.0,9.0,aneurysm,618.0,8.836745215577647,13.25438724984828,0.9773462783171522,0.0
Tr0676.nii.gz,282.0,274.0,112.5,25.0,21.0,12.0,aneurysm,2317.0,11.6386664288579,31.586492709903546,0.7134225291324989,0.1747949935261113
Tr0676.nii.gz,408.5,312.5,118.5,14.0,16.0,12.0,aneurysm,1589.0,12.190691300309286,18.07325116367066,0.8596601636249214,0.0
Tr0676.nii.gz,448.5,293.5,126.0,14.0,14.0,11.0,aneurysm,1222.0,11.17269422509409,15.979479020002332,0.8936170212765957,0.0
Tr0677.nii.gz,319.0,187.5,175.5,11.0,10.0,8.0,aneurysm,336.0,6.210938051129494,13.724584572512398,0.5565476190476191,0.0
Tr0678.nii.gz,307.5,222.0,117.0,12.0,9.0,9.0,aneurysm,605.0,8.988496824580569,13.679707365744068,0.9834710743801652,0.0099173553719008
Tr0679.nii.gz,178.0,250.0,86.5,13.0,15.0,14.0,aneurysm,1294.0,11.116998923030154,16.86039252718522,0.6901081916537867,0.1769706336939721
Tr0680.nii.gz,297.5,201.0,192.0,36.0,29.0,21.0,aneurysm,6487.0,18.379082119203307,34.855139769231585,0.9546785879451212,0.0
Tr0681.nii.gz,319.5,253.5,154.5,10.0,8.0,6.0,aneurysm,334.0,6.752456292053727,11.84131083797518,0.6437125748502994,0.0
Tr0682.nii.gz,143.0,150.5,113.0,19.0,18.0,17.0,aneurysm,2015.0,12.47122674387935,22.96301676042041,0.9622828784119106,0.0
Tr0682.nii.gz,304.5,156.5,124.5,12.0,8.0,10.0,aneurysm,589.0,8.687662683786822,12.530853277746653,0.9456706281833616,0.0
Tr0683.nii.gz,319.5,241.5,133.5,14.0,20.0,14.0,aneurysm,1253.0,9.143126309966444,23.48321448822673,0.7166799680766162,0.1324820430965682
Tr0684.nii.gz,269.5,182.5,145.0,10.0,10.0,11.0,aneurysm,668.0,9.441335516017707,13.25067560166779,0.8188622754491018,0.0
Tr0685.nii.gz,295.0,210.0,132.0,9.0,9.0,5.0,aneurysm,206.0,5.279005487682928,9.9918054071774,0.7427184466019418,0.0
Tr0686.nii.gz,334.0,216.0,133.5,27.0,21.0,26.0,aneurysm,6528.0,18.99107135750264,33.89973853245554,0.7359068627450981,0.0
Tr0687.nii.gz,329.0,228.0,117.5,13.0,11.0,12.0,aneurysm,799.0,9.875032931072289,15.997743530442529,0.8210262828535669,0.1426783479349186
Tr0688.nii.gz,302.5,221.0,179.5,16.0,13.0,22.0,aneurysm,2276.0,13.48579418019441,26.69667916515601,0.5834797891036907,0.000439367311072
Tr0689.nii.gz,234.5,200.0,181.0,12.0,9.0,7.0,aneurysm,415.0,7.351559602564381,12.241634834769936,0.9951807228915662,0.0
Tr0690.nii.gz,328.0,242.5,140.0,13.0,14.0,15.0,aneurysm,882.0,9.228446929546031,20.726176800135555,0.8662131519274376,0.0034013605442176
Tr0691.nii.gz,345.0,276.0,134.5,23.0,13.0,10.0,aneurysm,1284.0,9.561923202613317,23.80447757428461,0.6697819314641744,0.0
Tr0692.nii.gz,300.5,194.5,179.0,8.0,10.0,7.0,aneurysm,232.0,6.7480752786799725,10.868372397175246,0.6336206896551724,0.0
Tr0693.nii.gz,289.0,229.0,119.0,11.0,7.0,5.0,aneurysm,245.0,5.237908827062616,11.18581116488799,0.9102040816326532,0.0
Tr0693.nii.gz,261.5,216.0,145.0,8.0,7.0,3.0,aneurysm,88.0,2.5282677091609407,10.141634596996496,0.8295454545454546,0.0
Tr0694.nii.gz,231.0,209.0,220.5,11.0,13.0,10.0,aneurysm,527.0,7.875295943829166,13.747015139766877,0.7590132827324478,0.0
Tr0695.nii.gz,181.5,169.0,168.5,20.0,17.0,18.0,aneurysm,2334.0,13.09984229255985,25.51418987590633,0.2930591259640103,0.0179948586118251
Tr0696.nii.gz,483.5,349.5,158.5,14.0,18.0,18.0,aneurysm,1757.0,11.135777595210484,24.68882435495792,0.7615253272623791,0.0978941377347751
Tr0697.nii.gz,310.0,295.5,179.5,21.0,18.0,18.0,aneurysm,2659.0,14.448794287722125,25.539200614018903,0.7232042121098157,0.0
Tr0698.nii.gz,365.0,242.0,232.5,13.0,21.0,12.0,aneurysm,1161.0,10.087495501186288,21.50480462595273,0.5107665805340224,0.0
Tr0699.nii.gz,169.5,186.5,126.5,16.0,16.0,12.0,aneurysm,1538.0,12.689477373331504,18.40788234955529,0.8485045513654096,0.0
Tr0700.nii.gz,247.0,269.5,156.5,27.0,26.0,24.0,aneurysm,6253.0,20.56485957731373,27.589570182409734,0.9732928194466656,0.0
Tr0701.nii.gz,270.5,190.0,198.0,10.0,9.0,9.0,aneurysm,346.0,8.186755699681097,10.17723310226146,0.9971098265895952,0.0
Tr0702.nii.gz,266.5,193.0,148.5,18.0,17.0,14.0,aneurysm,1262.0,10.39113989118083,22.894956675623376,0.8906497622820919,0.0
Tr0703.nii.gz,328.5,194.0,179.5,14.0,11.0,8.0,aneurysm,725.0,8.647025234450027,15.583733267129524,0.7848275862068965,0.0
Tr0704.nii.gz,328.0,223.0,202.5,9.0,11.0,4.0,aneurysm,163.0,3.773280710356032,12.963042084987208,0.5521472392638037,0.0
Tr0705.nii.gz,301.5,241.5,87.5,16.0,16.0,14.0,aneurysm,1791.0,13.070201162569848,19.120548640319026,0.9597989949748744,0.0
Tr0706.nii.gz,308.0,306.0,96.5,27.0,29.0,22.0,aneurysm,8039.0,21.14288568585064,30.43665595596914,0.2931956711033711,0.0
Tr0707.nii.gz,241.5,210.0,113.0,8.0,9.0,9.0,aneurysm,309.0,6.40530932185766,12.237154028039988,0.686084142394822,0.145631067961165
Tr0708.nii.gz,270.5,295.0,212.0,12.0,13.0,13.0,aneurysm,1224.0,12.220079569400369,16.324438661173684,0.8839869281045751,0.0
Tr0709.nii.gz,359.0,254.5,145.0,19.0,24.0,23.0,aneurysm,3740.0,15.865836003843029,29.071654256150005,0.9409090909090908,0.0
Tr0710.nii.gz,210.5,198.0,202.5,24.0,21.0,18.0,aneurysm,3302.0,15.401674342968557,22.1254565430573,0.9457904300423986,0.0
Tr0711.nii.gz,311.5,210.0,118.5,6.0,5.0,4.0,aneurysm,86.0,4.367194051255964,6.599536151508074,0.5,0.5
Tr0712.nii.gz,276.5,192.0,110.0,12.0,11.0,9.0,aneurysm,495.0,7.221958910685377,13.8771476789646,0.7757575757575758,0.0
Tr0713.nii.gz,144.0,246.0,127.5,11.0,13.0,10.0,aneurysm,667.0,8.549052512022527,13.981267356414804,0.9685157421289357,0.0
Tr0714.nii.gz,229.5,219.5,201.5,8.0,8.0,6.0,aneurysm,295.0,6.74296691680928,9.843650621886052,0.905084745762712,0.0
Tr0715.nii.gz,275.0,215.5,218.0,9.0,6.0,5.0,aneurysm,171.0,5.416206457266277,10.01427696336922,0.783625730994152,0.0
Tr0716.nii.gz,242.5,268.0,138.5,12.0,11.0,10.0,aneurysm,619.0,8.144243890370406,15.495999013676762,0.9644588045234248,0.0
Tr0717.nii.gz,279.0,275.0,69.5,25.0,25.0,20.0,aneurysm,4274.0,17.1187176216928,25.261194526361397,0.950163781001404,0.0
Tr0717.nii.gz,264.5,194.5,118.0,8.0,8.0,5.0,aneurysm,228.0,5.430644746066397,9.39851220355832,0.618421052631579,0.0
Tr0717.nii.gz,292.5,207.5,166.5,28.0,26.0,26.0,aneurysm,6610.0,20.744219550558054,29.060359135190904,0.4364599092284417,0.0547655068078668
Tr0718.nii.gz,160.5,247.0,159.0,14.0,17.0,13.0,aneurysm,1594.0,11.902440610296708,20.069469851637944,0.9341279799247176,0.0
Tr0719.nii.gz,317.0,211.0,162.0,9.0,7.0,7.0,aneurysm,253.0,6.719525146764415,9.644279775579063,0.6284584980237155,0.0
Tr0720.nii.gz,304.0,235.5,162.5,13.0,8.0,10.0,aneurysm,451.0,7.814207921741761,11.410505998794616,0.6607538802660754,0.0
Tr0721.nii.gz,231.5,213.5,128.0,8.0,20.0,11.0,aneurysm,801.0,8.229381692355803,20.68404415699467,0.8901373283395755,0.0
Tr0722.nii.gz,283.5,191.5,138.0,22.0,22.0,23.0,aneurysm,3264.0,16.008164260356544,25.334344658383763,0.2772671568627451,0.0
Tr0723.nii.gz,345.5,240.5,158.5,10.0,12.0,8.0,aneurysm,448.0,8.110706560382951,11.572248553912852,0.9821428571428572,0.0
Tr0724.nii.gz,262.5,212.5,184.0,16.0,12.0,9.0,aneurysm,438.0,6.654540159013313,19.579364349912243,0.6164383561643836,0.0
Tr0724.nii.gz,271.0,214.5,192.0,15.0,12.0,9.0,aneurysm,522.0,7.555402038856224,18.810489215610943,0.0459770114942528,0.0
Tr0725.nii.gz,389.0,233.0,122.0,7.0,7.0,5.0,aneurysm,181.0,5.489925473172978,8.284529950762607,0.9834254143646408,0.0
Tr0726.nii.gz,323.0,204.0,154.5,15.0,15.0,14.0,aneurysm,1208.0,12.12293257796552,16.20399360688857,0.7947019867549668,0.0
Tr0727.nii.gz,270.5,225.5,135.0,8.0,6.0,5.0,aneurysm,181.0,5.7086215356262,9.48666174621037,0.8950276243093923,0.0
Tr0728.nii.gz,146.5,202.0,107.5,10.0,9.0,12.0,aneurysm,545.0,8.780273015771785,13.594163212043632,0.7009174311926606,0.0
Tr0729.nii.gz,186.5,231.0,137.5,10.0,11.0,10.0,aneurysm,591.0,9.223437483501506,12.0759368560206,0.7174280879864636,0.0
Tr0730.nii.gz,367.0,278.0,156.5,23.0,23.0,24.0,aneurysm,3661.0,15.383438997789272,30.678596802811445,0.929800600928708,0.0
Tr0731.nii.gz,292.5,205.5,162.5,10.0,10.0,10.0,aneurysm,576.0,9.753572896763451,12.662675119161907,1.0,0.0
Tr0733.nii.gz,294.5,206.5,136.0,8.0,8.0,5.0,aneurysm,238.0,5.865327530248432,9.39124399374692,0.6596638655462185,0.0
Tr0734.nii.gz,416.0,251.0,12.5,81.0,73.0,26.0,aneurysm,62286.0,26.33636004495112,76.81167047293434,0.0,0.0
Tr0734.nii.gz,388.0,288.5,2.0,1.0,2.0,1.0,aneurysm,2.0,0.0,2.23606797749979,0.0,0.0
Tr0734.nii.gz,418.5,210.0,3.0,2.0,1.0,1.0,aneurysm,2.0,0.0,2.23606797749979,0.0,0.0
Tr0734.nii.gz,391.0,284.0,8.0,1.0,1.0,1.0,aneurysm,1.0,0.0,0.0,0.0,0.0
Tr0734.nii.gz,446.0,275.0,11.0,1.0,1.0,1.0,aneurysm,1.0,0.0,0.0,0.0,0.0
Tr0734.nii.gz,396.0,267.0,20.0,1.0,1.0,1.0,aneurysm,1.0,0.0,0.0,0.0,0.0
Tr0734.nii.gz,409.0,267.0,22.0,1.0,1.0,1.0,aneurysm,1.0,0.0,0.0,0.0,0.0
Tr0735.nii.gz,269.0,196.0,124.0,9.0,7.0,7.0,aneurysm,323.0,7.601258832726061,10.07220493198822,0.5975232198142415,0.3808049535603715
Tr0736.nii.gz,436.0,288.0,169.0,13.0,13.0,7.0,aneurysm,525.0,7.139519514283785,15.917781134655446,0.8038095238095239,0.0
Tr0737.nii.gz,299.0,204.0,124.0,7.0,7.0,5.0,aneurysm,198.0,5.7060000264223625,8.998501431483968,0.4646464646464646,0.303030303030303
Tr0738.nii.gz,203.5,218.5,112.5,30.0,32.0,26.0,aneurysm,11939.0,25.17866618970332,32.58849596889119,0.73749895301114,0.0201021861127397
Tr0739.nii.gz,266.5,195.5,116.0,22.0,12.0,17.0,aneurysm,1497.0,11.233827094538924,27.06748514486379,0.974615898463594,0.0
Tr0740.nii.gz,340.5,242.0,170.0,30.0,15.0,25.0,aneurysm,3601.0,14.179846771736132,34.390787775691265,0.9991668980838656,0.0002777006387114
Tr0740.nii.gz,171.5,242.5,184.5,10.0,22.0,12.0,aneurysm,1003.0,10.09286924265452,19.390731876962764,0.9880358923230308,0.0
Tr0741.nii.gz,194.5,197.5,137.0,16.0,16.0,11.0,aneurysm,1488.0,11.609589120176636,16.741592879103123,0.6706989247311828,0.0
Tr0742.nii.gz,300.5,193.0,145.0,12.0,9.0,7.0,aneurysm,280.0,7.337536236823655,11.990599995485006,0.9892857142857144,0.0
Tr0742.nii.gz,283.0,157.5,153.0,13.0,14.0,11.0,aneurysm,1001.0,11.241198521096036,14.994740739088744,0.967032967032967,0.0
Tr0743.nii.gz,272.0,215.0,176.0,15.0,23.0,13.0,aneurysm,1920.0,11.548991144101803,26.10764848897957,0.6979166666666666,0.0
Tr0744.nii.gz,346.0,223.5,104.5,11.0,8.0,6.0,aneurysm,316.0,6.216015835009152,11.50596666710587,1.0,0.0
Tr0745.nii.gz,270.5,247.5,238.5,10.0,10.0,8.0,aneurysm,545.0,8.524836155687806,11.57059142595256,0.8495412844036697,0.0
Tr0746.nii.gz,326.5,220.0,122.0,14.0,15.0,17.0,aneurysm,1538.0,12.617518419248391,18.135986381992133,0.953185955786736,0.0
Tr0747.nii.gz,245.5,228.0,128.5,10.0,7.0,8.0,aneurysm,344.0,7.87288330913856,10.609464537056116,0.8459302325581395,0.0
Tr0747.nii.gz,303.0,222.5,132.0,5.0,6.0,5.0,aneurysm,104.0,5.172214564702736,6.969840460343455,1.0,0.0
Tr0748.nii.gz,201.0,250.5,184.5,19.0,18.0,24.0,aneurysm,3759.0,15.88941348068569,28.366080686471307,0.8704442670923118,0.0
Tr0748.nii.gz,212.5,230.5,225.0,12.0,14.0,13.0,aneurysm,1020.0,10.66789504282182,17.08151766534712,0.9794117647058824,0.0
Tr0749.nii.gz,214.0,239.0,45.5,9.0,13.0,14.0,aneurysm,721.0,9.80315243211728,14.20400908678819,0.9930651872399444,0.0
Tr0749.nii.gz,311.5,220.5,55.0,2.0,2.0,1.0,aneurysm,4.0,0.0,2.23606797749979,0.0,0.0
Tr0749.nii.gz,312.5,223.0,55.0,6.0,1.0,1.0,aneurysm,6.0,0.0,7.637626158259733,0.0,0.0
Tr0749.nii.gz,315.5,227.0,55.0,4.0,1.0,1.0,aneurysm,4.0,0.0,5.0,0.25,0.0
Tr0749.nii.gz,311.0,227.0,70.0,21.0,23.0,27.0,aneurysm,5005.0,14.773127001514178,31.874934915943346,0.8973026973026973,0.0
Tr0749.nii.gz,322.0,235.5,76.0,1.0,2.0,1.0,aneurysm,2.0,0.0,2.23606797749979,1.0,0.0
Tr0749.nii.gz,322.0,238.0,76.0,1.0,1.0,1.0,aneurysm,1.0,0.0,0.0,1.0,0.0
Tr0749.nii.gz,324.0,238.0,81.0,1.0,1.0,1.0,aneurysm,1.0,0.0,0.0,1.0,0.0
Tr0749.nii.gz,307.0,227.0,86.0,1.0,1.0,1.0,aneurysm,1.0,0.0,0.0,0.0,0.0
Tr0750.nii.gz,191.5,212.0,162.5,32.0,27.0,28.0,aneurysm,8885.0,22.56109577611727,35.37700886112966,0.1290939786156443,0.0
Tr0751.nii.gz,287.5,233.5,133.5,12.0,6.0,6.0,aneurysm,187.0,5.200717185953172,13.04739879564654,0.8128342245989305,0.0
Tr0751.nii.gz,236.5,231.5,143.5,18.0,12.0,6.0,aneurysm,614.0,6.069557172701037,19.8767108565845,0.995114006514658,0.0
Tr0752.nii.gz,348.5,253.5,187.5,10.0,6.0,6.0,aneurysm,248.0,6.4773913910705465,11.627440906216432,0.5362903225806451,0.0
Tr0753.nii.gz,230.5,233.5,119.0,24.0,14.0,13.0,aneurysm,1800.0,11.111704464974206,26.329618647779757,0.98,0.0038888888888888
Tr0754.nii.gz,249.0,118.0,228.5,9.0,9.0,8.0,aneurysm,437.0,9.165762820798756,10.559180478255865,0.0,0.5194508009153318
Tr0755.nii.gz,252.5,208.0,145.0,18.0,15.0,19.0,aneurysm,2417.0,14.67198402766394,22.06499235582682,0.9048407116259828,0.0
Tr0756.nii.gz,280.5,263.5,124.0,12.0,14.0,11.0,aneurysm,712.0,9.075857249118975,15.635215746437543,0.7191011235955056,0.0
Tr0757.nii.gz,203.0,199.0,162.5,17.0,21.0,8.0,aneurysm,766.0,7.607700402693401,26.75114569435756,0.762402088772846,0.0
Tr0758.nii.gz,306.0,240.0,122.0,13.0,13.0,13.0,aneurysm,890.0,10.724010676338944,15.10665846114818,0.9775280898876404,0.0
Tr0758.nii.gz,369.5,228.5,126.5,18.0,18.0,16.0,aneurysm,2464.0,14.83241073783746,20.65905170631387,0.9801136363636364,0.0
Tr0759.nii.gz,193.5,195.0,199.0,18.0,17.0,15.0,aneurysm,2163.0,15.53089044482712,19.26022612234627,0.841886269070735,0.0
Tr0759.nii.gz,249.0,201.5,209.0,17.0,20.0,17.0,aneurysm,2496.0,14.220083544242907,22.132157619044825,0.7972756410256411,0.0
Tr0760.nii.gz,295.5,249.0,148.5,8.0,7.0,6.0,aneurysm,175.0,6.572427300531697,8.29996299530905,1.0,0.0
Tr0761.nii.gz,246.0,207.0,139.5,17.0,15.0,14.0,aneurysm,1394.0,10.579833580892812,20.029566357776964,0.9275466284074604,0.0229555236728837
Tr0762.nii.gz,262.0,236.5,118.0,13.0,10.0,7.0,aneurysm,456.0,8.032242239957998,12.88104894046798,0.962719298245614,0.0
Tr0762.nii.gz,269.5,246.5,128.0,14.0,8.0,9.0,aneurysm,564.0,8.53518524545644,13.913550819050242,0.8191489361702128,0.0
Tr0763.nii.gz,260.0,203.0,145.0,9.0,9.0,11.0,aneurysm,374.0,6.497529254364465,15.011248699443174,0.9171122994652406,0.0
Tr0764.nii.gz,346.5,251.5,225.5,16.0,12.0,14.0,aneurysm,1695.0,13.761384424730808,16.802531364639005,0.759882005899705,0.0
Tr0765.nii.gz,383.0,272.5,131.0,17.0,18.0,23.0,aneurysm,2716.0,14.483391695911385,25.63946660176793,0.790500736377025,0.0
Tr0766.nii.gz,300.0,238.0,142.0,7.0,5.0,5.0,aneurysm,107.0,4.451831546268405,8.378703004238604,0.9252336448598132,0.0
Tr0767.nii.gz,271.5,237.0,87.5,18.0,25.0,22.0,aneurysm,3483.0,14.756401818371636,24.762211024631227,0.9669824863623312,0.0
Tr0768.nii.gz,204.0,223.0,126.5,23.0,19.0,20.0,aneurysm,3932.0,17.76656600429591,21.99585647560148,0.9498982706002036,0.004323499491353
Tr0769.nii.gz,280.5,325.0,64.5,12.0,9.0,12.0,aneurysm,819.0,10.301281563391468,13.66789194381982,0.945054945054945,0.0
Tr0770.nii.gz,271.5,306.0,177.0,10.0,11.0,11.0,aneurysm,461.0,7.620043714358228,14.377596324297627,0.8872017353579176,0.0
Tr0771.nii.gz,334.5,235.0,130.5,18.0,11.0,12.0,aneurysm,745.0,8.827052413973455,21.076490615235485,0.763758389261745,0.1006711409395973
Tr0771.nii.gz,277.5,256.5,139.5,8.0,10.0,6.0,aneurysm,303.0,5.766488834751304,11.74633494915408,0.6864686468646864,0.0
Tr0772.nii.gz,269.0,238.0,139.5,9.0,7.0,6.0,aneurysm,251.0,6.793119302762905,9.947303271380967,0.9282868525896414,0.0
Tr0773.nii.gz,340.5,252.5,206.0,18.0,14.0,17.0,aneurysm,1820.0,12.671084103629124,19.109121085373424,0.3324175824175824,0.0
Tr0774.nii.gz,236.5,231.0,156.5,18.0,17.0,18.0,aneurysm,1940.0,14.352956386022765,20.3909524398907,0.9494845360824742,0.0092783505154639
Tr0775.nii.gz,278.5,283.5,130.0,62.0,48.0,63.0,aneurysm,60036.0,38.47886778683007,75.6677349606966,0.0203711106669331,0.25
Tr0775.nii.gz,173.5,205.5,148.5,20.0,18.0,18.0,aneurysm,3540.0,16.367432723510866,23.683241430622346,0.9415254237288136,0.0
Tr0775.nii.gz,314.0,221.5,174.5,9.0,8.0,10.0,aneurysm,389.0,8.215807012669615,11.918989162406156,0.9023136246786632,0.0
Tr0775.nii.gz,241.0,284.5,202.5,31.0,28.0,28.0,aneurysm,10827.0,23.686069619704448,31.017590062925493,0.0321418675533388,0.171515655306179
Tr0776.nii.gz,308.0,234.5,146.5,9.0,10.0,6.0,aneurysm,424.0,7.224238627990141,11.817233452028637,0.8349056603773585,0.0
Tr0776.nii.gz,249.0,235.0,145.5,11.0,7.0,4.0,aneurysm,201.0,4.386167433646765,11.485769281653424,0.7661691542288557,0.0
Tr0777.nii.gz,294.0,198.5,95.5,25.0,28.0,20.0,aneurysm,4376.0,16.29632537889517,31.53582615667588,0.893510054844607,0.0
Tr0778.nii.gz,293.0,273.5,63.5,11.0,10.0,8.0,aneurysm,514.0,8.405052055587873,11.91617825784191,0.9571984435797666,0.0
Tr0779.nii.gz,262.5,183.5,89.0,12.0,14.0,9.0,aneurysm,931.0,10.24577127519637,14.302844087180496,0.8882921589688507,0.0118152524167561
Tr0780.nii.gz,247.5,242.0,160.5,14.0,17.0,14.0,aneurysm,1034.0,10.269510711881,20.57260930061199,0.9970986460348162,0.0
Tr0781.nii.gz,247.0,186.0,110.5,11.0,9.0,8.0,aneurysm,540.0,8.892937446018925,11.383621289714048,0.8518518518518519,0.0
Tr0782.nii.gz,314.5,213.0,110.5,14.0,19.0,14.0,aneurysm,1258.0,10.362332948718064,20.63064001357153,0.9125596184419714,0.0103338632750397
Tr0783.nii.gz,259.0,236.5,158.0,33.0,32.0,29.0,aneurysm,13846.0,27.65484557484492,32.0549836088479,0.1923299147768308,0.0002166690741008
Tr0784.nii.gz,277.5,206.0,100.0,14.0,15.0,9.0,aneurysm,1018.0,9.759125533145394,15.193453929127775,0.731827111984283,0.0
Tr0785.nii.gz,331.5,222.0,118.5,18.0,11.0,8.0,aneurysm,635.0,7.541490506983764,20.722069434590157,0.8031496062992126,0.0
Tr0786.nii.gz,269.5,214.5,174.0,12.0,14.0,9.0,aneurysm,858.0,9.691481457979233,16.47665559998782,0.8694638694638694,0.0
Tr0787.nii.gz,356.0,259.0,145.0,15.0,13.0,11.0,aneurysm,926.0,10.45312310110287,16.161273552896194,0.7483801295896328,0.0
Tr0788.nii.gz,204.5,169.5,94.5,22.0,22.0,20.0,aneurysm,3043.0,13.629553268817023,26.948654125259043,0.9112717712783436,0.0003286230693394
Tr0789.nii.gz,321.5,196.0,189.0,10.0,9.0,9.0,aneurysm,418.0,8.443615154433685,11.849376954847653,0.901913875598086,0.0287081339712918
Tr0790.nii.gz,327.0,274.5,196.5,9.0,8.0,10.0,aneurysm,212.0,5.460525883154418,11.969244338684137,0.9622641509433962,0.0
Tr0791.nii.gz,367.5,209.0,155.0,16.0,17.0,15.0,aneurysm,2127.0,13.84169347960483,19.36153696012233,0.768218147625764,0.003761165961448
Tr0791.nii.gz,306.5,212.5,155.5,8.0,8.0,6.0,aneurysm,296.0,6.3433707982527725,10.087020494576574,0.625,0.0
Tr0792.nii.gz,382.5,257.5,148.0,14.0,14.0,9.0,aneurysm,1029.0,10.29010787381518,14.69080482018924,0.8182701652089407,0.0349854227405247
Tr0792.nii.gz,351.5,249.5,183.0,28.0,28.0,23.0,aneurysm,7064.0,18.554625325829715,32.35350482907535,0.6102774631936579,0.0
Tr0793.nii.gz,284.0,259.5,180.0,11.0,14.0,13.0,aneurysm,841.0,9.667233323451736,17.835024049156065,0.2413793103448276,0.1664684898929845
Tr0794.nii.gz,236.5,227.5,25.5,20.0,16.0,18.0,aneurysm,2712.0,12.9262583475867,22.89875375296104,0.7938790560471977,0.0
Tr0795.nii.gz,309.0,220.5,148.0,21.0,28.0,21.0,aneurysm,5978.0,19.30340876663501,28.081887277711868,0.1443626630980261,0.0
Tr0796.nii.gz,365.5,217.5,182.0,10.0,14.0,11.0,aneurysm,1085.0,11.0876118765882,16.222845340075843,0.9502304147465438,0.0
Tr0797.nii.gz,211.5,282.5,13.0,16.0,16.0,15.0,aneurysm,2050.0,14.41440091666004,17.471283809732487,0.8868292682926829,0.0
Tr0798.nii.gz,228.5,181.5,200.0,10.0,10.0,5.0,aneurysm,258.0,5.326520296592606,11.159115337297631,0.9341085271317828,0.0
Tr0799.nii.gz,331.5,198.0,127.0,10.0,15.0,7.0,aneurysm,537.0,7.592389632437367,16.290708633260305,0.9497206703910616,0.0
Tr0800.nii.gz,228.5,179.5,193.0,10.0,14.0,11.0,aneurysm,575.0,8.75714432103912,14.16117781772343,0.9878260869565216,0.0
Tr0801.nii.gz,289.5,208.5,70.0,18.0,16.0,11.0,aneurysm,1319.0,10.54803826585674,19.08201740030851,0.912054586808188,0.0
Tr0802.nii.gz,362.5,239.5,152.5,10.0,10.0,10.0,aneurysm,563.0,8.650476406238006,12.114500008295565,0.8365896980461812,0.0
Tr0803.nii.gz,303.0,213.0,163.5,9.0,7.0,6.0,aneurysm,298.0,7.124297341825251,10.706345991814969,0.4328859060402684,0.5671140939597316
Tr0804.nii.gz,329.5,194.0,180.0,14.0,11.0,11.0,aneurysm,747.0,9.576729442786649,14.878437970506708,0.9009370816599732,0.0
Tr0805.nii.gz,267.0,230.0,192.0,13.0,17.0,15.0,aneurysm,2026.0,13.778945326528229,19.03034088452269,0.0621915103652517,0.0
Tr0806.nii.gz,281.5,196.5,232.5,12.0,12.0,10.0,aneurysm,1038.0,11.00185783759232,13.85459359200543,0.2630057803468208,0.3709055876685934
Tr0807.nii.gz,245.0,204.5,78.5,9.0,6.0,6.0,aneurysm,248.0,6.394157021895449,10.539815634566898,0.4233870967741935,0.4637096774193548
Tr0808.nii.gz,184.5,187.5,142.5,70.0,66.0,66.0,aneurysm,147550.0,59.28767863788007,72.44629691749344,0.0002236529989833,0.0002846492714334
Tr0809.nii.gz,337.0,206.5,131.0,31.0,32.0,29.0,aneurysm,14977.0,28.81596356127869,32.98506935875109,0.3757094211123723,0.0
Tr0810.nii.gz,261.5,266.5,170.0,22.0,20.0,25.0,aneurysm,2986.0,14.305971801447829,28.684463655151763,0.9722036168787676,0.0
Tr0811.nii.gz,322.0,243.0,147.5,13.0,11.0,16.0,aneurysm,915.0,10.331635872626626,18.151034019823072,0.9453551912568308,0.0
Tr0812.nii.gz,204.0,225.0,135.5,7.0,9.0,6.0,aneurysm,293.0,6.718687172236798,10.434299288345771,0.9180887372013652,0.0
Tr0813.nii.gz,210.0,192.0,130.0,13.0,13.0,9.0,aneurysm,979.0,10.356136248138014,15.07164904638943,0.9387129724208376,0.0306435137895812
Tr0814.nii.gz,262.0,185.5,181.0,9.0,14.0,9.0,aneurysm,673.0,8.310999097488875,15.602640601761324,0.9286775631500744,0.0
Tr0815.nii.gz,310.5,276.0,187.5,22.0,21.0,22.0,aneurysm,4064.0,17.456894318996135,25.08119839156241,0.4323326771653543,0.0
Tr0816.nii.gz,316.0,277.0,162.0,19.0,19.0,13.0,aneurysm,2739.0,14.34194490745905,20.71374923848716,0.8744067177802117,0.0
Tr0817.nii.gz,322.0,240.5,183.5,9.0,8.0,4.0,aneurysm,233.0,4.884409909693124,10.681524366415514,0.5364806866952789,0.0
Tr0818.nii.gz,175.5,181.5,77.0,12.0,10.0,11.0,aneurysm,947.0,10.329550744099844,14.374862845436455,0.8025343189017952,0.0591341077085533
Tr0819.nii.gz,239.5,251.0,181.5,24.0,27.0,22.0,aneurysm,4364.0,16.226131162435028,35.002180720577314,0.845096241979835,0.0
Tr0820.nii.gz,285.0,213.5,186.0,21.0,20.0,17.0,aneurysm,3004.0,14.509568253259634,21.957100919949195,0.7413448735019973,0.0
Tr0821.nii.gz,246.0,194.0,158.0,9.0,11.0,7.0,aneurysm,365.0,5.8602492145681735,11.556249749043824,0.8191780821917808,0.0
Tr0822.nii.gz,273.0,204.0,131.5,7.0,11.0,10.0,aneurysm,564.0,8.260234992873105,13.108826545233413,0.8953900709219859,0.0283687943262411
Tr0822.nii.gz,190.0,197.0,174.0,9.0,9.0,9.0,aneurysm,440.0,8.58716967102003,11.07340449476357,0.8795454545454545,0.0
Tr0823.nii.gz,372.0,275.5,157.5,19.0,14.0,14.0,aneurysm,1511.0,10.515545279330146,18.17079305270164,0.915949702183984,0.0258107213765718
Tr0824.nii.gz,272.5,228.5,110.0,8.0,8.0,5.0,aneurysm,203.0,5.575620184587909,8.774812332497495,0.8472906403940886,0.0
Tr0825.nii.gz,225.5,191.5,106.0,10.0,8.0,7.0,aneurysm,314.0,7.099733297408588,10.036653713525546,0.9044585987261148,0.0
Tr0826.nii.gz,262.5,201.0,140.0,12.0,9.0,7.0,aneurysm,414.0,7.145879255824663,11.857758837397366,0.9082125603864736,0.0
Tr0827.nii.gz,292.0,247.5,137.0,23.0,26.0,21.0,aneurysm,3829.0,15.518039654300274,25.30216176420601,0.7821885609819796,0.0
Tr0828.nii.gz,310.0,194.0,149.0,17.0,15.0,13.0,aneurysm,1996.0,13.162453491830547,19.17394230652344,0.8707414829659319,0.0
Tr0828.nii.gz,258.0,211.0,154.0,21.0,21.0,15.0,aneurysm,3411.0,15.76104141829079,21.98888265059429,0.8970976253298153,0.0
Tr0829.nii.gz,224.0,210.0,138.5,19.0,19.0,16.0,aneurysm,2307.0,13.82562848748458,21.92412485163728,0.8846987429562202,0.0
Tr0830.nii.gz,338.5,268.5,174.5,10.0,8.0,10.0,aneurysm,399.0,7.7114291863810385,12.39739316857864,1.0,0.0
Tr0831.nii.gz,176.5,266.5,120.0,30.0,30.0,23.0,aneurysm,8536.0,19.56370703065382,33.62368203286443,0.8200562324273665,0.0431115276476101
Tr0832.nii.gz,187.5,229.0,200.5,10.0,7.0,6.0,aneurysm,302.0,6.498324629255404,11.71815954291683,0.9403973509933776,0.0
Tr0833.nii.gz,366.0,243.0,151.5,15.0,13.0,8.0,aneurysm,758.0,8.592193341041229,14.221054655832718,0.8575197889182058,0.0
Tr0834.nii.gz,225.0,194.5,180.5,7.0,10.0,6.0,aneurysm,255.0,6.754566546237915,9.51323203611908,0.2941176470588235,0.6
Tr0835.nii.gz,308.0,252.5,185.0,11.0,14.0,15.0,aneurysm,967.0,10.471564006341309,17.033999583952927,0.7973112719751809,0.0
Tr0836.nii.gz,308.5,256.5,160.5,12.0,10.0,6.0,aneurysm,464.0,6.70667806896717,12.702932009658394,0.9655172413793104,0.0
Tr0836.nii.gz,418.5,235.0,181.5,10.0,9.0,6.0,aneurysm,310.0,6.5362370296688255,10.975089584163044,0.7290322580645161,0.0
Tr0836.nii.gz,262.0,239.0,188.0,9.0,13.0,7.0,aneurysm,569.0,7.340932606596459,14.321197324390228,0.9103690685413004,0.0
Tr0837.nii.gz,248.0,241.0,136.5,15.0,17.0,12.0,aneurysm,1806.0,13.083413479812696,17.37794518072937,0.7513842746400886,0.0669988925802879
Tr0837.nii.gz,238.5,240.5,134.0,2.0,2.0,1.0,aneurysm,4.0,0.0,2.23606797749979,0.0,0.0
Tr0837.nii.gz,238.5,242.0,136.5,2.0,5.0,2.0,aneurysm,18.0,2.175757265477011,5.896800247696218,0.0,0.0
Tr0837.nii.gz,333.5,222.0,145.0,16.0,17.0,11.0,aneurysm,1732.0,12.196672259173935,18.87361725031665,0.9128175519630484,0.0
Tr0838.nii.gz,254.0,188.0,168.5,9.0,9.0,8.0,aneurysm,415.0,7.7286980361113375,11.204159298985395,0.5469879518072289,0.0
Tr0838.nii.gz,235.5,197.0,187.5,22.0,21.0,20.0,aneurysm,4297.0,17.287934946803492,24.941794142603584,0.9620665580637654,0.0
Tr0839.nii.gz,382.5,416.0,65.5,20.0,15.0,20.0,aneurysm,2609.0,13.56784491539203,24.676910991870145,0.0,0.0
Tr0839.nii.gz,384.0,413.0,97.5,21.0,21.0,22.0,aneurysm,4263.0,18.16961284762384,24.56239892368891,0.0,0.0
Tr0840.nii.gz,278.0,224.0,155.5,13.0,21.0,10.0,aneurysm,950.0,9.78563363090827,20.66903993199878,0.988421052631579,0.0
Tr0841.nii.gz,263.0,241.0,125.0,9.0,7.0,5.0,aneurysm,220.0,5.437877441367453,10.123594691913397,0.8863636363636364,0.0
Tr0842.nii.gz,299.0,261.0,131.0,9.0,7.0,7.0,aneurysm,211.0,5.984179707719955,9.105733400560736,0.8625592417061612,0.0
Tr0842.nii.gz,245.0,247.0,141.5,11.0,9.0,6.0,aneurysm,319.0,6.732068254513441,10.474114926260103,0.8025078369905956,0.0
Tr0843.nii.gz,266.5,194.5,209.0,10.0,10.0,7.0,aneurysm,501.0,7.7242231161453,11.650726405103969,0.9800399201596808,0.0
Tr0843.nii.gz,332.5,203.5,210.0,10.0,10.0,7.0,aneurysm,416.0,7.057897609699871,11.406747873083534,0.6923076923076923,0.0
Tr0843.nii.gz,238.5,169.5,219.0,8.0,8.0,7.0,aneurysm,302.0,7.722612644859712,9.24638420808148,0.8112582781456954,0.0
Tr0844.nii.gz,264.0,152.5,209.5,21.0,22.0,20.0,aneurysm,3738.0,16.33961384966112,24.02881626226084,0.6701444622792937,0.0
Tr0845.nii.gz,347.0,274.5,137.5,9.0,10.0,8.0,aneurysm,386.0,7.4906445583332575,10.642714191553228,0.8393782383419689,0.0
Tr0846.nii.gz,225.0,324.0,133.5,25.0,25.0,22.0,aneurysm,7825.0,22.922861093477803,27.971003931129296,0.0010223642172523,0.6109904153354633
Tr0847.nii.gz,303.0,250.0,190.0,11.0,13.0,13.0,aneurysm,739.0,9.776430491703485,15.422118043205607,0.7144790257104194,0.0
Tr0848.nii.gz,234.0,208.0,160.0,9.0,9.0,5.0,aneurysm,253.0,5.037957675704222,10.892698207908165,0.857707509881423,0.0
Tr0849.nii.gz,322.5,235.5,107.5,8.0,10.0,10.0,aneurysm,545.0,9.071375305512548,12.396343997549968,0.7577981651376147,0.1247706422018348
Tr0850.nii.gz,251.0,207.0,168.5,15.0,15.0,14.0,aneurysm,1444.0,12.965686018026918,16.548986792524374,0.9750692520775625,0.0
Tr0851.nii.gz,281.0,234.5,157.5,7.0,8.0,8.0,aneurysm,291.0,6.954948756195904,10.381989267464402,0.6048109965635738,0.0
Tr0852.nii.gz,270.0,222.5,94.5,7.0,8.0,10.0,aneurysm,455.0,8.362359926376016,11.62079331606651,0.3692307692307692,0.6307692307692307
Tr0853.nii.gz,288.0,230.0,140.0,11.0,9.0,5.0,aneurysm,242.0,5.182723652125671,12.049805630648258,0.5619834710743802,0.0
Tr0853.nii.gz,296.0,221.5,143.5,5.0,6.0,4.0,aneurysm,96.0,4.525309831640369,7.01768255499521,0.5416666666666666,0.0
Tr0854.nii.gz,303.0,197.0,183.5,19.0,17.0,24.0,aneurysm,3455.0,15.132002668273223,24.80264262431207,0.8486251808972504,0.0642547033285094
Tr0855.nii.gz,328.0,254.0,164.0,11.0,11.0,5.0,aneurysm,303.0,5.38413177662443,12.078085965556138,0.9867986798679867,0.0033003300330033
Tr0856.nii.gz,270.5,261.0,180.5,8.0,11.0,4.0,aneurysm,239.0,4.712368394794101,11.988882520491863,1.0,0.0
Tr0857.nii.gz,222.0,192.0,199.0,31.0,29.0,17.0,aneurysm,7419.0,17.9140879635653,32.92170130637586,0.0686076290605202,0.0
Tr0858.nii.gz,421.0,344.0,195.0,11.0,17.0,9.0,aneurysm,919.0,9.243085929208137,17.069916634061897,0.397170837867247,0.0
Tr0859.nii.gz,290.5,203.5,127.5,14.0,14.0,10.0,aneurysm,1003.0,10.511943839772194,15.48124513805938,0.9730807577268196,0.0
Tr0860.nii.gz,218.5,224.5,200.0,24.0,32.0,29.0,aneurysm,7177.0,21.17926062873551,28.700037236023903,0.9609864846035948,0.0
Tr0861.nii.gz,165.0,202.5,96.0,7.0,8.0,7.0,aneurysm,218.0,6.96533299166608,8.7734635497255,0.5504587155963303,0.0
Tr0862.nii.gz,287.0,235.0,160.5,11.0,11.0,12.0,aneurysm,567.0,7.954886621505225,16.580838732243784,0.671957671957672,0.0
Tr0863.nii.gz,252.0,179.0,132.0,11.0,13.0,5.0,aneurysm,291.0,5.020153363242284,15.045886849126372,0.8247422680412371,0.1615120274914089
Tr0864.nii.gz,202.5,227.5,107.0,18.0,24.0,17.0,aneurysm,3214.0,15.5766916242993,24.99224593799534,0.8528313627878034,0.0208462974486621
Tr0865.nii.gz,341.0,187.5,131.0,11.0,12.0,9.0,aneurysm,697.0,9.23810617134409,12.935424053649742,0.8220946915351507,0.0
Tr0866.nii.gz,296.5,193.5,141.5,18.0,18.0,18.0,aneurysm,1784.0,11.280712590782766,20.846951130935945,0.648542600896861,0.0
Tr0867.nii.gz,193.0,167.0,131.0,19.0,17.0,11.0,aneurysm,1752.0,11.060514940700047,22.89170305505993,0.8984018264840182,0.0
Tr0868.nii.gz,343.5,277.0,225.5,14.0,9.0,8.0,aneurysm,490.0,6.876553266090396,16.043433793980757,0.610204081632653,0.0
Tr0869.nii.gz,221.5,199.0,128.5,18.0,25.0,16.0,aneurysm,3525.0,16.256642054754494,23.942006983047477,0.4516312056737588,0.0
Tr0870.nii.gz,312.0,285.5,99.0,25.0,24.0,17.0,aneurysm,2550.0,13.1406011678865,28.249121221836905,0.9180392156862746,0.0
Tr0871.nii.gz,262.5,210.0,119.0,8.0,9.0,7.0,aneurysm,364.0,7.939457391195812,10.194234173674936,0.6648351648351648,0.0
Tr0872.nii.gz,307.5,245.0,147.5,8.0,9.0,10.0,aneurysm,526.0,8.17483520760615,12.047142729546191,0.5475285171102662,0.0
Tr0873.nii.gz,342.0,210.0,145.0,9.0,11.0,7.0,aneurysm,414.0,7.832018604384634,10.95182364701926,0.7874396135265701,0.0
Tr0874.nii.gz,258.5,226.5,157.0,10.0,12.0,11.0,aneurysm,550.0,8.292016591603499,13.307216940692864,0.8145454545454546,0.0
Tr0875.nii.gz,241.5,211.5,114.0,8.0,12.0,7.0,aneurysm,261.0,5.503149499523698,13.605428695455412,0.0114942528735632,0.0
Tr0875.nii.gz,295.5,207.5,120.5,14.0,20.0,16.0,aneurysm,1980.0,12.80579495132264,22.57856597270535,0.8777777777777778,0.0636363636363636
Tr0875.nii.gz,232.5,204.5,120.0,12.0,10.0,9.0,aneurysm,562.0,8.648160834330683,14.785600502679468,0.9857651245551602,0.0
Tr0875.nii.gz,335.5,175.5,141.0,10.0,10.0,9.0,aneurysm,555.0,9.20305408390148,11.618018295088314,0.945945945945946,0.0
Tr0875.nii.gz,300.5,195.0,144.0,14.0,15.0,9.0,aneurysm,1064.0,9.961363311238646,16.292536547542728,0.7349624060150376,0.0
Tr0876.nii.gz,295.5,339.0,81.5,12.0,15.0,12.0,aneurysm,970.0,10.857024387249169,14.541919998781854,0.8412371134020619,0.0
Tr0877.nii.gz,275.5,224.0,120.0,16.0,11.0,13.0,aneurysm,1050.0,10.699707212161243,18.308009638296987,0.780952380952381,0.0
Tr0878.nii.gz,302.0,260.0,121.5,13.0,11.0,6.0,aneurysm,538.0,6.593650253724643,14.726523720454786,0.895910780669145,0.0
Tr0879.nii.gz,238.0,229.5,162.5,29.0,32.0,26.0,aneurysm,10063.0,21.561776332645017,37.36032218392368,0.7792904700387558,0.008844281029514
Tr0880.nii.gz,330.0,255.0,199.5,13.0,9.0,10.0,aneurysm,420.0,8.071936682861514,13.251439712414962,0.9476190476190476,0.0
Tr0881.nii.gz,182.5,220.5,72.0,12.0,16.0,15.0,aneurysm,1445.0,12.438380780751965,17.537715991064754,0.9252595155709342,0.0
Tr0882.nii.gz,304.5,249.0,213.0,10.0,15.0,9.0,aneurysm,838.0,9.696253261423946,16.1999005915933,0.8591885441527446,0.0
Tr0883.nii.gz,298.5,204.0,113.5,8.0,7.0,8.0,aneurysm,282.0,6.970510741727,9.43178623185914,0.6382978723404256,0.2446808510638297
Tr0884.nii.gz,284.0,214.0,93.0,9.0,9.0,7.0,aneurysm,366.0,7.399275162830099,10.413368124357108,0.4098360655737705,0.5819672131147541
Tr0885.nii.gz,293.5,261.0,172.0,20.0,19.0,13.0,aneurysm,2228.0,12.974314563650832,21.707447954823653,0.8707360861759426,0.0
Tr0886.nii.gz,278.0,232.0,152.0,15.0,17.0,13.0,aneurysm,1682.0,12.733662817894691,18.40803910713069,0.7009512485136742,0.1557669441141498
Tr0887.nii.gz,319.0,203.5,120.0,7.0,6.0,5.0,aneurysm,181.0,5.946543777260221,8.098863227945989,0.7845303867403315,0.0
Tr0888.nii.gz,281.5,246.0,123.5,14.0,15.0,14.0,aneurysm,1200.0,12.112748496142803,18.17175671843008,0.94,0.03
Tr0889.nii.gz,230.5,192.5,136.0,20.0,18.0,13.0,aneurysm,2176.0,13.54857977526646,19.878231834632118,0.7398897058823529,0.0
Tr0889.nii.gz,272.5,210.0,145.5,14.0,17.0,10.0,aneurysm,1498.0,11.561165289946686,19.05916455864921,0.815086782376502,0.0040053404539385
Tr0890.nii.gz,286.0,245.5,158.5,11.0,6.0,10.0,aneurysm,336.0,6.86275194218814,14.368686409627708,0.9702380952380952,0.0
Tr0891.nii.gz,294.5,251.0,132.0,20.0,25.0,15.0,aneurysm,3196.0,14.347563946075397,25.38316114181624,0.7894242803504381,0.0550688360450563
Tr0891.nii.gz,395.5,224.0,159.0,18.0,13.0,11.0,aneurysm,1529.0,10.994646080793856,20.81790092280948,0.9529103989535644,0.0
Tr0891.nii.gz,224.5,244.5,162.5,12.0,16.0,10.0,aneurysm,883.0,9.635093477778693,16.80796335507339,0.9445073612684032,0.0
Tr0892.nii.gz,280.0,207.0,135.5,17.0,15.0,18.0,aneurysm,2002.0,11.082739664237996,23.74800681484312,0.9615384615384616,0.0
Tr0893.nii.gz,262.0,188.0,92.5,25.0,17.0,16.0,aneurysm,3473.0,15.011882487676235,29.18947637825798,0.516268355888281,0.0040310970342643
Tr0894.nii.gz,254.0,207.5,216.5,17.0,20.0,22.0,aneurysm,2950.0,16.8031938911392,20.4451169733002,0.8325423728813559,0.0
Tr0895.nii.gz,237.0,244.0,125.5,7.0,5.0,6.0,aneurysm,160.0,5.677641319610975,8.753906494549655,0.8125,0.0
Tr0896.nii.gz,295.5,215.0,136.5,14.0,15.0,12.0,aneurysm,964.0,10.34651720787901,16.26399726270736,0.9512448132780082,0.0
Tr0897.nii.gz,381.0,243.0,167.5,33.0,39.0,20.0,aneurysm,10229.0,20.11370486550221,39.662457602055206,0.7275393489099619,0.0
Tr0898.nii.gz,319.0,247.0,157.5,11.0,9.0,8.0,aneurysm,525.0,8.075992183144983,12.698502684377631,0.48,0.0
Tr0899.nii.gz,282.5,236.5,156.5,40.0,38.0,30.0,aneurysm,16872.0,27.79856126271107,44.67907544101378,0.8460763394973921,0.0
Tr0900.nii.gz,251.5,219.0,146.0,10.0,11.0,7.0,aneurysm,480.0,7.510551302849887,11.551570936356404,0.8020833333333334,0.1979166666666666
Tr0900.nii.gz,236.0,221.5,166.5,5.0,8.0,4.0,aneurysm,83.0,3.472747215921471,9.340688701482064,0.6144578313253012,0.0
Tr0900.nii.gz,296.0,200.5,179.0,11.0,8.0,7.0,aneurysm,265.0,7.512943126393925,11.567926064407592,0.9924528301886792,0.0
Tr0901.nii.gz,268.5,220.0,132.0,22.0,27.0,27.0,aneurysm,6692.0,21.070643565800637,29.582255208565208,0.6873879258816498,0.0993723849372384
Tr0902.nii.gz,293.0,205.5,211.5,15.0,20.0,12.0,aneurysm,1466.0,10.789856704166368,20.60199901995472,0.8867667121418826,0.0
Tr0903.nii.gz,342.5,234.0,126.0,14.0,13.0,9.0,aneurysm,850.0,9.23785922354922,15.00212350780918,0.8552941176470589,0.0
Tr0904.nii.gz,372.5,256.0,126.5,14.0,9.0,10.0,aneurysm,616.0,8.104700314738862,17.346376092602632,0.9301948051948052,0.0
Tr0905.nii.gz,301.0,247.5,115.5,31.0,34.0,40.0,aneurysm,12580.0,22.360664076836823,49.44600943498452,0.5677265500794912,0.0
Tr0906.nii.gz,251.0,279.5,88.5,23.0,24.0,26.0,aneurysm,7328.0,21.686898361578653,29.982125708464277,0.933815502183406,0.0
Tr0907.nii.gz,348.5,224.0,153.5,12.0,19.0,14.0,aneurysm,1542.0,11.629927357632416,22.11654690400696,0.9299610894941636,0.0
Tr0908.nii.gz,323.5,277.5,144.5,8.0,8.0,8.0,aneurysm,310.0,7.71957229496665,9.648277686796348,0.4193548387096774,0.0
Tr0909.nii.gz,312.0,257.5,186.5,25.0,20.0,14.0,aneurysm,2676.0,12.684293949432115,28.02000716443008,0.7477578475336323,0.0
Tr0910.nii.gz,237.0,269.5,127.0,15.0,20.0,9.0,aneurysm,781.0,7.837013669090055,24.196409423709515,0.4468629961587708,0.3072983354673495
Tr0911.nii.gz,236.5,220.0,105.0,20.0,33.0,21.0,aneurysm,5406.0,17.89672340425256,33.68560302948382,0.7042175360710322,0.0
Tr0912.nii.gz,345.0,194.0,121.5,7.0,13.0,6.0,aneurysm,321.0,6.315464848891256,13.116639910028612,0.8785046728971962,0.0
Tr0912.nii.gz,298.0,196.0,138.0,25.0,33.0,31.0,aneurysm,11888.0,23.16159687595045,38.5940117502199,0.4979811574697174,0.0
Tr0913.nii.gz,296.0,226.5,140.5,15.0,16.0,8.0,aneurysm,982.0,9.156009844647803,18.630361365436183,0.7729124236252546,0.0020366598778004
Tr0913.nii.gz,242.0,196.0,147.0,9.0,9.0,3.0,aneurysm,164.0,3.429954282904177,10.07302340320453,0.7682926829268293,0.0
Tr0913.nii.gz,238.5,221.0,155.5,8.0,5.0,6.0,aneurysm,185.0,6.04013530248903,8.823078657167441,0.9405405405405406,0.0
Tr0914.nii.gz,238.5,234.0,188.0,26.0,19.0,15.0,aneurysm,2976.0,14.64771202518574,26.21377312734056,0.9028897849462364,0.0
Tr0915.nii.gz,349.5,271.5,167.0,12.0,8.0,7.0,aneurysm,353.0,6.643577451005511,13.01787800778722,0.7507082152974505,0.0
Tr0916.nii.gz,318.5,222.0,179.5,12.0,7.0,8.0,aneurysm,375.0,6.974400913585448,14.253967308337172,0.816,0.0
Tr0917.nii.gz,318.5,256.0,160.5,30.0,29.0,24.0,aneurysm,9293.0,21.090652356218545,36.55685290732395,0.9041213816851392,0.0
Tr0918.nii.gz,230.0,229.5,120.0,11.0,16.0,9.0,aneurysm,897.0,8.779876916898083,16.85860709700061,0.9698996655518396,0.0
Tr0919.nii.gz,172.0,251.0,150.5,21.0,19.0,16.0,aneurysm,2697.0,15.167870559966742,23.09264274968991,0.9258435298479792,0.0
Tr0920.nii.gz,133.0,219.5,183.5,13.0,14.0,10.0,aneurysm,621.0,10.291178092922667,12.96929317439303,0.9726247987117552,0.0
Tr0921.nii.gz,266.5,217.5,183.5,42.0,32.0,32.0,aneurysm,14867.0,27.10006713426271,40.30116937409306,0.0482276182148382,0.0
Tr0922.nii.gz,329.0,242.5,184.0,15.0,12.0,11.0,aneurysm,871.0,10.02623535222203,15.56200798186732,0.9988518943742823,0.0
Tr0923.nii.gz,269.5,222.0,123.5,22.0,13.0,12.0,aneurysm,1564.0,11.363747064225864,21.574603184376443,0.928388746803069,0.0
Tr0924.nii.gz,270.5,223.5,194.5,22.0,20.0,18.0,aneurysm,3087.0,15.78851892864061,22.54840680588372,0.7793974732750243,0.0
Tr0925.nii.gz,250.0,257.5,244.5,7.0,8.0,6.0,aneurysm,221.0,6.149036209071261,9.655672516964636,0.8778280542986425,0.0
Tr0926.nii.gz,230.5,224.0,104.5,14.0,15.0,16.0,aneurysm,1778.0,13.518123025317218,19.81126102809284,0.9167604049493814,0.0241844769403824
Tr0926.nii.gz,276.5,230.0,103.5,18.0,15.0,10.0,aneurysm,1057.0,10.1465972980131,18.10372582629144,0.924314096499527,0.0
Tr0927.nii.gz,356.0,233.5,139.5,31.0,28.0,24.0,aneurysm,11216.0,23.910989842362063,32.594454118437454,0.536465763195435,0.0057952924393723
Tr0927.nii.gz,212.5,268.0,134.0,16.0,11.0,11.0,aneurysm,921.0,9.684406185737176,17.099085117433354,0.7828447339847991,0.0
Tr0928.nii.gz,372.5,164.5,212.0,22.0,18.0,13.0,aneurysm,1885.0,10.848950173413584,27.101469418235123,0.903448275862069,0.0
Tr0929.nii.gz,260.5,302.5,47.0,30.0,30.0,23.0,aneurysm,7933.0,20.992734876728857,34.0453334981391,0.3087104500189083,0.0
Tr0930.nii.gz,231.5,237.0,144.0,26.0,27.0,21.0,aneurysm,3152.0,13.222355224920102,34.07979553664025,0.9873096446700508,0.0
Tr0931.nii.gz,202.0,168.5,158.0,27.0,26.0,21.0,aneurysm,7542.0,21.08895291780124,29.250292883352508,0.0123309466984884,0.0
Tr0932.nii.gz,270.0,237.5,139.0,13.0,12.0,9.0,aneurysm,1020.0,10.015463140572663,14.91201590062916,0.8852941176470588,0.0725490196078431
Tr0933.nii.gz,294.5,237.0,115.5,10.0,9.0,8.0,aneurysm,413.0,7.569490122226403,12.297170072517266,0.7191283292978208,0.0
Tr0934.nii.gz,349.0,328.0,133.5,13.0,13.0,14.0,aneurysm,1287.0,12.419964729350848,15.325035998595965,0.878010878010878,0.0
Tr0935.nii.gz,362.0,256.0,144.0,13.0,7.0,9.0,aneurysm,528.0,8.111873368214274,14.505960448798586,0.4166666666666667,0.0
Tr0936.nii.gz,362.5,214.5,145.5,24.0,28.0,18.0,aneurysm,5954.0,19.16005257213501,26.228232027870355,0.7934161907961035,0.0006718172657037
Tr0937.nii.gz,315.5,242.5,177.5,14.0,20.0,10.0,aneurysm,1135.0,10.145613865471397,18.15698846608389,0.8466960352422908,0.0
Tr0938.nii.gz,336.0,247.5,162.0,39.0,56.0,39.0,aneurysm,38916.0,35.85316371960965,52.608176979746666,0.0101500668105663,0.2004573954157673
Tr0939.nii.gz,181.0,182.0,126.0,23.0,19.0,15.0,aneurysm,2560.0,13.295709170190396,21.767902697321908,0.905859375,0.0
Tr0940.nii.gz,353.0,263.5,175.0,21.0,18.0,13.0,aneurysm,1772.0,12.706763269870263,20.99820406216853,0.9644469525959368,0.0
Tr0941.nii.gz,376.5,299.5,117.5,16.0,20.0,16.0,aneurysm,1735.0,12.014548360736397,24.6350084272964,0.8328530259365994,0.1285302593659942
Tr0942.nii.gz,237.0,191.0,107.0,15.0,11.0,9.0,aneurysm,807.0,8.618921867809895,16.821446030677453,0.4151177199504337,0.5563816604708798
Tr0942.nii.gz,293.5,208.5,115.5,20.0,24.0,18.0,aneurysm,4398.0,17.17762630080317,25.840970531313147,0.790131878126421,0.1036834924965893
Tr0943.nii.gz,287.0,180.5,159.0,17.0,18.0,15.0,aneurysm,2333.0,14.815908154316777,19.51988082352167,0.7055293613373339,0.0
Tr0944.nii.gz,246.0,242.5,155.0,23.0,28.0,21.0,aneurysm,7753.0,20.49810978714456,31.224442912350906,0.3596027344253837,0.4278343866890236
Tr0945.nii.gz,280.0,205.5,124.0,11.0,12.0,7.0,aneurysm,533.0,7.465169822021683,14.975503794298108,0.1688555347091932,0.0
Tr0946.nii.gz,342.0,228.0,169.0,11.0,9.0,9.0,aneurysm,640.0,9.197829304405772,13.605723773928617,0.875,0.0
Tr0947.nii.gz,270.5,193.5,116.5,24.0,26.0,24.0,aneurysm,6155.0,20.59283427196291,26.29853615034119,0.3995125913891145,0.0
Tr0948.nii.gz,323.0,195.0,115.0,13.0,11.0,9.0,aneurysm,787.0,9.80491495474159,14.084890808358802,0.7941550190597204,0.0
Tr0949.nii.gz,258.5,213.5,161.5,26.0,24.0,28.0,aneurysm,7941.0,21.109673224553543,31.09811548571133,0.1824707215715904,0.0
Tr0950.nii.gz,306.5,276.0,139.5,8.0,11.0,6.0,aneurysm,318.0,6.985536176504574,12.179051384476578,1.0,0.0
Tr0950.nii.gz,329.5,255.5,176.0,18.0,18.0,9.0,aneurysm,910.0,8.45548383175011,22.516652056577527,0.9978021978021978,0.0
Tr0951.nii.gz,296.0,294.0,62.0,19.0,21.0,21.0,aneurysm,2583.0,14.710931868626162,23.367824498942237,0.8463027487417731,0.0
Tr0952.nii.gz,293.5,302.5,103.5,40.0,38.0,32.0,aneurysm,19557.0,29.258082254063915,39.92698678078965,0.0,0.0
Tr0953.nii.gz,335.5,362.5,69.0,14.0,14.0,9.0,aneurysm,720.0,10.213041715323705,14.0158324796006,0.9472222222222222,0.0
Tr0954.nii.gz,275.5,210.5,133.5,28.0,28.0,24.0,aneurysm,8078.0,22.025530380817813,29.772580827346864,0.6439712800198069,0.0
Tr0955.nii.gz,246.5,197.0,174.0,20.0,25.0,15.0,aneurysm,3358.0,16.23378980416174,24.097413112858405,0.9353782013103038,0.0
Tr0956.nii.gz,154.5,255.5,176.5,8.0,10.0,8.0,aneurysm,378.0,8.35520813793198,10.379825926407426,0.7857142857142857,0.0
Tr0957.nii.gz,223.5,180.0,145.5,12.0,11.0,8.0,aneurysm,639.0,8.816067462626972,14.321942957144184,0.8231611893583725,0.0
Tr0958.nii.gz,257.5,263.0,151.0,6.0,5.0,5.0,aneurysm,91.0,4.83082594776077,6.81993746028078,0.945054945054945,0.0
Tr0959.nii.gz,269.5,214.5,178.5,14.0,14.0,10.0,aneurysm,967.0,9.961560737868089,16.977386763857314,0.704239917269907,0.0
Tr0960.nii.gz,298.5,273.5,218.0,14.0,14.0,11.0,aneurysm,793.0,9.647058871445488,15.652524704413985,0.9735182849936947,0.0
Tr0961.nii.gz,249.0,203.5,182.0,15.0,18.0,13.0,aneurysm,1752.0,13.005041070795246,19.372530752400515,0.8287671232876712,0.0285388127853881
Tr0961.nii.gz,193.5,201.0,211.5,10.0,9.0,8.0,aneurysm,471.0,8.595331284667065,11.301765425570633,0.9320594479830148,0.0
Tr0962.nii.gz,266.0,312.0,40.5,13.0,15.0,8.0,aneurysm,710.0,9.07839242620526,14.797166524120394,0.9394366197183098,0.0
Tr0963.nii.gz,224.0,331.0,89.0,21.0,23.0,21.0,aneurysm,4517.0,17.63034441401029,27.52739048077614,0.7949966792118662,0.0557892406464467
Tr0963.nii.gz,355.0,357.0,102.5,9.0,7.0,6.0,aneurysm,304.0,6.778298390525991,11.057833402200966,0.8618421052631579,0.0
Tr0964.nii.gz,304.5,200.5,51.5,10.0,10.0,10.0,aneurysm,522.0,8.863136158212779,11.292751265062666,0.9157088122605364,0.0
Tr0965.nii.gz,225.5,234.5,153.0,24.0,20.0,25.0,aneurysm,5370.0,18.122592453000408,29.031920503759043,0.8266294227188082,0.0
Tr0966.nii.gz,298.5,218.5,42.5,10.0,12.0,10.0,aneurysm,515.0,8.299747225437157,13.558067758753028,0.8718446601941747,0.0
Tr0967.nii.gz,296.0,269.5,159.5,17.0,16.0,14.0,aneurysm,1307.0,11.804174670295994,19.195362093898915,0.8752869166029075,0.0
Tr0968.nii.gz,338.5,304.0,94.5,14.0,19.0,18.0,aneurysm,2607.0,14.490822128916603,20.55365437125219,0.4096662830840046,0.0
Tr0968.nii.gz,326.5,215.0,133.0,14.0,23.0,15.0,aneurysm,2304.0,13.390000662814282,24.344333282737324,0.4366319444444444,0.0
Tr0968.nii.gz,328.0,212.0,148.0,11.0,15.0,9.0,aneurysm,717.0,8.902640859039535,15.259363285826632,0.8730822873082287,0.0
Tr0969.nii.gz,303.5,230.5,98.0,20.0,22.0,17.0,aneurysm,3614.0,17.61141453231913,22.614515387701264,0.8984504703929165,0.0
Tr0970.nii.gz,296.5,290.0,194.5,12.0,13.0,8.0,aneurysm,467.0,6.750734185229862,15.335569642531814,0.974304068522484,0.0
Tr0971.nii.gz,357.5,284.5,91.0,28.0,36.0,25.0,aneurysm,10240.0,23.09253750060064,33.75504592963652,0.65908203125,0.11064453125
Tr0972.nii.gz,340.0,233.5,152.0,21.0,16.0,11.0,aneurysm,1529.0,10.971957844297837,23.68866065061218,0.7259646827992152,0.0
Tr0973.nii.gz,291.5,206.5,153.0,6.0,8.0,5.0,aneurysm,134.0,4.255230998216266,9.764219253007392,0.9029850746268656,0.0
Tr0973.nii.gz,334.0,188.5,179.0,19.0,18.0,21.0,aneurysm,3309.0,15.934758115068826,24.43754532011796,0.8881837413115745,0.0
Tr0974.nii.gz,333.0,245.0,231.5,5.0,7.0,6.0,aneurysm,131.0,5.532672109393915,7.41172252187244,0.4503816793893129,0.0
Tr0975.nii.gz,221.5,251.5,183.5,12.0,12.0,10.0,aneurysm,673.0,7.557432605512219,16.33903995091709,0.6240713224368499,0.3283803863298662
Tr0976.nii.gz,297.0,213.0,176.0,11.0,17.0,11.0,aneurysm,1006.0,10.139696937402428,18.33367735672378,0.9383697813121272,0.0
Tr0977.nii.gz,394.5,213.0,214.0,16.0,11.0,9.0,aneurysm,881.0,9.386338591936866,17.378801899478358,0.7684449489216799,0.0
Tr0978.nii.gz,246.0,239.0,141.0,35.0,47.0,39.0,aneurysm,21606.0,28.80319462992606,51.7150131655648,0.7134129408497639,0.1864759788947514
Tr0979.nii.gz,290.5,262.5,148.5,18.0,18.0,18.0,aneurysm,2718.0,16.310111550945273,19.536451240104807,0.7376747608535688,0.0
Tr0980.nii.gz,263.5,191.0,184.5,12.0,11.0,12.0,aneurysm,579.0,9.795153635156462,13.01753093479056,0.9740932642487048,0.0
Tr0981.nii.gz,255.5,229.5,127.5,14.0,10.0,6.0,aneurysm,265.0,5.22458349378417,15.768271167315657,0.9886792452830188,0.0
Tr0982.nii.gz,283.5,224.0,111.0,34.0,31.0,13.0,aneurysm,3390.0,12.490975434931242,46.98310756861056,0.9067846607669616,0.0
Tr0983.nii.gz,274.5,217.5,142.5,24.0,24.0,28.0,aneurysm,7091.0,20.73864961363647,29.830719034750068,0.8196305175574672,0.0
Tr0984.nii.gz,310.0,243.5,135.5,23.0,24.0,12.0,aneurysm,1589.0,11.708693074006389,25.206482953198662,0.9716803020767778,0.0220264317180616
Tr0984.nii.gz,300.0,244.0,180.5,7.0,5.0,8.0,aneurysm,150.0,5.615407622588406,10.323287461866258,0.88,0.0
Tr0985.nii.gz,290.0,208.5,150.0,9.0,10.0,7.0,aneurysm,260.0,7.038045442308541,9.650912056270856,0.8807692307692307,0.0
Tr0986.nii.gz,320.5,253.5,116.5,10.0,16.0,12.0,aneurysm,838.0,10.063353034200038,14.80053633757358,0.5751789976133651,0.0775656324582338
Tr0987.nii.gz,190.0,186.0,120.5,11.0,11.0,10.0,aneurysm,624.0,9.278261833545626,12.897055256968812,0.7243589743589743,0.0
Tr0988.nii.gz,294.5,226.5,152.5,12.0,12.0,8.0,aneurysm,593.0,7.462050972868098,13.85701201286475,0.9645868465430016,0.0
Tr0989.nii.gz,307.0,182.5,175.0,17.0,18.0,13.0,aneurysm,1375.0,11.347907001693738,17.415150731305843,0.8167272727272727,0.0
Tr0990.nii.gz,227.0,230.5,144.0,27.0,28.0,33.0,aneurysm,7544.0,21.718873352612324,32.53032641262787,0.9418080593849416,0.0178950159066808
Tr0991.nii.gz,312.0,245.0,180.5,9.0,9.0,6.0,aneurysm,362.0,6.634697486316436,10.708820877069302,0.988950276243094,0.0
Tr0992.nii.gz,320.0,242.0,113.5,11.0,17.0,10.0,aneurysm,1075.0,9.916789821919318,18.29760410854489,0.813953488372093,0.001860465116279
Tr0993.nii.gz,447.0,277.0,227.0,15.0,21.0,15.0,aneurysm,1789.0,12.593468690151411,21.54262537768907,0.7462269424259362,0.0
Tr0994.nii.gz,405.0,276.0,157.0,13.0,11.0,9.0,aneurysm,841.0,9.948288708600222,14.342405643401497,0.9274673008323424,0.0035671819262782
Tr0995.nii.gz,321.5,318.0,60.5,32.0,35.0,28.0,aneurysm,9610.0,20.419707181553004,36.77929699967952,0.1957336108220603,0.0
Tr0996.nii.gz,253.5,235.0,219.5,22.0,35.0,18.0,aneurysm,4971.0,16.925100958013882,37.76510330538658,0.1468517400925367,0.0
Tr0998.nii.gz,342.5,194.0,159.5,22.0,21.0,20.0,aneurysm,3855.0,15.777753532515588,30.507757495560544,0.8830090791180285,0.0
Tr0999.nii.gz,258.5,159.0,162.5,14.0,13.0,12.0,aneurysm,796.0,9.164995280446906,16.551729983498262,0.1369346733668341,0.0414572864321608
Tr1000.nii.gz,207.0,212.5,274.0,35.0,30.0,39.0,aneurysm,16011.0,26.067398082239293,45.03613346847304,0.2623196552370245,0.4682405845980888
Tr1001.nii.gz,240.5,195.0,149.0,14.0,15.0,11.0,aneurysm,1222.0,10.857961776172656,16.21268256046835,0.8584288052373159,0.0
Tr1002.nii.gz,306.5,184.0,175.5,20.0,19.0,16.0,aneurysm,3588.0,16.420660565785873,21.13743348706632,0.8559085841694537,0.0
Tr1003.nii.gz,284.0,198.5,111.0,19.0,18.0,13.0,aneurysm,2491.0,13.308448317969823,21.508065757484943,0.5010036130068246,0.1059815335206744
Tr1004.nii.gz,247.5,204.5,154.5,20.0,28.0,18.0,aneurysm,2958.0,13.394056813480027,32.01392346369469,0.8363759296822177,0.0
Tr1005.nii.gz,352.5,288.0,203.0,12.0,17.0,15.0,aneurysm,1537.0,12.32773773362582,19.83983865013848,0.2856213402732596,0.0
Tr1006.nii.gz,266.0,250.5,202.5,13.0,12.0,12.0,aneurysm,1041.0,11.250038900223416,14.407213178870842,0.6657060518731989,0.0
Tr1007.nii.gz,285.0,145.5,212.0,13.0,10.0,9.0,aneurysm,827.0,9.54719109048043,14.72044797317543,0.75453446191052,0.0
Tr1008.nii.gz,307.5,248.5,180.5,18.0,20.0,34.0,aneurysm,4019.0,15.33008514059102,40.49999012273768,0.9061955710375716,0.0
Tr1009.nii.gz,252.5,258.0,168.0,12.0,21.0,7.0,aneurysm,765.0,6.503645759079687,21.31106855273672,0.9424836601307188,0.0
Tr1010.nii.gz,346.0,286.5,145.0,13.0,12.0,9.0,aneurysm,717.0,9.424504067732764,13.321635885857155,0.9497907949790796,0.0
Tr1011.nii.gz,245.0,199.5,131.0,9.0,6.0,5.0,aneurysm,165.0,4.992669028698963,9.488352087682124,0.6,0.0
Tr1012.nii.gz,276.0,214.0,158.5,11.0,17.0,16.0,aneurysm,1330.0,11.460444961440697,19.0431980666103,0.8744360902255639,0.0
Tr1013.nii.gz,286.0,223.0,119.5,17.0,17.0,12.0,aneurysm,1746.0,12.042459213395546,17.993777877016107,0.2983963344788087,0.0876288659793814
Tr1014.nii.gz,332.5,190.0,133.0,8.0,7.0,5.0,aneurysm,149.0,4.954990657584215,7.995892071435491,0.1342281879194631,0.6442953020134228
Tr1015.nii.gz,294.0,234.0,154.0,17.0,17.0,15.0,aneurysm,1482.0,10.594211369047285,20.467516824413234,0.9547908232118758,0.0
Tr1016.nii.gz,416.5,288.0,198.0,10.0,9.0,9.0,aneurysm,266.0,6.749288854521769,12.171998418637212,0.8759398496240601,0.0
Tr1017.nii.gz,168.5,243.0,183.0,24.0,25.0,15.0,aneurysm,2083.0,11.766600154772329,30.29341271459737,0.7748439750360058,0.0
Tr1018.nii.gz,227.0,224.0,178.5,9.0,7.0,8.0,aneurysm,255.0,6.6156871928719525,10.85730493106464,0.9372549019607844,0.0
Tr1019.nii.gz,242.0,193.5,126.0,15.0,14.0,9.0,aneurysm,773.0,9.34629292254281,14.594259375123542,0.8111254851228978,0.0789133247089262
Tr1020.nii.gz,231.5,222.5,120.5,14.0,18.0,14.0,aneurysm,1300.0,11.252330720090397,19.915521677095064,0.9938461538461538,0.0
Tr1021.nii.gz,279.0,250.5,196.0,15.0,10.0,9.0,aneurysm,406.0,7.488880659311408,15.313961416632214,0.7389162561576355,0.0
Tr1022.nii.gz,300.0,244.0,177.5,7.0,11.0,10.0,aneurysm,352.0,7.332430287551757,12.351199972042911,0.8948863636363636,0.0
Tr1023.nii.gz,253.5,238.0,148.0,10.0,11.0,11.0,aneurysm,522.0,7.577600999348841,13.948738720648564,0.8659003831417624,0.0
Tr1024.nii.gz,297.0,233.0,101.0,15.0,11.0,13.0,aneurysm,779.0,9.699633519531911,16.614827732699645,0.8998716302952503,0.0
Tr1024.nii.gz,254.0,237.5,108.5,11.0,10.0,10.0,aneurysm,657.0,9.646779754971018,12.63382744797562,0.9786910197869102,0.0
Tr1024.nii.gz,271.0,214.5,126.0,13.0,12.0,13.0,aneurysm,944.0,9.744456077499816,17.751310737030487,0.6949152542372882,0.0
Tr1025.nii.gz,342.0,261.5,98.5,11.0,14.0,12.0,aneurysm,955.0,10.343562972049783,17.70989186338515,0.9214659685863874,0.0
Tr1026.nii.gz,361.5,235.5,166.5,18.0,26.0,16.0,aneurysm,2461.0,13.749247332472208,24.274148315029684,0.9683055668427468,0.0
Tr1027.nii.gz,313.5,225.0,185.0,12.0,11.0,9.0,aneurysm,477.0,8.65336671442486,12.25405089720864,0.9664570230607966,0.0
Tr1028.nii.gz,298.0,274.0,165.0,21.0,15.0,17.0,aneurysm,1880.0,12.484440921154178,22.32459651684879,0.9723404255319148,0.0
Tr1029.nii.gz,315.5,226.0,115.0,30.0,23.0,37.0,aneurysm,7393.0,19.067113366152395,40.18344301880646,0.590558636548086,0.0
Tr1029.nii.gz,450.0,414.0,206.5,5.0,5.0,2.0,aneurysm,50.0,2.23606797749979,6.324555320336759,0.0,0.0
Tr1030.nii.gz,206.5,229.0,172.0,26.0,25.0,17.0,aneurysm,3165.0,16.92555301963207,24.862373460170005,0.0,0.0
Tr1031.nii.gz,270.0,199.5,145.5,13.0,14.0,12.0,aneurysm,580.0,7.308854694603924,16.014550671387013,0.5672413793103448,0.3155172413793103
Tr1031.nii.gz,212.0,187.0,155.5,21.0,31.0,16.0,aneurysm,4405.0,15.639902071449695,32.50368443687712,0.9309875141884224,0.0197502837684449
Tr1032.nii.gz,263.0,180.0,187.0,11.0,13.0,15.0,aneurysm,904.0,10.447984554070082,17.34835361765437,0.8207964601769911,0.0
Tr1033.nii.gz,245.5,188.0,172.0,28.0,33.0,29.0,aneurysm,9154.0,20.694536142058947,36.47212030787747,0.8954555385623771,0.0031680139829582
Tr1034.nii.gz,221.0,202.5,171.0,25.0,24.0,15.0,aneurysm,3847.0,15.110332724989185,24.11172614191656,0.8042630621263323,0.0
Tr1035.nii.gz,214.0,201.5,173.0,17.0,12.0,7.0,aneurysm,854.0,7.452990039966584,17.74498769490259,0.4707259953161593,0.2318501170960187
Tr1036.nii.gz,258.0,205.5,137.0,13.0,12.0,11.0,aneurysm,826.0,10.037053918444329,14.021679176300552,0.9394673123486684,0.0
Tr1037.nii.gz,272.0,230.5,187.5,11.0,16.0,10.0,aneurysm,760.0,8.358457536507801,17.69160349280213,0.9078947368421052,0.0
Tr1038.nii.gz,235.0,221.0,198.0,13.0,11.0,11.0,aneurysm,805.0,10.68929901233338,13.89020480862327,0.7913043478260869,0.0
Tr1039.nii.gz,179.5,203.0,181.5,20.0,21.0,20.0,aneurysm,3367.0,15.134034505813124,24.14698135976672,0.7335907335907336,0.0261360261360261
Tr1040.nii.gz,302.5,247.0,182.5,8.0,11.0,10.0,aneurysm,358.0,7.974647976847837,11.421998038059888,0.9385474860335196,0.0
Tr1041.nii.gz,320.0,179.5,184.0,11.0,14.0,9.0,aneurysm,697.0,8.450484155177532,15.393911630272944,0.7560975609756098,0.0
Tr1042.nii.gz,255.5,187.5,209.5,12.0,12.0,10.0,aneurysm,908.0,10.258393600592504,14.065576436162264,0.8127753303964758,0.0
Tr1043.nii.gz,242.5,216.5,198.5,16.0,20.0,12.0,aneurysm,1349.0,10.585261611224258,24.593850250832222,0.5011119347664937,0.458117123795404
Tr1043.nii.gz,320.0,228.5,198.0,15.0,14.0,9.0,aneurysm,1023.0,9.073576256557669,17.829866450279518,0.6999022482893451,0.0019550342130987
Tr1044.nii.gz,249.5,218.5,214.0,10.0,10.0,9.0,aneurysm,481.0,8.22830711692287,11.93266179379535,0.6943866943866944,0.0
Tr1045.nii.gz,257.0,203.0,197.5,11.0,7.0,8.0,aneurysm,374.0,7.7932085958336,11.938494843039573,0.0855614973262032,0.8770053475935828
Tr1046.nii.gz,279.5,226.0,212.0,18.0,11.0,7.0,aneurysm,773.0,7.386079277494737,18.813680203711403,0.8602846054333765,0.0
Tr1047.nii.gz,291.5,284.0,220.5,28.0,33.0,30.0,aneurysm,8754.0,22.76451433968484,29.21277831722089,0.2650217043637194,0.0003427004797806
Tr1048.nii.gz,348.5,240.5,170.0,14.0,8.0,7.0,aneurysm,331.0,6.561015560996711,14.817019749933005,0.5045317220543807,0.0
Tr1049.nii.gz,263.0,205.0,143.5,15.0,15.0,16.0,aneurysm,897.0,8.52853539631175,25.74197368803605,0.8082497212931996,0.0
Tr1050.nii.gz,246.5,271.5,166.0,14.0,16.0,11.0,aneurysm,1152.0,10.350717887160714,16.571408114777686,0.8984375,0.0
Tr1051.nii.gz,207.5,220.0,141.5,14.0,19.0,18.0,aneurysm,2051.0,14.401987061248269,21.57504588357109,0.4534373476352998,0.401267674305217
Tr1052.nii.gz,273.5,253.0,156.0,18.0,15.0,23.0,aneurysm,2198.0,12.683389612766607,28.448330693088074,0.9695177434030936,0.0
Tr1053.nii.gz,231.0,202.0,133.0,13.0,15.0,9.0,aneurysm,1177.0,9.924135381366984,16.80086824409764,0.8283772302463891,0.0
Tr1054.nii.gz,303.0,209.0,131.5,15.0,21.0,16.0,aneurysm,2245.0,13.059593094297195,24.12434261404288,0.6066815144766147,0.0
Tr1055.nii.gz,199.5,220.0,184.0,24.0,19.0,13.0,aneurysm,2397.0,12.92054901266624,23.12291025257037,0.8790154359616187,0.0
Tr1056.nii.gz,318.0,251.5,158.5,13.0,8.0,10.0,aneurysm,340.0,7.204617813136208,13.20330120484978,0.7735294117647059,0.0323529411764705
Tr1057.nii.gz,247.5,258.0,75.0,18.0,23.0,17.0,aneurysm,2320.0,13.928320807907037,24.635762661359955,0.743103448275862,0.0
Tr1059.nii.gz,284.5,221.5,123.5,12.0,20.0,12.0,aneurysm,1322.0,10.867687622151692,21.410150408174346,0.8366111951588502,0.0
Tr1060.nii.gz,323.0,300.5,154.0,21.0,20.0,13.0,aneurysm,1604.0,10.923255505397602,23.9125531651142,0.8996259351620948,0.0
Tr1061.nii.gz,276.5,234.5,127.0,18.0,26.0,21.0,aneurysm,3387.0,13.641162240508605,30.225328139103357,0.75022143489814,0.0197815175671685
Tr1062.nii.gz,308.0,199.0,177.0,15.0,21.0,11.0,aneurysm,1494.0,12.211014098891845,18.939702168657234,0.9357429718875502,0.0
Tr1063.nii.gz,339.0,261.5,127.0,15.0,16.0,15.0,aneurysm,1793.0,13.86852500397656,16.613256906942652,0.7412158393753486,0.0
Tr1063.nii.gz,261.5,270.5,125.0,12.0,10.0,7.0,aneurysm,420.0,6.90271251093278,14.430565272293023,0.5571428571428572,0.0
Tr1063.nii.gz,331.0,255.5,147.5,13.0,14.0,10.0,aneurysm,873.0,9.884051730179376,16.312482114391628,0.9576174112256588,0.0
Tr1064.nii.gz,254.0,251.5,163.0,19.0,26.0,19.0,aneurysm,4600.0,16.863501463477558,28.29056815985007,0.5676086956521739,0.0
Tr1065.nii.gz,324.0,278.5,160.5,15.0,14.0,14.0,aneurysm,1157.0,11.67757284941441,14.965930060298836,0.9066551426101987,0.0
Tr1065.nii.gz,231.0,270.0,177.0,17.0,19.0,11.0,aneurysm,1791.0,11.334457586245808,20.01098424838915,0.8492462311557789,0.0145170295924064
Tr1066.nii.gz,257.0,216.0,93.0,13.0,15.0,7.0,aneurysm,710.0,8.361581775806853,16.406359262380754,0.3253521126760563,0.6746478873239437
Tr1067.nii.gz,437.5,304.0,214.0,32.0,35.0,39.0,aneurysm,15418.0,29.26559769663844,35.36916255964579,0.0366454793098975,0.3283824101699312
Tr1068.nii.gz,210.5,211.0,148.5,14.0,11.0,10.0,aneurysm,660.0,9.081371214970174,13.08011706115785,0.7166666666666667,0.0196969696969696
Tr1069.nii.gz,358.5,265.5,158.0,14.0,10.0,11.0,aneurysm,915.0,10.113343103844691,16.733967072695073,0.6907103825136612,0.0
Tr1070.nii.gz,320.5,288.0,169.5,16.0,15.0,10.0,aneurysm,1058.0,10.169820164782704,16.99804268902214,0.946124763705104,0.0
Tr1071.nii.gz,221.5,205.0,104.5,8.0,7.0,6.0,aneurysm,271.0,7.120781810450377,9.246100440963504,0.6236162361623616,0.0
Tr1072.nii.gz,336.0,267.0,214.0,23.0,19.0,19.0,aneurysm,3683.0,16.654785313175754,23.68883718400208,0.9638881346728212,0.0
Tr1073.nii.gz,222.0,247.0,130.5,19.0,19.0,22.0,aneurysm,2599.0,13.21858991859832,27.94880568287529,0.9353597537514428,0.0
Tr1074.nii.gz,277.5,207.5,93.0,18.0,14.0,11.0,aneurysm,1203.0,8.560950948123327,21.775011436668624,0.8329177057356608,0.0108063175394846
Tr1075.nii.gz,230.0,211.5,142.5,13.0,10.0,14.0,aneurysm,1042.0,10.591616640189994,17.07098067319304,0.77447216890595,0.0
Tr1076.nii.gz,302.0,189.0,112.5,51.0,49.0,32.0,aneurysm,24019.0,28.125096434481307,53.4209192112925,0.7132686623090053,0.0112411007952037
Tr1077.nii.gz,247.0,202.0,201.0,67.0,63.0,51.0,aneurysm,92924.0,48.66460071557384,64.72413663414379,0.0,0.0
Tr1078.nii.gz,304.5,243.5,132.5,30.0,40.0,28.0,aneurysm,10304.0,23.37323744138943,37.73230037075066,0.077833850931677,0.0
Tr1079.nii.gz,353.5,251.0,64.0,22.0,25.0,21.0,aneurysm,4865.0,19.839958494374823,23.871334158538385,0.9944501541623844,0.0
Tr1080.nii.gz,237.5,167.5,185.0,6.0,6.0,9.0,aneurysm,219.0,6.176704186426337,10.88446145611166,0.5753424657534246,0.0
Tr1081.nii.gz,289.5,266.5,231.0,14.0,16.0,11.0,aneurysm,1000.0,9.89659373378941,17.682394794195485,0.887,0.0
Tr1082.nii.gz,255.0,229.0,168.0,25.0,37.0,33.0,aneurysm,8981.0,20.210923993348345,36.75621477509316,0.0533348179490034,0.0022269235051775
Tr1083.nii.gz,242.5,263.5,20.5,24.0,28.0,42.0,aneurysm,4894.0,13.955831827349172,50.134799435593145,0.9511646914589292,0.0
Tr1084.nii.gz,325.5,257.5,200.0,8.0,10.0,7.0,aneurysm,309.0,7.186120459556924,11.16680411378916,0.9773462783171522,0.0
Tr1085.nii.gz,323.5,214.5,195.0,22.0,22.0,33.0,aneurysm,4794.0,15.385268592262166,35.39110884371546,0.9737171464330412,0.0
Tr1086.nii.gz,299.5,181.0,165.0,10.0,15.0,11.0,aneurysm,696.0,9.515687053402438,15.54348391388974,0.9267241379310344,0.0
Tr1087.nii.gz,266.5,198.0,134.0,20.0,21.0,21.0,aneurysm,4245.0,17.653939151283836,24.845114969007067,0.6124852767962309,0.0775029446407538
Tr1088.nii.gz,159.0,169.5,195.5,17.0,16.0,12.0,aneurysm,1781.0,12.45215931936275,19.005721367402916,0.7787759685569905,0.0
Tr1089.nii.gz,282.5,197.5,128.5,18.0,14.0,10.0,aneurysm,1182.0,9.724183996863438,19.963039175390925,0.9661590524534688,0.0
Tr1090.nii.gz,435.5,257.0,178.5,20.0,9.0,12.0,aneurysm,765.0,8.641398595445231,20.28305119935129,1.0,0.0
Tr1091.nii.gz,250.0,210.0,125.0,23.0,23.0,23.0,aneurysm,5600.0,21.249778873217338,24.51401106036372,0.7757142857142857,0.0578571428571428
Tr1092.nii.gz,280.5,212.5,177.0,14.0,16.0,13.0,aneurysm,1390.0,11.75559423089648,16.992367036471627,0.7093525179856115,0.0
Tr1093.nii.gz,198.0,171.0,157.0,21.0,19.0,19.0,aneurysm,3755.0,15.36850064556204,25.7494113847579,0.8463382157123834,0.0
Tr1094.nii.gz,287.0,226.5,151.0,15.0,16.0,13.0,aneurysm,1238.0,11.294202721670672,20.21722542145333,0.7423263327948304,0.0
Tr1095.nii.gz,152.0,166.5,171.0,19.0,20.0,13.0,aneurysm,2448.0,12.54742488288436,21.69781643066774,0.8370098039215687,0.0
Tr1096.nii.gz,245.0,199.5,153.0,15.0,18.0,11.0,aneurysm,1093.0,9.847927343766257,17.88125120754946,0.6770356816102471,0.0
Tr1097.nii.gz,327.5,212.0,121.0,22.0,17.0,17.0,aneurysm,1502.0,11.678722008945083,26.53500387372484,0.9241011984021305,0.0033288948069241
Tr1098.nii.gz,294.0,240.5,145.5,13.0,18.0,18.0,aneurysm,1756.0,12.144048983017427,23.007774037201653,0.8906605922551253,0.0
Tr1099.nii.gz,276.5,186.0,123.0,20.0,17.0,13.0,aneurysm,1397.0,11.017599150025251,20.494247117002725,0.9556191839656406,0.0
Tr1100.nii.gz,232.0,210.5,164.5,17.0,26.0,12.0,aneurysm,2337.0,12.819958782572566,27.087644374168608,0.9619169875909286,0.0
Tr1101.nii.gz,175.0,185.0,134.0,17.0,15.0,13.0,aneurysm,1634.0,11.682921069361385,17.62043203720069,0.9443084455324358,0.0
Tr1102.nii.gz,324.5,265.5,166.5,16.0,16.0,16.0,aneurysm,1619.0,11.164692999182805,20.006537968114213,0.6769610870907968,0.0642371834465719
Tr1102.nii.gz,216.0,238.5,180.0,17.0,14.0,15.0,aneurysm,1228.0,12.384086018675855,15.022441002047485,0.6856677524429967,0.0
Tr1103.nii.gz,252.5,209.0,112.0,22.0,31.0,25.0,aneurysm,4950.0,15.651446788244536,40.6711964680004,0.7947474747474748,0.0282828282828282
Tr1104.nii.gz,159.5,152.5,180.5,14.0,14.0,14.0,aneurysm,1444.0,12.498530038134016,16.88059342885716,0.9667590027700832,0.0
Tr1105.nii.gz,247.5,180.5,142.0,14.0,20.0,15.0,aneurysm,1731.0,11.723675334461095,21.024345719601847,0.6181398035817447,0.0
Tr1106.nii.gz,247.0,203.0,151.0,13.0,13.0,9.0,aneurysm,777.0,9.300596824198344,14.880774888201357,0.8906048906048906,0.0
Tr1107.nii.gz,252.5,156.0,229.5,12.0,11.0,10.0,aneurysm,628.0,9.080751456817683,12.65525330045423,0.7834394904458599,0.0
Tr1108.nii.gz,241.5,216.0,105.5,14.0,15.0,10.0,aneurysm,900.0,9.147089474790649,16.835731609446213,0.8322222222222222,0.0
Tr1109.nii.gz,277.5,206.0,129.5,12.0,15.0,10.0,aneurysm,442.0,7.263225175182147,18.271983287551677,0.7126696832579186,0.0
Tr1109.nii.gz,299.0,185.0,150.0,7.0,7.0,5.0,aneurysm,160.0,5.125057371608464,8.118366977717171,0.8375,0.0
Tr1110.nii.gz,255.0,239.5,126.0,21.0,26.0,11.0,aneurysm,1533.0,9.834342173899133,24.832851212934504,0.923679060665362,0.0
Tr1111.nii.gz,290.5,202.0,120.5,18.0,13.0,10.0,aneurysm,1115.0,9.087479974621656,20.749531540012264,0.9363228699551568,0.0
Tr1112.nii.gz,259.0,204.5,129.5,13.0,10.0,10.0,aneurysm,581.0,8.148397446351085,16.81915192452466,0.648881239242685,0.0
Tr1113.nii.gz,325.5,185.5,120.5,20.0,20.0,20.0,aneurysm,3793.0,18.153610842070265,23.265687982675864,0.970471921961508,0.0
Tr1114.nii.gz,254.0,267.5,84.5,15.0,20.0,24.0,aneurysm,3991.0,16.098858717294398,27.688482314615868,0.9639188173390127,0.0
Tr1115.nii.gz,245.0,258.5,153.0,13.0,12.0,7.0,aneurysm,556.0,7.704325802084146,12.905229109357856,0.9280575539568344,0.0
Tr1116.nii.gz,374.0,158.5,154.5,7.0,8.0,4.0,aneurysm,198.0,4.942462148766684,9.976483774489925,0.6666666666666666,0.0
Tr1117.nii.gz,269.0,195.5,139.0,11.0,10.0,7.0,aneurysm,229.0,6.359481045544388,13.431752725864415,0.7729257641921398,0.0043668122270742
Tr1118.nii.gz,244.5,183.5,165.0,12.0,12.0,9.0,aneurysm,660.0,8.571872697900476,13.516475732178824,0.7227272727272728,0.0
Tr1119.nii.gz,208.5,206.0,213.0,16.0,15.0,9.0,aneurysm,969.0,10.012613816486745,15.28244175321481,0.9236326109391124,0.0
Tr1120.nii.gz,202.0,276.5,189.0,13.0,12.0,15.0,aneurysm,1016.0,11.136515205917275,17.175498502578826,0.9734251968503936,0.0
Tr1121.nii.gz,193.5,213.5,100.5,8.0,8.0,6.0,aneurysm,261.0,6.58771742260396,9.061791847754002,0.946360153256705,0.0
Tr1122.nii.gz,266.5,193.0,137.0,8.0,9.0,7.0,aneurysm,296.0,6.370490524094984,11.136119262622442,0.8412162162162162,0.0
Tr1123.nii.gz,210.0,222.0,138.0,7.0,9.0,5.0,aneurysm,221.0,5.61156786748564,10.822658540271023,0.8597285067873304,0.0
Tr1124.nii.gz,182.0,244.0,2.0,11.0,9.0,5.0,aneurysm,314.0,6.193552241341743,13.670008718765018,0.9840764331210192,0.0
Tr1125.nii.gz,235.0,197.0,125.0,11.0,11.0,5.0,aneurysm,314.0,5.499175911889954,11.65356827398219,0.6878980891719745,0.0
Tr1126.nii.gz,251.0,220.0,103.5,13.0,11.0,10.0,aneurysm,757.0,8.606607194261416,16.132633442981383,0.8494055482166446,0.0
Tr1127.nii.gz,244.5,228.5,170.5,10.0,12.0,10.0,aneurysm,618.0,9.407020301865408,12.24572101627296,0.2718446601941747,0.0
Tr1128.nii.gz,300.5,248.5,117.0,10.0,6.0,7.0,aneurysm,316.0,6.908630144215783,12.476126197835402,0.310126582278481,0.4113924050632911
Tr1128.nii.gz,339.5,261.0,122.0,12.0,11.0,11.0,aneurysm,1083.0,11.916854054406109,14.536617228840669,0.817174515235457,0.0
Tr1129.nii.gz,164.5,220.5,40.5,38.0,38.0,48.0,aneurysm,28303.0,30.66029721929156,57.91361892467954,0.7208776454792778,0.0001413277744408
Tr1129.nii.gz,151.0,219.0,37.0,1.0,1.0,1.0,aneurysm,1.0,0.0,0.0,0.0,0.0
Tr1130.nii.gz,262.0,208.0,161.5,29.0,27.0,20.0,aneurysm,4677.0,17.815238064322685,31.494847476023967,0.8905281163138764,0.0
Tr1131.nii.gz,271.5,192.5,123.5,8.0,8.0,6.0,aneurysm,279.0,6.278627439173412,9.853066781870416,0.1326164874551971,0.1971326164874552
Tr1132.nii.gz,181.0,190.0,153.5,17.0,11.0,8.0,aneurysm,783.0,7.937948175787682,17.707818303862048,0.8531289910600255,0.0
Tr1133.nii.gz,330.0,337.5,184.5,15.0,12.0,16.0,aneurysm,1151.0,10.130650947062756,20.085788015488085,0.5473501303214596,0.1798436142484795
Tr1133.nii.gz,312.0,277.0,198.0,23.0,15.0,19.0,aneurysm,2399.0,13.375599165279423,23.39062695458468,0.948728636932055,0.0
Tr1134.nii.gz,309.0,252.0,193.5,17.0,19.0,16.0,aneurysm,1779.0,12.251167576545626,21.93132714198984,0.8785834738617201,0.0
Tr1135.nii.gz,383.5,257.0,76.5,14.0,17.0,10.0,aneurysm,801.0,9.082861097300151,19.615499633213133,0.7390761548064919,0.013732833957553
Tr1136.nii.gz,313.5,181.0,162.5,28.0,37.0,32.0,aneurysm,15312.0,27.80112989858556,33.86089255662635,0.0030041797283176,0.0628918495297805
Tr1137.nii.gz,318.0,258.5,169.0,13.0,16.0,11.0,aneurysm,796.0,9.018692996605736,17.12560303256235,0.9547738693467336,0.0
Tr1138.nii.gz,303.5,266.0,143.5,12.0,9.0,6.0,aneurysm,260.0,5.967971673682584,12.891386318961697,0.8769230769230769,0.0
Tr1139.nii.gz,203.5,309.5,185.0,12.0,12.0,15.0,aneurysm,1298.0,11.752124211112026,17.893210470510173,0.7966101694915254,0.0
Tr1140.nii.gz,182.0,252.0,153.0,17.0,19.0,15.0,aneurysm,2136.0,14.471280656630086,17.953096370193837,0.9662921348314608,0.0028089887640449
Tr1141.nii.gz,309.0,263.0,247.5,15.0,13.0,10.0,aneurysm,1095.0,10.335415620015912,16.461462442560887,0.8940639269406393,0.0
Tr1142.nii.gz,237.5,215.0,220.0,24.0,17.0,13.0,aneurysm,2292.0,11.517017136539875,27.074759122582524,0.8481675392670157,0.0431937172774869
Tr1143.nii.gz,271.0,271.0,184.5,9.0,9.0,10.0,aneurysm,525.0,8.965369340799496,12.704362952705754,0.9047619047619048,0.0
Tr1144.nii.gz,271.5,280.0,181.0,16.0,19.0,15.0,aneurysm,2329.0,13.475017366421085,22.42849685059111,0.8346930012881065,0.0
Tr1145.nii.gz,283.0,226.0,175.5,53.0,57.0,46.0,aneurysm,52815.0,39.49236198806857,60.05045949584239,0.0270756413897566,0.1733219729243586
Tr1146.nii.gz,327.5,290.5,160.0,42.0,32.0,21.0,aneurysm,8026.0,16.671849445091034,48.126505219032026,0.9157737353600798,0.0
Tr1147.nii.gz,224.0,292.5,6.0,27.0,34.0,13.0,aneurysm,5897.0,12.991335389048109,36.3907111782785,0.0,0.484144480244192
Tr1148.nii.gz,354.5,295.5,212.5,14.0,16.0,12.0,aneurysm,1705.0,12.60662821356606,16.843044051506613,0.9442815249266864,0.0
Tr1149.nii.gz,336.5,239.0,176.5,12.0,9.0,8.0,aneurysm,597.0,9.231293383690618,13.106341494145322,0.4170854271356783,0.5711892797319933
Tr1150.nii.gz,214.0,223.5,163.5,13.0,12.0,6.0,aneurysm,425.0,6.126078197955309,14.323835904992452,0.9011764705882352,0.0
Tr1151.nii.gz,257.0,283.0,188.0,21.0,19.0,15.0,aneurysm,3456.0,15.919705658572628,21.810045520812103,0.8541666666666666,0.0
Tr1152.nii.gz,245.5,198.5,186.5,10.0,10.0,12.0,aneurysm,569.0,9.571661245074484,12.629459908159484,0.7873462214411248,0.1072056239015817
Tr1153.nii.gz,385.0,293.0,193.0,19.0,17.0,13.0,aneurysm,2361.0,13.535477227876706,21.506859273416087,0.9462092333756884,0.0
Tr1154.nii.gz,327.0,236.0,219.0,9.0,11.0,7.0,aneurysm,405.0,7.317862434390371,12.5473787139356,0.4617283950617284,0.0
Tr1155.nii.gz,214.5,222.5,211.5,16.0,18.0,12.0,aneurysm,1679.0,12.83373689865003,19.41710370863599,0.935080405002978,0.008338296605122
Tr1156.nii.gz,340.5,266.5,165.5,16.0,16.0,14.0,aneurysm,1740.0,13.753947716779072,17.61096600861061,0.8954022988505748,0.0
Tr1157.nii.gz,286.5,200.0,198.0,24.0,31.0,23.0,aneurysm,7505.0,21.256767394685856,29.711788924420382,0.8247834776815456,0.0
Tr1158.nii.gz,301.5,248.5,228.5,10.0,16.0,14.0,aneurysm,1273.0,11.372238250885689,17.058793418572503,0.4548311076197958,0.0
Tr1159.nii.gz,256.0,299.0,181.5,15.0,21.0,18.0,aneurysm,1604.0,11.910601500822096,27.449338856859956,0.903990024937656,0.0361596009975062
Tr1160.nii.gz,275.0,240.0,199.0,15.0,15.0,15.0,aneurysm,981.0,10.327005014084111,18.24042766506704,0.91131498470948,0.0265035677879714
Tr1161.nii.gz,365.5,268.5,199.5,30.0,42.0,28.0,aneurysm,6567.0,14.07740530280996,50.61062124445263,0.9657377798081316,0.0085274859144205
Tr1162.nii.gz,312.0,237.5,198.0,15.0,20.0,15.0,aneurysm,1958.0,13.105195532729669,22.016183796037968,0.8329928498467825,0.0
Tr1162.nii.gz,259.0,229.5,205.0,13.0,14.0,9.0,aneurysm,809.0,9.52410910121668,14.448167146763462,0.96168108776267,0.0
Tr1163.nii.gz,276.0,238.5,267.5,7.0,8.0,6.0,aneurysm,253.0,6.615987283493804,9.449933790095669,0.9367588932806324,0.0
Tr1164.nii.gz,304.0,262.0,206.5,11.0,11.0,12.0,aneurysm,931.0,11.31346910887592,14.198650887351372,0.953813104189044,0.0
Tr1165.nii.gz,277.5,228.0,205.0,32.0,27.0,29.0,aneurysm,9312.0,21.320560522929263,33.72739466177576,0.9421176975945016,0.0008591065292096
Tr1166.nii.gz,303.0,197.5,245.5,17.0,14.0,14.0,aneurysm,1587.0,12.534476219203002,19.60621458296133,0.9344675488342784,0.0
Tr1167.nii.gz,237.5,239.0,194.5,18.0,19.0,14.0,aneurysm,1858.0,11.829421920985054,25.62969860293345,0.391280947255113,0.5543595263724435
Tr1168.nii.gz,358.0,280.5,196.5,9.0,12.0,14.0,aneurysm,906.0,10.282716978865196,15.877246725578235,0.8940397350993378,0.0
Tr1169.nii.gz,293.0,174.0,222.5,9.0,9.0,14.0,aneurysm,536.0,8.159159035656764,16.87167362938554,0.1138059701492537,0.0
Tr1170.nii.gz,276.5,163.0,152.5,12.0,19.0,6.0,aneurysm,583.0,6.595564185633548,18.26635579793251,0.9914236706689536,0.0
Tr1171.nii.gz,337.0,257.0,204.0,9.0,7.0,5.0,aneurysm,165.0,5.365448417516008,10.124388309838674,0.7454545454545455,0.0
Tr1172.nii.gz,268.0,239.5,177.5,7.0,6.0,6.0,aneurysm,165.0,6.013352270605949,8.304033978676093,0.4606060606060606,0.0
Tr1172.nii.gz,271.5,268.5,184.0,12.0,10.0,11.0,aneurysm,740.0,9.07942925002275,13.24775432868652,0.9648648648648648,0.0
Tr1173.nii.gz,313.0,293.0,167.0,17.0,11.0,13.0,aneurysm,1157.0,10.563148344847551,18.70057750079283,0.773552290406223,0.0
Tr1174.nii.gz,275.5,298.0,49.5,26.0,33.0,38.0,aneurysm,14156.0,23.552142084475623,46.62601280822936,0.932254874258265,0.0014128284826222
Tr1174.nii.gz,315.0,284.5,179.0,11.0,12.0,9.0,aneurysm,621.0,9.991884798586556,12.32447863220395,0.8083735909822867,0.0
Tr1175.nii.gz,251.0,209.5,210.0,15.0,10.0,7.0,aneurysm,727.0,7.819605875043979,18.6621815056834,0.8335625859697386,0.0
Tr1176.nii.gz,407.5,347.5,211.5,14.0,18.0,16.0,aneurysm,2269.0,14.129222845431178,20.561224805515955,0.752313794623182,0.0110180696342
Tr1176.nii.gz,463.0,299.0,211.0,13.0,13.0,9.0,aneurysm,751.0,9.0729055825973,15.884646433865807,0.7776298268974701,0.0
Tr1177.nii.gz,357.5,258.5,202.5,12.0,14.0,8.0,aneurysm,779.0,8.142791262101543,15.541304193170111,0.9679075738125802,0.0
Tr1179.nii.gz,319.5,270.0,192.5,8.0,9.0,6.0,aneurysm,351.0,7.403417655668917,10.891256504324978,0.603988603988604,0.0
Tr1180.nii.gz,253.0,243.0,140.5,13.0,19.0,10.0,aneurysm,1088.0,9.14032363314059,18.041250838854776,0.9623161764705882,0.0
Tr1181.nii.gz,251.0,226.5,178.5,9.0,6.0,6.0,aneurysm,211.0,5.845636928310377,10.874915728503275,0.4739336492890995,0.0
Tr1182.nii.gz,382.5,288.5,195.5,10.0,10.0,6.0,aneurysm,404.0,6.768950538187432,12.563602415812037,0.9529702970297028,0.0
Tr1183.nii.gz,281.0,276.5,193.0,13.0,16.0,13.0,aneurysm,1253.0,10.67910978218209,18.5479937768751,0.7230646448523543,0.0023942537909018
Tr1184.nii.gz,269.5,301.0,189.5,8.0,7.0,4.0,aneurysm,165.0,4.458394877437212,9.245158921858136,0.2363636363636363,0.7636363636363637
Tr1185.nii.gz,280.0,264.5,214.0,21.0,22.0,23.0,aneurysm,3251.0,12.740924186365914,30.09039241628291,0.8661950169178714,0.0824361734850815
Tr1186.nii.gz,328.0,261.5,196.0,15.0,12.0,11.0,aneurysm,858.0,9.71133446390638,17.27542561150868,0.9335664335664337,0.0419580419580419
Tr1186.nii.gz,304.0,252.5,232.5,13.0,14.0,12.0,aneurysm,1253.0,11.738627991780698,15.30244653500516,0.9553072625698324,0.0
Tr0001.nii.gz,264.82675,304.70288,55.607536,12.551337,12.330435,15.581342,non_aneurysm,,,,,
Tr0001.nii.gz,207.39828,205.01656,160.9539,8.960328,8.284704,5.86429,non_aneurysm,,,,,
Tr0002.nii.gz,236.02684,288.35358,130.36472,14.723995,14.651035,12.565471,non_aneurysm,,,,,
Tr0002.nii.gz,347.29272,223.22868,8.606861,29.429272,30.523613,37.16376,non_aneurysm,,,,,
Tr0002.nii.gz,367.75235,225.8898,51.977787,11.766287,11.282431,9.0121565,non_aneurysm,,,,,
Tr0003.nii.gz,389.0674,314.49878,52.48731,24.630018,25.093044,33.4403,non_aneurysm,,,,,
Tr0008.nii.gz,323.72705,202.30054,37.667877,23.336111,23.760397,17.5928,non_aneurysm,,,,,
Tr0009.nii.gz,197.40994,278.03006,10.591392,7.9478445,7.0382833,5.9062705,non_aneurysm,,,,,
Tr0010.nii.gz,226.03374,203.26971,177.4596,8.851649,8.174107,6.3537774,non_aneurysm,,,,,
Tr0011.nii.gz,292.87268,210.89102,162.62984,10.498794,9.73155,7.1149364,non_aneurysm,,,,,
Tr0013.nii.gz,233.31839,240.52914,138.44109,10.696485,10.217758,6.599235,non_aneurysm,,,,,
Tr0014.nii.gz,421.27274,243.05658,132.20331,16.912464,16.633575,13.987742,non_aneurysm,,,,,
Tr0016.nii.gz,418.30478,293.20096,56.47426,9.960821,9.30327,8.217473,non_aneurysm,,,,,
Tr0021.nii.gz,366.10876,258.65558,53.513756,15.749772,15.420356,18.490747,non_aneurysm,,,,,
Tr0022.nii.gz,251.09895,272.2764,8.552952,27.051922,27.983072,38.571815,non_aneurysm,,,,,
Tr0022.nii.gz,312.02652,230.76073,167.77776,11.256875,10.8400345,8.331173,non_aneurysm,,,,,
Tr0022.nii.gz,373.53613,266.40436,19.047985,24.012693,24.259085,18.862577,non_aneurysm,,,,,
Tr0022.nii.gz,248.37872,275.9386,42.255302,31.178368,32.916435,35.870728,non_aneurysm,,,,,
Tr0023.nii.gz,195.8277,270.22177,38.32581,9.154084,8.501982,7.8662753,non_aneurysm,,,,,
Tr0023.nii.gz,258.04428,380.6599,134.73843,11.381665,10.794104,9.632717,non_aneurysm,,,,,
Tr0025.nii.gz,302.94504,215.85683,163.3329,9.432017,8.606608,7.4052844,non_aneurysm,,,,,
Tr0025.nii.gz,275.91312,222.21419,189.04929,13.861094,13.685721,7.784189,non_aneurysm,,,,,
Tr0026.nii.gz,343.12866,258.53375,5.616052,9.588874,8.924271,7.135626,non_aneurysm,,,,,
Tr0029.nii.gz,347.33932,236.58217,229.00172,12.002484,11.833567,11.6473055,non_aneurysm,,,,,
Tr0029.nii.gz,282.28442,301.55838,128.13898,16.52583,16.386824,17.667137,non_aneurysm,,,,,
Tr0035.nii.gz,274.82037,261.14044,133.8118,23.714968,23.93515,19.135435,non_aneurysm,,,,,
Tr0035.nii.gz,322.98926,358.66946,38.66242,15.255787,15.256347,12.639964,non_aneurysm,,,,,
Tr0035.nii.gz,315.51553,332.2746,77.29547,31.636944,33.14725,23.795948,non_aneurysm,,,,,
Tr0035.nii.gz,330.29965,259.42163,134.2897,19.445831,19.615887,14.902216,non_aneurysm,,,,,
Tr0035.nii.gz,316.94543,252.60823,145.76009,18.244532,18.290367,13.003374,non_aneurysm,,,,,
Tr0037.nii.gz,346.45355,301.0503,189.55618,9.267254,8.491229,7.1324496,non_aneurysm,,,,,
Tr0037.nii.gz,232.66669,298.42847,106.05238,36.035076,37.853966,42.514973,non_aneurysm,,,,,
Tr0037.nii.gz,281.2605,289.2969,211.21031,13.13001,12.923376,11.293126,non_aneurysm,,,,,
Tr0038.nii.gz,277.2953,239.28801,319.00092,18.637989,18.762608,13.3428755,non_aneurysm,,,,,
Tr0038.nii.gz,271.3947,220.0503,172.63751,11.303766,10.8511,9.290781,non_aneurysm,,,,,
Tr0038.nii.gz,265.8139,238.9243,173.90825,15.490281,15.053772,6.308932,non_aneurysm,,,,,
Tr0039.nii.gz,198.06252,193.52837,119.021736,13.853995,13.636618,12.256998,non_aneurysm,,,,,
Tr0039.nii.gz,338.717,266.281,105.1958,25.071287,25.297047,24.824053,non_aneurysm,,,,,
Tr0040.nii.gz,320.35886,220.58253,185.94669,8.177792,7.397213,6.196723,non_aneurysm,,,,,
Tr0041.nii.gz,205.91063,283.59235,100.65708,13.985178,13.819408,13.720052,non_aneurysm,,,,,
Tr0042.nii.gz,396.2516,426.64072,215.49657,16.01722,16.066914,11.010913,non_aneurysm,,,,,
Tr0042.nii.gz,350.5964,441.8985,61.835167,12.362919,11.99508,10.573001,non_aneurysm,,,,,
Tr0042.nii.gz,428.8771,455.49954,214.64478,14.299794,14.277431,11.334524,non_aneurysm,,,,,
Tr0042.nii.gz,391.46744,460.18,83.73193,22.691002,22.600754,23.049623,non_aneurysm,,,,,
Tr0043.nii.gz,373.76074,190.0583,163.35732,9.436566,8.613577,7.441105,non_aneurysm,,,,,
Tr0044.nii.gz,208.85812,309.23737,24.338572,8.016757,7.2044597,5.4053516,non_aneurysm,,,,,
Tr0045.nii.gz,290.8379,249.74356,153.19273,20.705593,20.67969,19.091913,non_aneurysm,,,,,
Tr0046.nii.gz,262.4844,287.24445,91.22248,22.57845,22.528193,25.769102,non_aneurysm,,,,,
Tr0046.nii.gz,254.1921,240.5078,197.96175,9.476868,8.941393,7.730054,non_aneurysm,,,,,
Tr0046.nii.gz,378.65155,292.05716,75.19769,32.95318,35.009434,26.745966,non_aneurysm,,,,,
Tr0046.nii.gz,332.79428,311.01743,195.36513,12.501516,12.25443,10.436263,non_aneurysm,,,,,
Tr0046.nii.gz,328.1668,262.60916,203.68126,13.503697,13.342266,11.351808,non_aneurysm,,,,,
Tr0047.nii.gz,219.32164,285.55368,31.556543,8.547241,7.9041677,6.2502966,non_aneurysm,,,,,
Tr0049.nii.gz,454.03976,215.6601,126.03028,9.54776,8.692084,7.452398,non_aneurysm,,,,,
Tr0051.nii.gz,181.50775,247.0543,3.7854447,23.825554,24.351244,17.860361,non_aneurysm,,,,,
Tr0055.nii.gz,315.7859,237.07152,156.5004,9.265612,8.436434,4.938543,non_aneurysm,,,,,
Tr0056.nii.gz,312.5638,213.71844,98.80846,10.483267,9.948669,7.2491736,non_aneurysm,,,,,
Tr0057.nii.gz,254.75594,170.56305,131.67921,11.352817,10.923702,7.4343286,non_aneurysm,,,,,
Tr0057.nii.gz,260.63184,188.04161,145.59747,9.745527,8.92692,6.4387507,non_aneurysm,,,,,
Tr0058.nii.gz,193.41937,227.66515,141.72298,9.234914,8.524296,6.2949824,non_aneurysm,,,,,
Tr0058.nii.gz,260.47678,286.75067,66.95567,17.625761,17.153769,8.752674,non_aneurysm,,,,,
Tr0062.nii.gz,309.04404,206.68246,104.84035,8.130011,7.2834563,5.505104,non_aneurysm,,,,,
Tr0063.nii.gz,281.3035,293.69812,45.30944,27.984726,28.681711,27.236078,non_aneurysm,,,,,
Tr0064.nii.gz,292.29272,211.13269,198.26237,9.074508,8.219969,5.5020757,non_aneurysm,,,,,
Tr0069.nii.gz,237.65656,193.2481,152.99321,13.717723,13.602829,11.806724,non_aneurysm,,,,,
Tr0070.nii.gz,299.7407,153.37982,141.48247,10.53689,10.055873,8.204957,non_aneurysm,,,,,
Tr0070.nii.gz,332.21375,206.95428,137.69243,25.062338,25.119644,28.598242,non_aneurysm,,,,,
Tr0075.nii.gz,397.2436,234.26567,5.4364734,10.459637,9.753549,7.1028943,non_aneurysm,,,,,
Tr0076.nii.gz,287.34302,225.72322,143.2548,14.403208,14.233834,13.219053,non_aneurysm,,,,,
Tr0076.nii.gz,283.0953,222.02722,153.93806,13.139834,13.035508,10.329753,non_aneurysm,,,,,
Tr0077.nii.gz,322.40857,171.76257,113.60794,10.182692,9.436044,7.9035306,non_aneurysm,,,,,
Tr0079.nii.gz,359.1942,228.74994,144.8398,9.009379,8.161055,5.51242,non_aneurysm,,,,,
Tr0080.nii.gz,163.03786,246.71739,20.758442,20.8183,20.437063,29.666107,non_aneurysm,,,,,
Tr0080.nii.gz,282.23865,241.28143,23.102137,15.233796,15.2564125,14.96712,non_aneurysm,,,,,
Tr0081.nii.gz,293.71292,244.79521,179.74052,11.218682,10.67914,8.486409,non_aneurysm,,,,,
Tr0081.nii.gz,280.73758,227.06165,169.25577,14.9896345,13.819441,5.861962,non_aneurysm,,,,,
Tr0081.nii.gz,217.56729,229.72476,3.559569,19.989037,19.84279,17.696321,non_aneurysm,,,,,
Tr0082.nii.gz,255.91983,213.9381,103.15727,8.815056,8.110665,5.71687,non_aneurysm,,,,,
Tr0082.nii.gz,280.3828,212.0999,128.07439,7.8790817,7.03729,4.769858,non_aneurysm,,,,,
Tr0082.nii.gz,296.84055,226.60838,106.72287,10.178824,9.431224,6.300541,non_aneurysm,,,,,
Tr0084.nii.gz,220.42868,217.3259,153.5184,8.499882,7.619415,5.437058,non_aneurysm,,,,,
Tr0086.nii.gz,211.47073,179.8094,102.806244,8.723165,7.950117,5.442531,non_aneurysm,,,,,
Tr0086.nii.gz,155.00258,188.3119,90.67041,15.095722,15.039786,12.250951,non_aneurysm,,,,,
Tr0088.nii.gz,298.5645,302.45807,38.7212,11.232092,10.941254,11.980774,non_aneurysm,,,,,
Tr0088.nii.gz,308.81036,248.52867,138.1963,12.262881,11.828544,7.3743296,non_aneurysm,,,,,
Tr0089.nii.gz,321.58286,231.76889,138.62045,13.720569,13.544472,11.105917,non_aneurysm,,,,,
Tr0091.nii.gz,224.02895,198.91843,90.55879,10.092083,9.483428,7.888219,non_aneurysm,,,,,
Tr0091.nii.gz,240.97888,218.13985,103.18836,9.581975,8.90043,6.1151223,non_aneurysm,,,,,
Tr0091.nii.gz,271.8696,322.9355,152.25291,21.369814,21.29884,18.965837,non_aneurysm,,,,,
Tr0094.nii.gz,360.99652,247.17361,109.23586,8.180935,7.4542594,5.925797,non_aneurysm,,,,,
Tr0095.nii.gz,419.16583,251.82654,5.4094725,11.329885,10.947899,8.63244,non_aneurysm,,,,,
Tr0095.nii.gz,368.75143,251.4592,162.99329,9.997448,9.283447,6.747556,non_aneurysm,,,,,
Tr0095.nii.gz,316.1665,226.96463,153.88641,11.980474,11.617194,9.883495,non_aneurysm,,,,,
Tr0096.nii.gz,309.721,229.92621,142.62793,8.727873,8.003531,5.87496,non_aneurysm,,,,,
Tr0100.nii.gz,259.19266,189.64948,133.05373,10.061695,9.245197,6.9266067,non_aneurysm,,,,,
Tr0100.nii.gz,202.57562,308.6437,3.8801098,35.498894,37.8019,31.021149,non_aneurysm,,,,,
Tr0103.nii.gz,235.46802,279.44257,8.76734,11.34722,10.972575,9.578437,non_aneurysm,,,,,
Tr0103.nii.gz,335.30063,275.24936,182.82217,15.846679,15.880103,12.804007,non_aneurysm,,,,,
Tr0103.nii.gz,337.37802,270.32608,195.6171,12.806851,12.572371,9.169709,non_aneurysm,,,,,
Tr0105.nii.gz,230.42552,238.90247,127.229095,11.9363165,11.616332,7.9396167,non_aneurysm,,,,,
Tr0106.nii.gz,275.51727,232.4826,155.88257,8.363496,7.5909114,5.77592,non_aneurysm,,,,,
Tr0106.nii.gz,244.2102,231.63522,134.51862,8.649092,7.8630433,6.715974,non_aneurysm,,,,,
Tr0107.nii.gz,218.77904,223.60257,139.44353,11.10664,10.600408,8.332269,non_aneurysm,,,,,
Tr0107.nii.gz,244.02066,333.87466,160.97911,28.742863,29.581549,14.94889,non_aneurysm,,,,,
Tr0108.nii.gz,299.42978,220.20871,154.30879,13.007192,12.765714,9.618824,non_aneurysm,,,,,
Tr0110.nii.gz,290.0766,215.27483,155.97057,8.630488,7.83445,5.953386,non_aneurysm,,,,,
Tr0112.nii.gz,231.10596,197.48271,133.54802,7.6115575,6.735014,5.2224374,non_aneurysm,,,,,
Tr0114.nii.gz,335.71298,220.0044,151.69922,10.843011,10.207869,8.038689,non_aneurysm,,,,,
Tr0115.nii.gz,293.80313,375.98663,249.39912,17.683956,17.865921,11.376081,non_aneurysm,,,,,
Tr0115.nii.gz,406.73325,273.42255,93.6631,10.059512,9.317603,7.99988,non_aneurysm,,,,,
Tr0115.nii.gz,208.58813,251.89508,5.1256776,20.529505,20.244215,22.677338,non_aneurysm,,,,,
Tr0116.nii.gz,365.22467,284.80927,68.43992,12.651827,12.554111,13.217095,non_aneurysm,,,,,
Tr0117.nii.gz,346.20895,265.2266,34.493282,17.524311,17.580582,16.367254,non_aneurysm,,,,,
Tr0117.nii.gz,296.37628,227.2896,138.43356,18.926651,18.515247,17.853256,non_aneurysm,,,,,
Tr0118.nii.gz,413.51517,319.0042,43.90572,33.23569,34.9226,40.77827,non_aneurysm,,,,,
Tr0118.nii.gz,354.8352,260.98755,183.99498,9.159893,8.512378,6.1912575,non_aneurysm,,,,,
Tr0119.nii.gz,251.86255,317.70575,15.433442,24.018677,24.375488,31.705929,non_aneurysm,,,,,
Tr0119.nii.gz,336.4016,361.29898,107.37648,28.902206,29.986979,20.61554,non_aneurysm,,,,,
Tr0119.nii.gz,331.20874,288.73026,195.17131,18.210203,18.121218,16.29853,non_aneurysm,,,,,
Tr0119.nii.gz,253.12364,298.20026,175.9339,14.766791,14.888844,11.55844,non_aneurysm,,,,,
Tr0119.nii.gz,379.0728,298.56726,2.9969335,15.623866,15.577626,15.739032,non_aneurysm,,,,,
Tr0120.nii.gz,238.5487,332.9341,116.1389,11.842422,11.589522,11.266888,non_aneurysm,,,,,
Tr0120.nii.gz,326.8456,229.00021,68.93993,28.07359,29.403992,19.614437,non_aneurysm,,,,,
Tr0120.nii.gz,194.39638,184.29535,53.926483,19.606094,19.300167,30.480986,non_aneurysm,,,,,
Tr0121.nii.gz,231.20508,199.33572,194.03543,9.125562,8.343212,6.755127,non_aneurysm,,,,,
Tr0123.nii.gz,260.91144,189.37604,138.92836,9.775186,9.01364,6.901489,non_aneurysm,,,,,
Tr0124.nii.gz,214.03947,201.99054,118.78737,14.51587,14.482072,8.3443775,non_aneurysm,,,,,
Tr0125.nii.gz,212.27835,163.32251,310.3463,14.460621,14.59832,10.057088,non_aneurysm,,,,,
Tr0126.nii.gz,260.99493,225.12585,203.97568,7.806495,6.9819837,5.451861,non_aneurysm,,,,,
Tr0126.nii.gz,247.30246,217.66104,184.55203,8.103785,7.1409,5.0676823,non_aneurysm,,,,,
Tr0127.nii.gz,295.40652,207.50089,169.83414,8.504074,7.7167635,5.625549,non_aneurysm,,,,,
Tr0127.nii.gz,218.47092,292.2793,3.3512266,17.045755,16.832891,14.204735,non_aneurysm,,,,,
Tr0128.nii.gz,334.14856,313.00806,102.43557,12.064166,11.868738,11.063518,non_aneurysm,,,,,
Tr0129.nii.gz,312.71222,248.65167,8.326723,12.066846,11.805829,8.657813,non_aneurysm,,,,,
Tr0129.nii.gz,211.63745,186.5584,151.33083,14.29546,14.180066,10.550921,non_aneurysm,,,,,
Tr0130.nii.gz,312.3543,174.557,24.915033,21.854788,22.283377,11.229392,non_aneurysm,,,,,
Tr0131.nii.gz,226.66086,282.21936,9.123754,21.370085,20.87542,29.895567,non_aneurysm,,,,,
Tr0131.nii.gz,310.2593,267.15103,216.62944,11.507791,11.104069,7.9056015,non_aneurysm,,,,,
Tr0132.nii.gz,306.9371,228.69518,7.454546,30.595322,32.096153,28.937342,non_aneurysm,,,,,
Tr0132.nii.gz,147.26501,211.65239,7.705878,24.24738,24.604795,28.111021,non_aneurysm,,,,,
Tr0132.nii.gz,355.32288,210.56291,67.79126,10.7369375,10.0473175,7.331629,non_aneurysm,,,,,
Tr0133.nii.gz,193.58832,235.56856,212.44672,13.905201,13.764663,11.320272,non_aneurysm,,,,,
Tr0133.nii.gz,258.37927,271.81384,40.32651,11.528613,11.05139,9.496144,non_aneurysm,,,,,
Tr0133.nii.gz,327.40228,261.10587,163.20972,10.220359,9.61145,6.6651263,non_aneurysm,,,,,
Tr0134.nii.gz,341.81192,265.0315,12.228475,31.679497,32.975758,40.77092,non_aneurysm,,,,,
Tr0134.nii.gz,314.68298,231.61475,34.70998,22.228945,22.291168,18.557985,non_aneurysm,,,,,
Tr0134.nii.gz,232.11436,287.41754,103.58396,13.963948,13.930803,10.528754,non_aneurysm,,,,,
Tr0135.nii.gz,295.80533,210.03714,224.86885,8.581717,7.876885,5.9561315,non_aneurysm,,,,,
Tr0135.nii.gz,358.7103,274.57617,20.498138,39.69588,41.586224,27.863121,non_aneurysm,,,,,
Tr0135.nii.gz,288.81915,236.32092,351.43146,10.407097,9.876326,7.025848,non_aneurysm,,,,,
Tr0135.nii.gz,207.14096,324.07385,77.00523,11.6263485,11.215,9.03227,non_aneurysm,,,,,
Tr0135.nii.gz,341.17526,250.41705,65.738625,14.781038,14.791793,12.128116,non_aneurysm,,,,,
Tr0137.nii.gz,473.8662,284.69528,10.581865,24.976915,25.83641,36.48521,non_aneurysm,,,,,
Tr0140.nii.gz,322.8888,281.183,137.69742,9.357839,8.499308,6.4850583,non_aneurysm,,,,,
Tr0140.nii.gz,321.06418,279.91528,144.76772,10.547284,9.774117,8.054809,non_aneurysm,,,,,
Tr0141.nii.gz,218.46341,219.91646,231.07758,10.791009,10.223811,8.737702,non_aneurysm,,,,,
Tr0141.nii.gz,243.77512,219.85062,171.58444,12.059017,11.787265,10.072858,non_aneurysm,,,,,
Tr0143.nii.gz,304.13025,316.25412,11.496056,34.200764,36.578842,25.63522,non_aneurysm,,,,,
Tr0143.nii.gz,182.9504,290.39987,56.3428,22.960125,23.389757,17.595362,non_aneurysm,,,,,
Tr0143.nii.gz,260.84177,278.2635,187.7367,15.3908615,15.502904,12.525436,non_aneurysm,,,,,
Tr0144.nii.gz,424.8274,301.94257,200.67636,9.891912,9.305203,7.7215605,non_aneurysm,,,,,
Tr0146.nii.gz,350.1092,242.5091,176.74034,16.392233,16.565422,10.544337,non_aneurysm,,,,,
Tr0146.nii.gz,220.75308,217.77687,121.86667,9.995911,9.299624,6.639003,non_aneurysm,,,,,
Tr0146.nii.gz,236.80338,348.03125,84.42264,10.611322,9.958774,7.915144,non_aneurysm,,,,,
Tr0148.nii.gz,330.8274,247.76288,156.27188,7.4821925,6.598233,4.7242055,non_aneurysm,,,,,
Tr0148.nii.gz,312.60956,225.97527,173.26991,11.695053,11.257991,8.53178,non_aneurysm,,,,,
Tr0150.nii.gz,251.26076,156.74341,208.38174,8.79747,8.061948,5.7666526,non_aneurysm,,,,,
Tr0153.nii.gz,274.89444,247.96758,188.11926,17.027819,16.725935,21.845097,non_aneurysm,,,,,
Tr0153.nii.gz,276.2877,241.43901,225.67017,15.637471,15.714192,9.003751,non_aneurysm,,,,,
Tr0153.nii.gz,273.32516,209.88939,193.4472,14.177903,14.199678,8.54019,non_aneurysm,,,,,
Tr0153.nii.gz,230.88054,289.04276,4.403414,30.866217,32.60038,26.709267,non_aneurysm,,,,,
Tr0153.nii.gz,221.12239,251.14532,36.766193,16.297941,16.542393,11.346241,non_aneurysm,,,,,
Tr0153.nii.gz,235.94331,269.0028,35.50437,18.72004,18.762995,9.533069,non_aneurysm,,,,,
Tr0154.nii.gz,259.60736,220.05165,160.12296,9.043249,8.2577715,6.1420283,non_aneurysm,,,,,
Tr0156.nii.gz,270.27655,241.0546,9.993532,37.943153,39.930912,38.524612,non_aneurysm,,,,,
Tr0156.nii.gz,113.95035,224.69612,4.749697,42.058693,43.68584,28.801847,non_aneurysm,,,,,
Tr0157.nii.gz,419.52298,247.0081,148.5243,9.67392,8.984952,6.967394,non_aneurysm,,,,,
Tr0157.nii.gz,320.21024,205.23656,247.55495,9.794972,9.200456,6.7490673,non_aneurysm,,,,,
Tr0157.nii.gz,280.999,225.92339,147.1108,21.5294,21.52504,18.432978,non_aneurysm,,,,,
Tr0158.nii.gz,278.73706,270.99585,164.32689,12.077002,11.827671,10.307716,non_aneurysm,,,,,
Tr0158.nii.gz,398.02072,291.5652,27.223581,8.6627035,7.9916353,6.720886,non_aneurysm,,,,,
Tr0159.nii.gz,385.8367,198.29509,186.6132,10.98643,10.575353,8.292908,non_aneurysm,,,,,
Tr0159.nii.gz,275.9609,195.90524,162.1386,8.066409,7.1534305,5.291652,non_aneurysm,,,,,
Tr0161.nii.gz,206.67357,250.34113,60.43923,9.892748,9.145511,7.2943563,non_aneurysm,,,,,
Tr0162.nii.gz,210.99622,189.14372,154.16583,9.954553,9.406222,7.120907,non_aneurysm,,,,,
Tr0164.nii.gz,237.27774,267.86014,194.51082,9.657703,9.117065,7.3870482,non_aneurysm,,,,,
Tr0167.nii.gz,211.97731,257.17706,2.0474865,19.734632,20.148214,14.382203,non_aneurysm,,,,,
Tr0168.nii.gz,370.89624,364.4771,90.16758,11.37685,11.1578245,11.869632,non_aneurysm,,,,,
Tr0168.nii.gz,326.5281,293.43866,50.834053,14.233235,13.938591,16.726187,non_aneurysm,,,,,
Tr0168.nii.gz,453.8647,360.78284,46.391434,37.199936,38.59441,33.232647,non_aneurysm,,,,,
Tr0169.nii.gz,267.76956,96.34622,216.19963,10.853996,10.496648,10.30219,non_aneurysm,,,,,
Tr0171.nii.gz,300.249,193.68759,156.511,8.9882,8.090648,6.8875194,non_aneurysm,,,,,
Tr0172.nii.gz,231.1081,187.32709,179.99411,10.587041,10.07394,8.24536,non_aneurysm,,,,,
Tr0173.nii.gz,237.94153,207.74176,196.36227,9.742397,9.10324,8.402747,non_aneurysm,,,,,
Tr0173.nii.gz,317.89023,219.39777,20.134491,15.515664,15.403181,13.795816,non_aneurysm,,,,,
Tr0174.nii.gz,219.35674,268.89957,52.945427,34.918148,36.153057,40.538155,non_aneurysm,,,,,
Tr0176.nii.gz,340.07175,273.68915,36.74671,10.015638,9.368554,7.6673656,non_aneurysm,,,,,
Tr0176.nii.gz,278.33282,222.35257,194.46582,9.979851,9.363047,7.291473,non_aneurysm,,,,,
Tr0178.nii.gz,246.49785,174.74435,177.84792,9.063004,8.41887,6.4646573,non_aneurysm,,,,,
Tr0178.nii.gz,337.95026,161.36218,219.17722,9.953266,9.236156,7.7613106,non_aneurysm,,,,,
Tr0180.nii.gz,311.66525,258.15387,41.915745,35.04314,37.17194,33.209164,non_aneurysm,,,,,
Tr0180.nii.gz,301.69382,244.7123,67.28914,17.16149,16.9153,17.432417,non_aneurysm,,,,,
Tr0180.nii.gz,164.27654,241.96536,74.84801,12.0446205,11.48705,8.093696,non_aneurysm,,,,,
Tr0180.nii.gz,209.41397,156.24464,216.10226,11.05693,10.484603,7.9511976,non_aneurysm,,,,,
Tr0180.nii.gz,170.55316,257.1145,27.575535,31.917814,33.17135,36.72178,non_aneurysm,,,,,
Tr0181.nii.gz,259.29913,217.83655,175.25848,12.36913,12.033678,7.8102503,non_aneurysm,,,,,
Tr0182.nii.gz,243.46906,308.53772,119.14517,25.267817,25.948305,15.848386,non_aneurysm,,,,,
Tr0182.nii.gz,192.43771,268.3415,114.78737,33.12243,34.00936,33.351433,non_aneurysm,,,,,
Tr0182.nii.gz,176.45627,219.88203,20.662825,21.641403,21.373676,30.52039,non_aneurysm,,,,,
Tr0182.nii.gz,183.57697,261.428,54.59813,42.81784,42.778877,27.052279,non_aneurysm,,,,,
Tr0183.nii.gz,351.43283,235.95616,198.21175,15.804976,16.088793,10.227627,non_aneurysm,,,,,
Tr0184.nii.gz,342.21252,267.51193,192.08694,16.435625,16.599716,11.2810135,non_aneurysm,,,,,
Tr0184.nii.gz,402.5965,334.08295,3.191415,17.751526,17.685593,13.324866,non_aneurysm,,,,,
Tr0184.nii.gz,397.5565,290.1155,189.4048,16.673805,16.686054,12.2631645,non_aneurysm,,,,,
Tr0184.nii.gz,281.62555,260.37448,5.6495132,49.14073,48.12029,25.51093,non_aneurysm,,,,,
Tr0185.nii.gz,259.41516,259.5942,189.9579,8.462971,7.7280564,5.2304273,non_aneurysm,,,,,
Tr0186.nii.gz,292.30737,271.00797,179.63297,10.200768,9.408125,6.661214,non_aneurysm,,,,,
Tr0187.nii.gz,358.3729,319.51575,280.153,8.416567,7.763026,6.740661,non_aneurysm,,,,,
Tr0187.nii.gz,452.05118,231.45862,248.14603,12.197569,11.990915,11.4943495,non_aneurysm,,,,,
Tr0187.nii.gz,462.26376,249.1282,209.73553,11.911849,11.687471,11.988443,non_aneurysm,,,,,
Tr0189.nii.gz,309.78265,336.3388,137.17093,8.323636,7.483954,6.2015777,non_aneurysm,,,,,
Tr0189.nii.gz,343.31598,316.31415,37.22637,17.385366,17.438068,13.232808,non_aneurysm,,,,,
Tr0189.nii.gz,249.60394,325.93875,45.676327,11.490756,11.148527,9.482899,non_aneurysm,,,,,
Tr0190.nii.gz,290.47665,345.92188,73.10138,11.3444195,10.979937,9.616089,non_aneurysm,,,,,
Tr0190.nii.gz,316.18976,376.0893,100.88806,9.478379,8.821161,7.5168743,non_aneurysm,,,,,
Tr0191.nii.gz,320.5697,390.2196,175.35442,31.843958,33.41438,27.913969,non_aneurysm,,,,,
Tr0192.nii.gz,325.29303,307.824,206.02179,14.245009,14.036508,11.667306,non_aneurysm,,,,,
Tr0192.nii.gz,398.55057,276.47284,6.7468667,34.74819,37.104984,35.972984,non_aneurysm,,,,,
Tr0193.nii.gz,338.77444,211.11078,179.00414,8.696299,7.895586,5.980717,non_aneurysm,,,,,
Tr0194.nii.gz,249.81456,303.84274,216.24167,12.941589,12.743898,8.853128,non_aneurysm,,,,,
Tr0195.nii.gz,386.338,277.6158,4.0814896,10.027082,9.454047,7.503539,non_aneurysm,,,,,
Tr0195.nii.gz,283.9458,239.5053,153.25826,9.232269,8.396518,6.592517,non_aneurysm,,,,,
Tr0196.nii.gz,200.3737,272.78534,15.693938,11.737259,11.3035,8.542664,non_aneurysm,,,,,
Tr0198.nii.gz,260.19464,310.917,162.40967,11.585025,11.204489,9.699785,non_aneurysm,,,,,
Tr0199.nii.gz,370.04144,256.46588,6.6356626,17.729029,17.31417,20.016253,non_aneurysm,,,,,
Tr0201.nii.gz,346.50885,373.36365,65.91567,24.411314,25.133398,22.223303,non_aneurysm,,,,,
Tr0201.nii.gz,393.14865,291.4334,143.71835,24.188334,24.676514,23.610935,non_aneurysm,,,,,
Tr0201.nii.gz,347.18134,300.48795,155.73059,12.645906,12.3762665,10.276517,non_aneurysm,,,,,
Tr0201.nii.gz,442.56775,312.12692,40.39234,24.169474,24.4847,27.904387,non_aneurysm,,,,,
Tr0203.nii.gz,231.24673,247.2136,17.031563,15.213916,14.5979595,22.12823,non_aneurysm,,,,,
Tr0204.nii.gz,311.25787,208.59802,237.63438,11.866296,11.618259,11.36083,non_aneurysm,,,,,
Tr0204.nii.gz,268.71606,290.1078,133.99243,14.574653,14.567143,12.036046,non_aneurysm,,,,,
Tr0207.nii.gz,299.6017,261.42612,142.27112,8.458645,7.575998,5.890542,non_aneurysm,,,,,
Tr0207.nii.gz,362.99335,341.28503,59.29837,13.413396,13.257054,14.487199,non_aneurysm,,,,,
Tr0208.nii.gz,186.0575,301.04025,9.859513,10.670249,10.358155,11.375487,non_aneurysm,,,,,
Tr0208.nii.gz,344.51053,296.2756,42.86892,26.452858,27.132282,27.01631,non_aneurysm,,,,,
Tr0210.nii.gz,259.9292,221.18661,37.383568,12.020018,11.627602,9.904283,non_aneurysm,,,,,
Tr0211.nii.gz,232.92984,283.1114,198.4938,8.501962,7.732267,5.771946,non_aneurysm,,,,,
Tr0212.nii.gz,311.31543,278.3484,149.8092,9.593307,8.984022,7.0484324,non_aneurysm,,,,,
Tr0214.nii.gz,265.73618,179.96931,184.12619,9.138469,8.309214,7.108649,non_aneurysm,,,,,
Tr0218.nii.gz,214.0427,206.99948,193.86786,16.99217,17.009073,14.644267,non_aneurysm,,,,,
Tr0218.nii.gz,258.76385,198.47363,162.07544,18.333279,18.56885,12.333242,non_aneurysm,,,,,
Tr0218.nii.gz,329.15088,178.3016,194.4168,14.272447,14.1477785,9.800719,non_aneurysm,,,,,
Tr0219.nii.gz,253.65407,260.51025,168.51527,17.821613,17.678942,13.270467,non_aneurysm,,,,,
Tr0220.nii.gz,435.67712,348.08423,29.275717,12.832158,12.563187,8.480193,non_aneurysm,,,,,
Tr0220.nii.gz,297.09824,357.70004,87.233795,15.779808,15.778645,9.29826,non_aneurysm,,,,,
Tr0220.nii.gz,280.50815,377.28528,67.30772,12.876246,12.680155,12.172731,non_aneurysm,,,,,
Tr0220.nii.gz,280.512,261.11597,132.54813,13.657064,13.599687,9.483135,non_aneurysm,,,,,
Tr0221.nii.gz,326.73975,296.5488,203.01562,13.921682,13.840829,8.396189,non_aneurysm,,,,,
Tr0222.nii.gz,236.60837,221.09245,182.19244,7.655383,6.897552,5.708006,non_aneurysm,,,,,
Tr0224.nii.gz,392.4498,268.8357,30.29312,24.349287,24.907387,16.837683,non_aneurysm,,,,,
Tr0226.nii.gz,345.7611,247.99796,208.61996,16.60827,16.630642,10.1123705,non_aneurysm,,,,,
Tr0229.nii.gz,269.7143,388.66757,200.25044,16.793499,16.555466,13.531702,non_aneurysm,,,,,
Tr0230.nii.gz,368.36066,295.98984,41.195602,26.271494,26.784422,36.225143,non_aneurysm,,,,,
Tr0230.nii.gz,213.11298,302.06052,14.673079,32.553387,34.003105,40.773224,non_aneurysm,,,,,
Tr0232.nii.gz,397.82504,253.31781,180.522,16.960123,17.085394,13.40639,non_aneurysm,,,,,
Tr0234.nii.gz,390.81982,420.11615,95.60568,27.176565,27.60138,25.533546,non_aneurysm,,,,,
Tr0236.nii.gz,279.08905,265.13763,181.67624,11.822386,11.473367,8.057532,non_aneurysm,,,,,
Tr0238.nii.gz,304.1882,217.75494,202.82565,10.531214,9.969627,7.811584,non_aneurysm,,,,,
Tr0240.nii.gz,242.14006,332.7989,182.8201,10.675291,10.097152,5.8473377,non_aneurysm,,,,,
Tr0240.nii.gz,284.1144,292.06873,145.15807,19.460398,19.066557,23.3102,non_aneurysm,,,,,
Tr0241.nii.gz,369.2588,277.4427,10.041615,25.195805,25.776941,32.572292,non_aneurysm,,,,,
Tr0242.nii.gz,268.66525,262.93326,220.21568,11.354294,10.738736,9.549717,non_aneurysm,,,,,
Tr0242.nii.gz,298.41663,294.7259,1.7531251,16.445522,16.30886,14.592308,non_aneurysm,,,,,
Tr0244.nii.gz,264.37036,262.5125,209.93477,8.368435,7.455142,5.7865076,non_aneurysm,,,,,
Tr0244.nii.gz,412.23618,380.6255,111.56293,13.860854,13.835313,11.887833,non_aneurysm,,,,,
Tr0246.nii.gz,249.9911,221.81302,175.41446,12.548248,12.10325,10.313179,non_aneurysm,,,,,
Tr0247.nii.gz,452.6199,276.46017,2.6689143,13.801709,13.722821,13.173994,non_aneurysm,,,,,
Tr0250.nii.gz,317.54422,226.05638,195.82455,17.282385,16.916784,15.084803,non_aneurysm,,,,,
Tr0250.nii.gz,293.54874,294.07074,130.11879,11.727251,11.46893,10.731352,non_aneurysm,,,,,
Tr0252.nii.gz,452.94955,261.21713,206.42986,10.560387,9.945781,7.0456676,non_aneurysm,,,,,
Tr0252.nii.gz,359.2759,263.1169,167.86606,27.148779,27.862946,20.506727,non_aneurysm,,,,,
Tr0252.nii.gz,367.91003,263.93793,180.55386,9.420661,8.544842,4.8156505,non_aneurysm,,,,,
Tr0253.nii.gz,381.9612,367.307,194.78648,14.74886,14.629531,12.536205,non_aneurysm,,,,,
Tr0253.nii.gz,408.32028,399.89075,118.66296,17.53679,17.658842,11.782806,non_aneurysm,,,,,
Tr0253.nii.gz,389.31784,258.94327,275.74997,11.291408,10.711476,8.991486,non_aneurysm,,,,,
Tr0253.nii.gz,510.582,310.52786,219.64026,13.621539,13.53611,11.00012,non_aneurysm,,,,,
Tr0253.nii.gz,424.54477,336.29715,198.44736,17.872887,17.757162,13.893713,non_aneurysm,,,,,
Tr0255.nii.gz,313.10852,260.47202,166.29343,12.760028,12.518405,9.51608,non_aneurysm,,,,,
Tr0255.nii.gz,284.11734,249.39993,197.7316,10.6032,10.065669,8.543524,non_aneurysm,,,,,
Tr0256.nii.gz,283.49255,255.95287,161.1005,11.023965,10.396641,8.361197,non_aneurysm,,,,,
Tr0258.nii.gz,315.14694,348.21832,92.36035,27.649626,28.958582,29.780598,non_aneurysm,,,,,
Tr0259.nii.gz,252.9582,342.08228,74.18935,14.079927,13.961165,17.04586,non_aneurysm,,,,,
Tr0260.nii.gz,331.05334,248.02179,165.89415,9.9679575,9.206671,6.7752185,non_aneurysm,,,,,
Tr0261.nii.gz,293.997,335.9285,104.03997,12.990918,12.707737,16.10742,non_aneurysm,,,,,
Tr0261.nii.gz,326.50043,321.50266,218.21619,16.68189,16.719347,13.385905,non_aneurysm,,,,,
Tr0262.nii.gz,398.87143,246.28972,219.27803,10.95129,10.564235,8.555306,non_aneurysm,,,,,
Tr0262.nii.gz,285.50833,232.97908,293.88953,12.817437,12.615596,9.559937,non_aneurysm,,,,,
Tr0262.nii.gz,326.28918,316.8668,127.39751,24.286707,25.161425,13.183908,non_aneurysm,,,,,
Tr0262.nii.gz,278.36087,230.96648,178.77434,8.690118,7.8582377,5.8444777,non_aneurysm,,,,,
Tr0262.nii.gz,214.12088,273.7814,70.33703,14.049938,13.992274,14.425283,non_aneurysm,,,,,
Tr0262.nii.gz,392.6681,359.28543,44.09193,26.037325,26.221642,28.716848,non_aneurysm,,,,,
Tr0264.nii.gz,274.495,214.69814,324.398,10.088356,9.5606985,7.7795744,non_aneurysm,,,,,
Tr0265.nii.gz,418.26086,322.28214,60.064533,13.253788,13.200695,12.013665,non_aneurysm,,,,,
Tr0266.nii.gz,422.4733,256.11978,61.32467,9.080212,8.23514,6.7996144,non_aneurysm,,,,,
Tr0267.nii.gz,364.05444,244.57422,141.50838,13.778207,13.75265,10.97489,non_aneurysm,,,,,
Tr0268.nii.gz,215.30118,272.94162,2.9584062,34.218204,36.57919,28.879753,non_aneurysm,,,,,
Tr0269.nii.gz,418.73788,280.82434,6.988972,22.7596,22.660744,21.34767,non_aneurysm,,,,,
Tr0271.nii.gz,264.53296,268.32867,9.215325,35.61233,37.415596,35.37438,non_aneurysm,,,,,
Tr0274.nii.gz,341.62128,311.6979,192.13428,10.012573,9.363443,6.241128,non_aneurysm,,,,,
Tr0274.nii.gz,373.06714,290.56424,171.42207,19.2583,18.890371,18.293278,non_aneurysm,,,,,
Tr0274.nii.gz,321.85077,274.76614,195.48502,18.8455,19.05215,13.263159,non_aneurysm,,,,,
Tr0276.nii.gz,273.8513,262.93396,132.91634,8.561774,7.8978252,5.7779107,non_aneurysm,,,,,
Tr0276.nii.gz,360.87524,324.0455,10.373282,11.442276,10.930365,8.870262,non_aneurysm,,,,,
Tr0277.nii.gz,332.73468,358.73907,69.60309,14.89816,14.674554,17.480686,non_aneurysm,,,,,
Tr0278.nii.gz,344.32184,360.97726,92.825356,16.530685,16.569805,14.121805,non_aneurysm,,,,,
Tr0279.nii.gz,352.81335,310.92554,5.11271,19.713205,19.218372,24.34533,non_aneurysm,,,,,
Tr0279.nii.gz,355.4624,311.4414,119.43932,22.64819,22.230173,24.331009,non_aneurysm,,,,,
Tr0283.nii.gz,239.83173,296.50214,4.139887,15.844676,15.640613,13.225274,non_aneurysm,,,,,
Tr0287.nii.gz,288.43222,250.44232,201.11406,13.606366,13.414761,13.159339,non_aneurysm,,,,,
Tr0288.nii.gz,316.00168,257.55475,201.66136,11.07208,10.56772,8.9347105,non_aneurysm,,,,,
Tr0291.nii.gz,362.41644,281.7951,163.41829,16.140247,16.259243,11.485086,non_aneurysm,,,,,
Tr0295.nii.gz,223.35452,257.32098,162.33258,10.557326,10.113978,8.026409,non_aneurysm,,,,,
Tr0295.nii.gz,344.6711,255.0026,164.78064,23.999826,24.299025,19.033222,non_aneurysm,,,,,
Tr0295.nii.gz,262.043,256.68268,141.59416,12.066872,11.554832,6.733346,non_aneurysm,,,,,
Tr0295.nii.gz,311.17722,293.00974,97.062225,25.179554,25.614872,21.593872,non_aneurysm,,,,,
Tr0295.nii.gz,346.9164,231.3817,112.368454,11.633985,11.095834,7.470192,non_aneurysm,,,,,
Tr0295.nii.gz,357.37024,246.14172,164.53464,9.36997,8.4376955,5.971759,non_aneurysm,,,,,
Tr0295.nii.gz,178.20749,272.2336,201.71353,13.892102,13.623731,6.796455,non_aneurysm,,,,,
Tr0295.nii.gz,276.50888,316.53513,130.22581,11.359514,10.79865,7.517745,non_aneurysm,,,,,
Tr0295.nii.gz,324.70862,257.46088,175.40073,14.04135,13.81444,9.76311,non_aneurysm,,,,,
Tr0300.nii.gz,339.3982,260.5109,121.09285,15.738115,15.890525,11.832034,non_aneurysm,,,,,
Tr0301.nii.gz,381.6183,271.17847,220.44751,8.588821,7.608777,5.768237,non_aneurysm,,,,,
Tr0303.nii.gz,379.2848,270.7562,42.439087,10.611928,10.08977,9.067196,non_aneurysm,,,,,
Tr0306.nii.gz,357.00262,245.1553,24.585203,29.125929,30.229752,22.425905,non_aneurysm,,,,,
Tr0309.nii.gz,210.16646,267.60706,209.4581,14.904552,14.74753,8.098206,non_aneurysm,,,,,
Tr0309.nii.gz,249.63757,291.72324,186.99536,16.270033,16.50045,12.398357,non_aneurysm,,,,,
Tr0312.nii.gz,314.9168,259.65594,190.20445,9.168286,8.416236,6.6674614,non_aneurysm,,,,,
Tr0313.nii.gz,349.7738,318.1159,35.13765,10.879506,10.481061,7.957646,non_aneurysm,,,,,
Tr0314.nii.gz,271.47375,247.57693,7.6815925,21.648684,21.108498,31.168846,non_aneurysm,,,,,
Tr0315.nii.gz,228.49417,226.31447,31.257317,9.102081,8.271285,6.753898,non_aneurysm,,,,,
Tr0315.nii.gz,454.24435,309.5876,34.528965,9.972163,9.275794,7.6709976,non_aneurysm,,,,,
Tr0316.nii.gz,342.12085,251.86847,65.0993,24.826443,25.03291,23.026861,non_aneurysm,,,,,
Tr0316.nii.gz,179.41992,234.07668,2.4533787,9.517619,8.763382,7.0302453,non_aneurysm,,,,,
Tr0317.nii.gz,279.7121,255.97026,177.33948,8.307183,7.458416,5.663429,non_aneurysm,,,,,
Tr0317.nii.gz,385.8181,243.50217,4.4254527,18.9121,18.50141,17.721373,non_aneurysm,,,,,
Tr0317.nii.gz,347.87036,292.85605,193.17288,11.05419,10.592871,8.896285,non_aneurysm,,,,,
Tr0318.nii.gz,277.41602,227.91708,168.40576,12.36598,12.212803,12.441074,non_aneurysm,,,,,
Tr0318.nii.gz,341.31573,229.2956,169.65366,14.136172,13.813532,7.5917745,non_aneurysm,,,,,
Tr0319.nii.gz,418.91052,451.30307,145.59271,11.301525,10.7796545,8.809677,non_aneurysm,,,,,
Tr0320.nii.gz,291.65744,284.27188,131.3476,16.738932,16.62349,13.855247,non_aneurysm,,,,,
Tr0325.nii.gz,289.24634,202.48764,24.729694,15.555319,15.598451,12.111487,non_aneurysm,,,,,
Tr0326.nii.gz,360.04645,252.32428,12.66437,18.60158,17.994154,24.201412,non_aneurysm,,,,,
Tr0328.nii.gz,268.4106,257.75977,145.73679,16.014936,16.093206,14.133717,non_aneurysm,,,,,
Tr0329.nii.gz,194.13902,293.20065,30.065289,12.940055,12.663111,9.886118,non_aneurysm,,,,,
Tr0330.nii.gz,366.73843,298.25818,62.24372,9.472803,8.883955,7.5733485,non_aneurysm,,,,,
Tr0333.nii.gz,233.98969,303.8004,86.16883,21.33818,21.000309,29.82098,non_aneurysm,,,,,
Tr0333.nii.gz,342.00146,292.4455,27.393604,9.683056,8.925585,6.3913336,non_aneurysm,,,,,
Tr0334.nii.gz,390.7616,264.7741,70.442665,19.81588,19.671015,21.397066,non_aneurysm,,,,,
Tr0336.nii.gz,316.13208,244.18134,182.98885,9.233178,8.523805,5.9480557,non_aneurysm,,,,,
Tr0336.nii.gz,146.88701,274.9739,69.02268,21.563972,21.552223,14.766387,non_aneurysm,,,,,
Tr0336.nii.gz,414.31537,271.98044,70.65265,17.636412,17.214163,22.478418,non_aneurysm,,,,,
Tr0336.nii.gz,462.90005,253.00806,157.02042,13.321432,13.081581,11.535151,non_aneurysm,,,,,
Tr0336.nii.gz,250.38255,239.99596,187.1067,8.88636,8.024495,6.34241,non_aneurysm,,,,,
Tr0340.nii.gz,198.64929,160.05501,199.01054,9.124458,8.299747,6.431785,non_aneurysm,,,,,
Tr0340.nii.gz,135.30208,206.71504,6.3600097,19.185928,18.676983,24.619968,non_aneurysm,,,,,
Tr0340.nii.gz,270.49985,196.12556,2.493115,12.809152,12.477363,8.642074,non_aneurysm,,,,,
Tr0341.nii.gz,226.73727,322.9477,35.506004,23.309694,23.625084,22.008553,non_aneurysm,,,,,
Tr0343.nii.gz,332.7847,257.2006,6.3244934,15.613288,15.412285,17.62526,non_aneurysm,,,,,
Tr0344.nii.gz,421.98062,281.15442,8.043384,14.080476,13.971245,10.625561,non_aneurysm,,,,,
Tr0346.nii.gz,503.7525,242.31462,9.391689,13.443885,13.465998,10.401811,non_aneurysm,,,,,
Tr0347.nii.gz,304.96143,327.5391,12.04687,19.179138,19.221046,15.054348,non_aneurysm,,,,,
Tr0348.nii.gz,379.45844,244.15573,186.11952,8.9258175,7.9362683,6.578758,non_aneurysm,,,,,
Tr0350.nii.gz,296.70242,216.09644,134.25894,9.202512,8.342793,6.3999114,non_aneurysm,,,,,
Tr0350.nii.gz,251.54088,209.7245,140.79071,10.621341,10.009005,7.842035,non_aneurysm,,,,,
Tr0350.nii.gz,200.48265,251.41766,34.77279,22.923504,22.886795,21.072287,non_aneurysm,,,,,
Tr0353.nii.gz,409.93207,285.04544,32.245224,8.13552,7.359997,6.571228,non_aneurysm,,,,,
Tr0354.nii.gz,293.7254,261.1456,200.52728,18.641119,18.398508,17.572765,non_aneurysm,,,,,
Tr0355.nii.gz,319.234,278.9486,168.93704,19.705873,20.018692,13.319783,non_aneurysm,,,,,
Tr0355.nii.gz,334.4369,276.84952,197.1328,9.204294,8.657301,7.7406917,non_aneurysm,,,,,
Tr0355.nii.gz,282.4339,310.3652,73.02178,8.037,7.1684685,6.262309,non_aneurysm,,,,,
Tr0356.nii.gz,309.74445,254.8318,204.20776,23.60731,24.127096,34.091267,non_aneurysm,,,,,
Tr0356.nii.gz,227.51326,203.15668,179.98494,14.368419,14.317599,10.672451,non_aneurysm,,,,,
Tr0356.nii.gz,335.79065,220.88516,166.32497,17.549585,17.547918,13.888965,non_aneurysm,,,,,
Tr0357.nii.gz,421.14597,303.67386,12.771899,39.64333,41.347363,36.235085,non_aneurysm,,,,,
Tr0357.nii.gz,327.9833,270.742,200.22386,10.881576,10.410747,6.625431,non_aneurysm,,,,,
Tr0357.nii.gz,392.31366,289.2993,204.251,16.079514,15.989132,13.493068,non_aneurysm,,,,,
Tr0357.nii.gz,281.0352,249.48949,24.281775,26.000359,26.602,21.278065,non_aneurysm,,,,,
Tr0358.nii.gz,253.70757,303.5506,86.311676,21.753223,21.30619,25.603682,non_aneurysm,,,,,
Tr0358.nii.gz,354.5862,229.98796,160.84882,8.748288,7.962148,5.7857385,non_aneurysm,,,,,
Tr0360.nii.gz,347.98236,200.60887,138.64177,9.058777,8.082442,5.588859,non_aneurysm,,,,,
Tr0360.nii.gz,308.0475,291.43103,1.9912262,20.29063,20.687748,12.270049,non_aneurysm,,,,,
Tr0361.nii.gz,407.82056,506.89716,44.650333,21.67474,21.566898,26.792143,non_aneurysm,,,,,
Tr0004.nii.gz,296.28247,237.85667,155.31645,11.600776,11.209303,8.397226,aneurysm,,,,,
Tr0015.nii.gz,307.38065,195.5007,173.6287,13.829697,13.676699,6.879368,aneurysm,,,,,
Tr0015.nii.gz,297.75058,193.16151,169.04453,11.212591,10.608754,7.600649,aneurysm,,,,,
Tr0017.nii.gz,330.42667,219.5288,148.72867,11.21729,10.589997,8.562547,aneurysm,,,,,
Tr0019.nii.gz,246.11043,342.6047,226.53778,10.514418,9.954262,7.435437,aneurysm,,,,,
Tr0021.nii.gz,391.62817,251.28772,193.02068,12.956374,12.820928,12.090623,aneurysm,,,,,
Tr0026.nii.gz,223.21886,292.09467,106.85513,8.756467,8.158718,6.2694664,aneurysm,,,,,
Tr0027.nii.gz,265.19202,252.46362,213.18762,11.915162,11.610382,9.355819,aneurysm,,,,,
Tr0032.nii.gz,264.65833,240.26196,173.53908,11.661394,11.120885,7.9409237,aneurysm,,,,,
Tr0033.nii.gz,286.73642,247.51213,229.2646,10.445842,9.827236,8.797847,aneurysm,,,,,
Tr0035.nii.gz,331.58792,342.60696,119.45488,41.83251,42.5258,45.437103,aneurysm,,,,,
Tr0043.nii.gz,297.83157,207.3446,160.70367,14.583076,14.506772,13.851357,aneurysm,,,,,
Tr0046.nii.gz,349.28003,284.99625,201.32,10.765629,10.335231,9.475898,aneurysm,,,,,
Tr0058.nii.gz,281.39767,295.69162,77.30923,21.166986,21.184772,18.54965,aneurysm,,,,,
Tr0058.nii.gz,236.1514,284.80756,65.09554,11.745262,11.511675,9.437452,aneurysm,,,,,
Tr0061.nii.gz,249.46239,179.10425,131.16507,7.375921,6.5042872,5.029665,aneurysm,,,,,
Tr0124.nii.gz,235.40295,202.34969,132.8492,12.450887,12.204227,10.091067,aneurysm,,,,,
Tr0134.nii.gz,269.28256,247.5562,194.92004,13.060544,13.093558,11.509865,aneurysm,,,,,
Tr0149.nii.gz,247.93523,247.01099,162.82257,12.702749,12.416445,10.947312,aneurysm,,,,,
Tr0150.nii.gz,260.66843,145.94446,191.195,10.255182,9.738255,7.366701,aneurysm,,,,,
Tr0153.nii.gz,312.47507,324.14337,84.844406,13.691075,13.523376,15.086058,aneurysm,,,,,
Tr0153.nii.gz,373.5066,195.39528,196.3372,11.581564,11.335693,8.794412,aneurysm,,,,,
Tr0153.nii.gz,375.99722,180.85255,224.20453,19.50292,19.705181,12.988219,aneurysm,,,,,
Tr0153.nii.gz,262.754,223.94048,191.24086,14.38152,13.238108,4.632234,aneurysm,,,,,
Tr0154.nii.gz,232.69089,233.18524,154.74976,18.815605,19.048395,13.879265,aneurysm,,,,,
Tr0163.nii.gz,129.59668,232.73166,162.69727,10.11929,9.59514,7.789426,aneurysm,,,,,
Tr0163.nii.gz,220.38971,240.37851,144.82388,8.466365,7.621507,6.029004,aneurysm,,,,,
Tr0168.nii.gz,355.62933,369.96088,207.32248,28.11603,29.128252,22.869688,aneurysm,,,,,
Tr0171.nii.gz,192.67966,167.2838,187.27298,10.89782,10.494608,10.203834,aneurysm,,,,,
Tr0173.nii.gz,275.72122,185.25047,192.10594,8.690818,8.005562,6.484643,aneurysm,,,,,
Tr0175.nii.gz,310.95856,264.29092,157.95149,13.468931,13.396194,9.68473,aneurysm,,,,,
Tr0177.nii.gz,332.47528,266.97784,132.84492,12.064158,11.733326,8.205607,aneurysm,,,,,
Tr0182.nii.gz,311.58276,231.72653,203.16336,13.8093605,13.515713,8.266886,aneurysm,,,,,
Tr0184.nii.gz,319.06305,250.89236,213.9701,10.577861,10.025463,7.9221854,aneurysm,,,,,
Tr0187.nii.gz,294.47552,226.5026,165.81056,13.173823,13.032841,11.43628,aneurysm,,,,,
Tr0188.nii.gz,323.87402,246.77704,179.2577,10.03681,9.394975,7.747588,aneurysm,,,,,
Tr0191.nii.gz,241.07321,248.62103,129.87227,8.922949,8.266649,6.5653677,aneurysm,,,,,
Tr0192.nii.gz,355.8273,273.95877,204.04805,10.522392,9.687115,6.950575,aneurysm,,,,,
Tr0199.nii.gz,339.66663,304.04047,149.14041,14.991185,15.141222,13.580074,aneurysm,,,,,
Tr0199.nii.gz,273.05588,234.31497,185.1826,9.953957,9.435345,8.001263,aneurysm,,,,,
Tr0206.nii.gz,259.2544,223.686,154.22446,12.366044,12.038201,11.239572,aneurysm,,,,,
Tr0219.nii.gz,317.69617,233.9514,199.42447,13.00544,12.877748,12.429315,aneurysm,,,,,
Tr0220.nii.gz,325.91772,273.4381,123.39986,11.589799,11.18522,9.524114,aneurysm,,,,,
Tr0224.nii.gz,272.19113,283.286,150.00201,10.632226,9.995494,7.044638,aneurysm,,,,,
Tr0225.nii.gz,333.8652,258.69693,191.99423,16.250448,16.504225,13.696698,aneurysm,,,,,
Tr0226.nii.gz,339.18155,313.76602,149.0821,15.6102705,15.387135,16.342176,aneurysm,,,,,
Tr0229.nii.gz,252.84431,262.73456,178.60097,11.457036,11.132306,8.613074,aneurysm,,,,,
Tr0231.nii.gz,302.6477,260.8906,172.6611,12.012403,11.713611,8.792442,aneurysm,,,,,
Tr0233.nii.gz,253.14757,290.43582,202.1814,10.510994,10.110465,8.812872,aneurysm,,,,,
Tr0237.nii.gz,313.1593,250.98532,182.04085,9.134,8.347814,5.7050486,aneurysm,,,,,
Tr0238.nii.gz,254.90248,159.35901,347.15564,27.2558,27.880245,23.269629,aneurysm,,,,,
Tr0242.nii.gz,177.11444,232.89217,230.99883,11.104813,10.651438,8.566108,aneurysm,,,,,
Tr0244.nii.gz,208.73564,177.74283,265.79565,8.553627,7.670873,5.9447446,aneurysm,,,,,
Tr0246.nii.gz,246.1174,239.0046,182.22516,13.396451,13.299389,7.9810457,aneurysm,,,,,
Tr0257.nii.gz,279.32388,244.70786,161.52429,12.389713,12.254516,9.053247,aneurysm,,,,,
Tr0258.nii.gz,331.78012,337.38217,207.12582,15.226586,14.951929,17.823513,aneurysm,,,,,
Tr0258.nii.gz,273.2019,301.0606,180.42496,9.874414,9.199281,6.6652565,aneurysm,,,,,
Tr0261.nii.gz,224.63376,257.19507,252.70267,14.178757,14.042806,12.13469,aneurysm,,,,,
Tr0262.nii.gz,334.31226,265.27847,189.8316,8.120675,7.3001604,5.4409237,aneurysm,,,,,
Tr0265.nii.gz,327.52905,302.53073,186.00412,11.818482,11.503533,10.29518,aneurysm,,,,,
Tr0269.nii.gz,304.86237,260.4801,208.96642,10.73614,10.20693,6.045795,aneurysm,,,,,
Tr0272.nii.gz,278.50922,261.64276,156.9116,9.564394,8.992501,7.1024337,aneurysm,,,,,
Tr0282.nii.gz,302.0,252.0,180.0,11.15386,10.723539,7.845659,aneurysm,,,,,
Tr0293.nii.gz,287.1949,277.48755,199.27493,20.967361,20.95535,21.027716,aneurysm,,,,,
Tr0298.nii.gz,305.42563,253.27045,146.51399,10.5365305,10.0132065,7.8234076,aneurysm,,,,,
Tr0303.nii.gz,324.0,216.64357,176.0,10.102613,9.4976225,6.759492,aneurysm,,,,,
Tr0305.nii.gz,379.5456,302.4503,192.15567,11.4054365,11.066207,8.040968,aneurysm,,,,,
Tr0306.nii.gz,194.04121,240.72029,202.82106,20.0975,20.353554,15.178757,aneurysm,,,,,
Tr0306.nii.gz,252.73863,217.61867,203.26462,11.970435,11.6325,7.6510286,aneurysm,,,,,
Tr0307.nii.gz,291.0,231.0,163.0,13.211621,13.072041,10.108071,aneurysm,,,,,
Tr0316.nii.gz,214.0,199.0,180.0,10.815981,10.261426,7.5462747,aneurysm,,,,,
Tr0317.nii.gz,295.0,282.0,184.0,12.54134,12.382086,10.564163,aneurysm,,,,,
Tr0318.nii.gz,307.4661,249.2465,164.69293,9.935538,9.407818,7.4481225,aneurysm,,,,,
Tr0323.nii.gz,391.2668,273.16116,170.74052,7.7161655,6.871577,5.3349524,aneurysm,,,,,
Tr0324.nii.gz,192.21115,263.50113,210.07326,11.980919,11.622347,10.426279,aneurysm,,,,,
Tr0325.nii.gz,228.16624,226.14954,199.52072,12.719512,12.400219,10.345325,aneurysm,,,,,
Tr0329.nii.gz,259.96014,280.12732,175.83392,8.714451,7.9510336,5.893036,aneurysm,,,,,
Tr0333.nii.gz,286.0975,259.0248,187.7438,13.459232,13.2493515,10.472232,aneurysm,,,,,
Tr0333.nii.gz,320.0,272.0,181.0,10.66058,10.131939,8.001465,aneurysm,,,,,
Tr0333.nii.gz,315.0,278.0,171.0,8.0,8.0,6.0,aneurysm,,,,,
Tr0340.nii.gz,189.39621,159.20262,219.76581,12.771367,12.389414,11.750064,aneurysm,,,,,
Tr0343.nii.gz,261.0,207.0,275.0,8.945707,8.3731785,8.067383,aneurysm,,,,,
Tr0343.nii.gz,298.0,282.0,200.0,10.424167,9.890973,8.195664,aneurysm,,,,,
Tr0344.nii.gz,229.0,287.0,220.0,16.125334,16.270782,11.181613,aneurysm,,,,,
Tr0344.nii.gz,358.19528,255.29979,190.23973,13.207908,13.032022,11.215389,aneurysm,,,,,
Tr0345.nii.gz,371.5648,249.47539,160.38348,10.660845,10.18597,8.156849,aneurysm,,,,,
Tr0346.nii.gz,382.0,285.0,217.0,8.787257,8.013782,6.419962,aneurysm,,,,,
Tr0349.nii.gz,277.0,242.0,182.0,10.458278,9.79858,7.416919,aneurysm,,,,,
Tr0351.nii.gz,204.0,230.0,181.0,9.171952,8.634418,7.6393266,aneurysm,,,,,
Tr0351.nii.gz,314.52472,254.08801,160.0822,10.0,10.0,8.328096,aneurysm,,,,,
Tr0352.nii.gz,283.0,252.0,162.0,9.166605,8.569966,6.917334,aneurysm,,,,,
