SeriesInstanceUID,SOPInstanceUID,RescaleSlope,RescaleIntercept,MinVal,MaxVal,TopLeft
1.2.826.0.1.3680043.8.498.79517544823335885143940329810114590698,1.2.826.0.1.3680043.8.498.28127925396356394765715120186833270511,1.0,-1024.0,-1018,1646,-1005
1.2.826.0.1.3680043.8.498.11422928060228360802778018026859204182,1.2.826.0.1.3680043.8.498.11041052764470714839656984521708123617,1.0,-1024.0,-1018,1532,-1001
1.2.826.0.1.3680043.8.498.78287908345612061741287911361921168215,1.2.826.0.1.3680043.8.498.97132319935097826484622929442046522822,1.0,-1024.0,-1020,1845,-999
1.2.826.0.1.3680043.8.498.49308451203096270874265898615922688417,1.2.826.0.1.3680043.8.498.60941235351834406211537074664179572570,1.0,-1024.0,-1021,1567,-996
1.2.826.0.1.3680043.8.498.78287908345612061741287911361921168215,1.2.826.0.1.3680043.8.498.11876802215467248102149999954295882622,1.0,-1024.0,-1022,1849,-1006
1.2.826.0.1.3680043.8.498.42283717699474835368300358810420653353,1.2.826.0.1.3680043.8.498.99157764952874849439328680197684853137,1.0,-1024.0,-1022,1841,-1000
1.2.826.0.1.3680043.8.498.72601914673673966535016888607394980410,1.2.826.0.1.3680043.8.498.10193513634893075454576914083320950877,1.0,-1024.0,-1023,1664,-986
1.2.826.0.1.3680043.8.498.14796539268266628815319821240293937067,1.2.826.0.1.3680043.8.498.50545868126782079293586659142504840332,1.0,-1024.0,-1023,1860,-986
1.2.826.0.1.3680043.8.498.88032468388060085709810101562499167112,1.2.826.0.1.3680043.8.498.49734243446236007262272283016902863339,1.0,-1024.0,-1023,1529,-1012
1.2.826.0.1.3680043.8.498.39467198872118696167396371980096058294,1.2.826.0.1.3680043.8.498.11382979149057163668559122603594619294,1.0,0.0,-1023,3258,-951
1.2.826.0.1.3680043.8.498.87860442821701510723475979410604634591,1.2.826.0.1.3680043.8.498.12966823920923420702587548178803411125,1.0,-1024.0,-1023,1535,-1000
1.2.826.0.1.3680043.8.498.10221223003274066645389576091413528073,1.2.826.0.1.3680043.8.498.95846949094783962488054911007381204914,1.0,-1024.0,-1023,2268,-997
1.2.826.0.1.3680043.8.498.65715495724248535964038736565807847916,1.2.826.0.1.3680043.8.498.87277482836832527617826792186210033996,1.0,-1024.0,-1023,1543,-1008
1.2.826.0.1.3680043.8.498.49095208584286216617750646728842881486,1.2.826.0.1.3680043.8.498.71392837231404945569024923817596711199,1.0,0.0,-1024,513,-1024
1.2.826.0.1.3680043.8.498.49121102538534209383575208651267910076,1.2.826.0.1.3680043.8.498.73546280590718885947829929691752642926,1.0,-1024.0,-1024,2406,-993
1.2.826.0.1.3680043.8.498.49308451203096270874265898615922688417,1.2.826.0.1.3680043.8.498.10835077087298827998309050461813602835,1.0,-1024.0,-1024,1558,-1001
1.2.826.0.1.3680043.8.498.59573491850903233798588691266317116105,1.2.826.0.1.3680043.8.498.12422768914151660037469256443402512106,1.0,-1024.0,-1024,1887,-1024
1.2.826.0.1.3680043.8.498.48430401222571498800102152286929320010,1.2.826.0.1.3680043.8.498.10225986856760579580545191270688242710,1.0,-1024.0,-1024,1738,-1024
1.2.826.0.1.3680043.8.498.50225492481619106877061615742941299469,1.2.826.0.1.3680043.8.498.76192950462610589803541052194741648307,1.0,-1024.0,-1024,1768,-998
1.2.826.0.1.3680043.8.498.44307226922118927848453494136198068182,1.2.826.0.1.3680043.8.498.36973583443855684112904300566429825528,1.0,-1024.0,-1024,1361,-994
1.2.826.0.1.3680043.8.498.61385312260496212327128981964326380939,1.2.826.0.1.3680043.8.498.12402440418868277840506034488733434462,1.0,-1024.0,-1024,1895,-1024
1.2.826.0.1.3680043.8.498.44759787826643682749003517202115793631,1.2.826.0.1.3680043.8.498.67620077686524846013960150135931343417,1.0,-1024.0,-1024,1867,-1001
1.2.826.0.1.3680043.8.498.46066485190118402291151638323539265975,1.2.826.0.1.3680043.8.498.83041195434434838216014327506365077204,1.0,-1024.0,-1024,1715,-998
1.2.826.0.1.3680043.8.498.46220103272693308023432315673825922654,1.2.826.0.1.3680043.8.498.31455672941907987736270735134173030772,1.0,-1024.0,-1024,1831,-998
1.2.826.0.1.3680043.8.498.48430401222571498800102152286929320010,1.2.826.0.1.3680043.8.498.10225986856760579580545191270688242710,1.0,-1024.0,-1024,1738,-1024
1.2.826.0.1.3680043.8.498.61052248196917647851791162243240112059,1.2.826.0.1.3680043.8.498.45427522185542779050531835527385520845,1.0,-1024.0,-1024,2022,-1004
1.2.826.0.1.3680043.8.498.61052248196917647851791162243240112059,1.2.826.0.1.3680043.8.498.11205092352726966163577988028894799644,1.0,-1024.0,-1024,1652,-1002
1.2.826.0.1.3680043.8.498.61052248196917647851791162243240112059,1.2.826.0.1.3680043.8.498.77667070836307823785170141378707310888,1.0,-1024.0,-1024,1685,-999
1.2.826.0.1.3680043.8.498.61006352536652030385602875249924520663,1.2.826.0.1.3680043.8.498.93176860518555639029769532672447112055,1.0,-1024.0,-1024,2376,-1002
1.2.826.0.1.3680043.8.498.50074230080723551004767443586290080443,1.2.826.0.1.3680043.8.498.69010617914290450165267197045342174977,1.0,-1024.0,-1024,1840,-1024
1.2.826.0.1.3680043.8.498.56631565457717021899783801563858709864,1.2.826.0.1.3680043.8.498.12552525010463099934875915122842813334,1.0,0.0,-1024,2388,-1024
1.2.826.0.1.3680043.8.498.56631565457717021899783801563858709864,1.2.826.0.1.3680043.8.498.72179633135508208161150005611526552352,1.0,0.0,-1024,3435,-1024
1.2.826.0.1.3680043.8.498.54376179969471036242570105782735648119,1.2.826.0.1.3680043.8.498.91205948911226142777469456609520433968,1.0,-1024.0,-1024,3071,-999
1.2.826.0.1.3680043.8.498.54842744527557775526326812986426236552,1.2.826.0.1.3680043.8.498.21206295475986929976138292692070915519,1.0,-1024.0,-1024,1637,-1002
1.2.826.0.1.3680043.8.498.54946536871644307161766767010831996806,1.2.826.0.1.3680043.8.498.25293802515991860645396886933340180207,1.0,-1024.0,-1024,3070,-993
1.2.826.0.1.3680043.8.498.56742619731001147300393842609970325394,1.2.826.0.1.3680043.8.498.11248612045684315301875054693779333915,1.0,-1024.0,-1024,1877,-1024
1.2.826.0.1.3680043.8.498.56328756943752737540511573730702708506,1.2.826.0.1.3680043.8.498.13247807321347407915286501714474885875,1.0,-1024.0,-1024,1880,-1024
1.2.826.0.1.3680043.8.498.56631565457717021899783801563858709864,1.2.826.0.1.3680043.8.498.50821544419448805152577351750273208948,1.0,0.0,-1024,1403,-1024
1.2.826.0.1.3680043.8.498.55964269279448057565698675928709130155,1.2.826.0.1.3680043.8.498.83884231822125393543662623008248850935,1.0,-1024.0,-1024,1592,-994
1.2.826.0.1.3680043.8.498.56631565457717021899783801563858709864,1.2.826.0.1.3680043.8.498.10391971025146008526665055858699703914,1.0,0.0,-1024,2385,-1024
1.2.826.0.1.3680043.8.498.55964269279448057565698675928709130155,1.2.826.0.1.3680043.8.498.56203731334263403897205103080379226565,1.0,-1024.0,-1024,1562,-1009
1.2.826.0.1.3680043.8.498.55964269279448057565698675928709130155,1.2.826.0.1.3680043.8.498.50211932885459741455562226130457244771,1.0,-1024.0,-1024,1559,-993
1.2.826.0.1.3680043.8.498.54376179969471036242570105782735648119,1.2.826.0.1.3680043.8.498.34909360330282726091832819421867330400,1.0,-1024.0,-1024,3070,-1003
1.2.826.0.1.3680043.8.498.44114368799243556861821948549151753013,1.2.826.0.1.3680043.8.498.24640123166214444566486626657084047077,1.0,-1024.0,-1024,2033,-999
1.2.826.0.1.3680043.8.498.53947155422591684879953627516013605305,1.2.826.0.1.3680043.8.498.11524758189443104592768423270716593624,1.0,-1024.0,-1024,2230,-1000
1.2.826.0.1.3680043.8.498.50566332014953466584692099043799742978,1.2.826.0.1.3680043.8.498.38785125533329324277325398104997642666,1.0,-1024.0,-1024,1993,-1004
1.2.826.0.1.3680043.8.498.51249992500610276897042854660773104732,1.2.826.0.1.3680043.8.498.51992382948772431703155069872990381203,1.0,-1024.0,-1024,1705,-1008
1.2.826.0.1.3680043.8.498.59150546058906697383274659656926578781,1.2.826.0.1.3680043.8.498.15359114073047210635860073317983919256,1.0,-1024.0,-1024,1697,-1000
1.2.826.0.1.3680043.8.498.51348218762524412674260133592510642248,1.2.826.0.1.3680043.8.498.29507682543211301825090324537625676968,1.0,-1024.0,-1024,1709,-1024
1.2.826.0.1.3680043.8.498.51348218762524412674260133592510642248,1.2.826.0.1.3680043.8.498.20827945146533182900732239546343930062,1.0,-1024.0,-1024,1689,-1024
1.2.826.0.1.3680043.8.498.51390554904758213032957793228713956294,1.2.826.0.1.3680043.8.498.87373831862052459137278925419193282453,1.0,-1024.0,-1024,2913,-998
1.2.826.0.1.3680043.8.498.58846672808592864942047385190246151832,1.2.826.0.1.3680043.8.498.98241426578907101688891850350052707509,1.0,-1024.0,-1024,2330,-1000
1.2.826.0.1.3680043.8.498.58549969738343830674191276257014554723,1.2.826.0.1.3680043.8.498.28548265740205494532904310671549934544,1.0,-1024.0,-1024,1892,-1002
1.2.826.0.1.3680043.8.498.57159501677645273844546617115034978822,1.2.826.0.1.3680043.8.498.26152643105271048232753334347794011009,1.0,-1024.0,-1024,1899,-1001
1.2.826.0.1.3680043.8.498.43666101595021509233819772876051735387,1.2.826.0.1.3680043.8.498.83008335518125497254780640510384771073,1.0,-1024.0,-1024,1976,-1002
1.2.826.0.1.3680043.8.498.43666101595021509233819772876051735387,1.2.826.0.1.3680043.8.498.95350808342861583777674054570906288153,1.0,-1024.0,-1024,1942,-994
1.2.826.0.1.3680043.8.498.26773574285535517522032206464052720717,1.2.826.0.1.3680043.8.498.11013699245414068303680617978017705365,1.0,-1024.0,-1024,1881,-1006
1.2.826.0.1.3680043.8.498.27094654906242705110427224152925000573,1.2.826.0.1.3680043.8.498.31543781729025803896675132457559694586,1.0,-1024.0,-1024,2406,-993
1.2.826.0.1.3680043.8.498.27185366869614238248230958352159352215,1.2.826.0.1.3680043.8.498.47279234170284424084165731064275756118,1.0,-1024.0,-1024,1774,-997
1.2.826.0.1.3680043.8.498.27403461870424905658058353040864971301,1.2.826.0.1.3680043.8.498.13228194347896380427670255914905706521,1.0,-1024.0,-1024,1939,-1024
1.2.826.0.1.3680043.8.498.28017317591886862097172769282552869885,1.2.826.0.1.3680043.8.498.75733820151570222893388962630237736835,1.0,-1024.0,-1024,1655,-1000
1.2.826.0.1.3680043.8.498.30382038892861475256988022466368547467,1.2.826.0.1.3680043.8.498.12964171065154014269484712636253928804,1.0,0.0,-1024,567,-1024
1.2.826.0.1.3680043.8.498.30671133208896769791936731163091433513,1.2.826.0.1.3680043.8.498.11174359971488091961697714892689223563,1.0,-1024.0,-1024,3071,-1001
1.2.826.0.1.3680043.8.498.30963599417724875802280664914474351971,1.2.826.0.1.3680043.8.498.76045895909929889682390903629602292798,1.0,-1024.0,-1024,1831,-1024
1.2.826.0.1.3680043.8.498.30963599417724875802280664914474351971,1.2.826.0.1.3680043.8.498.12220616830019276695972463164872536799,1.0,-1024.0,-1024,1783,-1024
1.2.826.0.1.3680043.8.498.31083656060060172425554443505438892254,1.2.826.0.1.3680043.8.498.74015050281921399638465616404746991266,1.0,-1024.0,-1024,1867,-1000
1.2.826.0.1.3680043.8.498.31904828817762133812005787429884769693,1.2.826.0.1.3680043.8.498.91937274633626301105510600051629681428,1.0,-1024.0,-1024,1813,-1008
1.2.826.0.1.3680043.8.498.32210685180419121917365014013631244692,1.2.826.0.1.3680043.8.498.40550024156034389188263743831371838745,1.0,-1024.0,-1024,1934,-999
1.2.826.0.1.3680043.8.498.32400157337598361427602672776796104004,1.2.826.0.1.3680043.8.498.50780206439336477055617430714910549236,1.0,0.0,-1024,423,-1024
1.2.826.0.1.3680043.8.498.26521092618147192601609883985391600723,1.2.826.0.1.3680043.8.498.12615802748024750745076238883825446926,1.0,-1024.0,-1024,1845,-1007
1.2.826.0.1.3680043.8.498.26521092618147192601609883985391600723,1.2.826.0.1.3680043.8.498.99485802245826204705984554458039922011,1.0,-1024.0,-1024,1916,-1008
1.2.826.0.1.3680043.8.498.25749566243799256459250628035160239847,1.2.826.0.1.3680043.8.498.12221090055550660522237648837027980808,1.0,-1024.0,-1024,3071,-1001
1.2.826.0.1.3680043.8.498.20352838605781624312895197978664744075,1.2.826.0.1.3680043.8.498.12589320227431678004474026536973971670,1.0,-1024.0,-1024,1824,-989
1.2.826.0.1.3680043.8.498.20526322785793370336302397271340610131,1.2.826.0.1.3680043.8.498.18044728014214204050225814680857545204,1.0,-1024.0,-1024,1723,-998
1.2.826.0.1.3680043.8.498.20526322785793370336302397271340610131,1.2.826.0.1.3680043.8.498.50226031335126206987087905653089694461,1.0,-1024.0,-1024,1685,-1004
1.2.826.0.1.3680043.8.498.20979964870558122513140407598441297537,1.2.826.0.1.3680043.8.498.44299020784019830233189228775797704528,1.0,-1024.0,-1024,1869,-1005
1.2.826.0.1.3680043.8.498.21004106426734635526381567602936015568,1.2.826.0.1.3680043.8.498.11270190017169257844609913461856897123,1.0,-1024.0,-1024,1590,-995
1.2.826.0.1.3680043.8.498.22006495710677078041480655035619552657,1.2.826.0.1.3680043.8.498.12580246395053064854638254536486046775,1.0,-1024.0,-1024,1954,-999
1.2.826.0.1.3680043.8.498.23234944999689661991027565751340886081,1.2.826.0.1.3680043.8.498.10600106088222100397985186416673984758,1.0,-1024.0,-1024,1671,-1020
1.2.826.0.1.3680043.8.498.23470108024528750393135858983064892072,1.2.826.0.1.3680043.8.498.12230272846059895636196117733766483421,1.0,-1024.0,-1024,2776,-1002
1.2.826.0.1.3680043.8.498.24508633571793119574369737735143222453,1.2.826.0.1.3680043.8.498.43914659111809562065732096038402613067,1.0,-1024.0,-1024,1863,-1024
1.2.826.0.1.3680043.8.498.24861411252246090829297634560774230113,1.2.826.0.1.3680043.8.498.34570803254364349145508927536472862952,1.0,-1024.0,-1024,1632,-991
1.2.826.0.1.3680043.8.498.24861411252246090829297634560774230113,1.2.826.0.1.3680043.8.498.13126862999605077123041673942128950740,1.0,-1024.0,-1024,1635,-987
1.2.826.0.1.3680043.8.498.24861411252246090829297634560774230113,1.2.826.0.1.3680043.8.498.24610422180121431461910038887385778626,1.0,-1024.0,-1024,1534,-1004
1.2.826.0.1.3680043.8.498.39319917305377952606345608496220657998,1.2.826.0.1.3680043.8.498.11964740659691427196823513684364736952,1.0,-1024.0,-1024,1773,-1024
1.2.826.0.1.3680043.8.498.39558983322247662212534890088755356421,1.2.826.0.1.3680043.8.498.12902617220112027468129639699613384022,1.0,-1024.0,-1024,1943,-998
1.2.826.0.1.3680043.8.498.37171530448157364664585966593614700332,1.2.826.0.1.3680043.8.498.52197695386755470445464410271475802810,1.0,-1024.0,-1024,2522,-1008
1.2.826.0.1.3680043.8.498.41191056905394412588529538708159093281,1.2.826.0.1.3680043.8.498.12222651151696227990331461131666027027,1.0,-1024.0,-1024,1680,-993
1.2.826.0.1.3680043.8.498.41726490859735127648528963840193429447,1.2.826.0.1.3680043.8.498.12823459124232618510741641349367387498,1.0,-1024.0,-1024,2305,-999
1.2.826.0.1.3680043.8.498.41726490859735127648528963840193429447,1.2.826.0.1.3680043.8.498.12823459124232618510741641349367387498,1.0,-1024.0,-1024,2305,-999
1.2.826.0.1.3680043.8.498.62690866817595040372272270948444876445,1.2.826.0.1.3680043.8.498.92196477804251419824639948087165475464,1.0,-1024.0,-1024,1833,-1005
1.2.826.0.1.3680043.8.498.42004210211179540328144531819775156287,1.2.826.0.1.3680043.8.498.38137261504110267374660737003260369032,1.0,-1024.0,-1024,2362,-995
1.2.826.0.1.3680043.8.498.43151672661583424229274822229855880536,1.2.826.0.1.3680043.8.498.56541753708623321320690160935849105394,1.0,-1024.0,-1024,1835,-1015
1.2.826.0.1.3680043.8.498.43368901649738510387280458806944013459,1.2.826.0.1.3680043.8.498.10988504515085062671929811086697259552,1.0,-1024.0,-1024,2255,-1005
1.2.826.0.1.3680043.8.498.43536331102142701793144520859521601945,1.2.826.0.1.3680043.8.498.10909940683444003586203468268947455605,1.0,-1024.0,-1024,1719,-1000
1.2.826.0.1.3680043.8.498.37119176599927482836108190997245956253,1.2.826.0.1.3680043.8.498.59782948814700419685393736395891961016,1.0,-1024.0,-1024,2033,-1024
1.2.826.0.1.3680043.8.498.32967768908836964348503456093800460243,1.2.826.0.1.3680043.8.498.29151149661448862846472795915390458014,1.0,-1024.0,-1024,2227,-998
1.2.826.0.1.3680043.8.498.35656349678574802393224461085662501746,1.2.826.0.1.3680043.8.498.56122257032297709513401950042571001399,1.0,-1024.0,-1024,1712,-994
1.2.826.0.1.3680043.8.498.33282611756602598852430428761051388617,1.2.826.0.1.3680043.8.498.11253202207296845435543194834407682330,1.0,-1024.0,-1024,1937,-1006
1.2.826.0.1.3680043.8.498.34355786306451031225469408806686268285,1.2.826.0.1.3680043.8.498.98204891534000072510279047098665453640,1.0,-1024.0,-1024,1846,-1024
1.2.826.0.1.3680043.8.498.34802588129024719779720167752927019812,1.2.826.0.1.3680043.8.498.29238975268954768717956324404356816384,1.0,-1024.0,-1024,2028,-983
1.2.826.0.1.3680043.8.498.35656349678574802393224461085662501746,1.2.826.0.1.3680043.8.498.70420028135031079631356696408972377470,1.0,-1024.0,-1024,1873,-992
1.2.826.0.1.3680043.8.498.35656349678574802393224461085662501746,1.2.826.0.1.3680043.8.498.13383326086162903649399903816810979228,1.0,-1024.0,-1024,1874,-984
1.2.826.0.1.3680043.8.498.35656349678574802393224461085662501746,1.2.826.0.1.3680043.8.498.31721164853209902932163185102255234188,1.0,-1024.0,-1024,1695,-993
1.2.826.0.1.3680043.8.498.35811673995411760132717372266236954896,1.2.826.0.1.3680043.8.498.10984095566965062717120247770638079679,1.0,-1024.0,-1024,2059,-1003
1.2.826.0.1.3680043.8.498.36193013212985181186448240191973890918,1.2.826.0.1.3680043.8.498.12074627320364021871539169897513898839,1.0,-1024.0,-1024,1799,-1006
1.2.826.0.1.3680043.8.498.36812477383471426955018819718039365550,1.2.826.0.1.3680043.8.498.41311190585799636275620674250439713720,1.0,-1024.0,-1024,1841,-1024
1.2.826.0.1.3680043.8.498.36845430523040232991469219119481541398,1.2.826.0.1.3680043.8.498.10381544382793464142310689374668552629,1.0,-1024.0,-1024,2751,-1005
1.2.826.0.1.3680043.8.498.36845430523040232991469219119481541398,1.2.826.0.1.3680043.8.498.71095104085019821736476919327346337297,1.0,-1024.0,-1024,2761,-1002
1.2.826.0.1.3680043.8.498.36845430523040232991469219119481541398,1.2.826.0.1.3680043.8.498.10732131624558971748787454004928412778,1.0,-1024.0,-1024,2823,-997
1.2.826.0.1.3680043.8.498.65578167361567865714461559224864896799,1.2.826.0.1.3680043.8.498.45155526994396924737309068476150096447,1.0,-1024.0,-1024,1819,-999
1.2.826.0.1.3680043.8.498.62704864874898708774201700721406023161,1.2.826.0.1.3680043.8.498.72431912378705360342039434284803856611,1.0,-1024.0,-1024,1796,-1024
1.2.826.0.1.3680043.8.498.88042533054564234043964284664062266483,1.2.826.0.1.3680043.8.498.47540023925961632867604334877357503467,1.0,-1024.0,-1024,1862,-1009
1.2.826.0.1.3680043.8.498.87793717347274644321991233773637029287,1.2.826.0.1.3680043.8.498.28778945261848452783279983678714785906,1.0,-1024.0,-1024,1856,-1001
1.2.826.0.1.3680043.8.498.87793717347274644321991233773637029287,1.2.826.0.1.3680043.8.498.71990114535328879641684507368159369135,1.0,-1024.0,-1024,1881,-996
1.2.826.0.1.3680043.8.498.87793717347274644321991233773637029287,1.2.826.0.1.3680043.8.498.69812087402465460767904230312622555707,1.0,-1024.0,-1024,1859,-993
1.2.826.0.1.3680043.8.498.87793717347274644321991233773637029287,1.2.826.0.1.3680043.8.498.67318922563216861742999489434202351034,1.0,-1024.0,-1024,1859,-999
1.2.826.0.1.3680043.8.498.87794163393266428648659243169230666286,1.2.826.0.1.3680043.8.498.13373626602974627515536518206879226259,1.0,0.0,-1024,740,-1024
1.2.826.0.1.3680043.8.498.88000338477467543859416395437689292355,1.2.826.0.1.3680043.8.498.29404777826796781601595728275103553500,1.0,-1024.0,-1024,2088,-1000
1.2.826.0.1.3680043.8.498.88383459523735419878882278918207496904,1.2.826.0.1.3680043.8.498.11117004638709834699691859472642100283,1.0,0.0,-1024,276,-1024
1.2.826.0.1.3680043.8.498.88383459523735419878882278918207496904,1.2.826.0.1.3680043.8.498.11117004638709834699691859472642100283,1.0,0.0,-1024,276,-1024
1.2.826.0.1.3680043.8.498.88573209917890610446820507748453840415,1.2.826.0.1.3680043.8.498.37262469331642765963444286765344977395,1.0,-1024.0,-1024,2350,-1008
1.2.826.0.1.3680043.8.498.88594690976723668476988084326754337922,1.2.826.0.1.3680043.8.498.17036661525240253300603950664961950947,1.0,0.0,-1024,2759,-1024
1.2.826.0.1.3680043.8.498.88807255181437734649495468921314140645,1.2.826.0.1.3680043.8.498.10533015096518756769521898174485458237,1.0,-1024.0,-1024,2081,-996
1.2.826.0.1.3680043.8.498.89605985568175294266551393553291853751,1.2.826.0.1.3680043.8.498.13196942895563685324508188988780066162,1.0,-1024.0,-1024,2364,-1002
1.2.826.0.1.3680043.8.498.86319927242404542238601724247018344095,1.2.826.0.1.3680043.8.498.66740064361286069880118260596440125397,1.0,0.0,-1024,295,-1024
1.2.826.0.1.3680043.8.498.62704864874898708774201700721406023161,1.2.826.0.1.3680043.8.498.10091877368082369889210202615618227857,1.0,-1024.0,-1024,1731,-1024
1.2.826.0.1.3680043.8.498.82790584481341849512415082117810101954,1.2.826.0.1.3680043.8.498.22967317446260750509670670173667651637,1.0,-1024.0,-1024,1778,-1024
1.2.826.0.1.3680043.8.498.82852102994568804806241832422541870957,1.2.826.0.1.3680043.8.498.33187657697881615645458997200948801876,1.0,-1024.0,-1024,1755,-1024
1.2.826.0.1.3680043.8.498.83572399958860885188447177245643358908,1.2.826.0.1.3680043.8.498.80009387293933217832962876567054462107,1.0,0.0,-1024,864,-1024
1.2.826.0.1.3680043.8.498.83787042081036385745658715886034140301,1.2.826.0.1.3680043.8.498.42483181192922015167763634063251769081,1.0,-1024.0,-1024,3063,-1017
1.2.826.0.1.3680043.8.498.83953149653006533120820602962689902096,1.2.826.0.1.3680043.8.498.13037861585401395603401083213009427568,1.0,-1024.0,-1024,2020,-995
1.2.826.0.1.3680043.8.498.84268505695856794726788673947539076667,1.2.826.0.1.3680043.8.498.57568768239722651017659333288290091987,1.0,-1024.0,-1024,1732,-1003
1.2.826.0.1.3680043.8.498.86313072489373145684719446081388406922,1.2.826.0.1.3680043.8.498.33114907424154050138088294806353653656,1.0,-1024.0,-1024,1938,-1004
1.2.826.0.1.3680043.8.498.84955070686251417902923705821409495324,1.2.826.0.1.3680043.8.498.54118034181069685019753736943136790383,1.0,-1024.0,-1024,2012,-1018
1.2.826.0.1.3680043.8.498.85065386620220307703077344064424211514,1.2.826.0.1.3680043.8.498.68449290405432451168199646790792592232,1.0,-1024.0,-1024,1738,-1004
1.2.826.0.1.3680043.8.498.85101569939333343673744614970672339917,1.2.826.0.1.3680043.8.498.24521661567209580023152486190059062205,1.0,-1024.0,-1024,2000,-996
1.2.826.0.1.3680043.8.498.85722501618335637418238816805460223934,1.2.826.0.1.3680043.8.498.12874789885184167220463396803300608362,1.0,-1024.0,-1024,2454,-997
1.2.826.0.1.3680043.8.498.85975164946423172309062718421436261046,1.2.826.0.1.3680043.8.498.53969275038819226150822980583344793005,1.0,-1024.0,-1024,2523,-992
1.2.826.0.1.3680043.8.498.86313072489373145684719446081388406922,1.2.826.0.1.3680043.8.498.80212598616180391766602277764209122713,1.0,-1024.0,-1024,1928,-1003
1.2.826.0.1.3680043.8.498.89605985568175294266551393553291853751,1.2.826.0.1.3680043.8.498.29151806423134146168075058111828215795,1.0,-1024.0,-1024,2230,-1004
1.2.826.0.1.3680043.8.498.96815409600781373514618341002311856622,1.2.826.0.1.3680043.8.498.51946336869543168861520243215332893483,1.0,-1024.0,-1024,2896,-1003
1.2.826.0.1.3680043.8.498.96815409600781373514618341002311856622,1.2.826.0.1.3680043.8.498.11949703286090034191152787984625317347,1.0,-1024.0,-1024,2842,-991
1.2.826.0.1.3680043.8.498.96815409600781373514618341002311856622,1.2.826.0.1.3680043.8.498.11949703286090034191152787984625317347,1.0,-1024.0,-1024,2842,-991
1.2.826.0.1.3680043.8.498.97191581480677904605690881854234107618,1.2.826.0.1.3680043.8.498.38497362822477301605331804155880074839,1.0,-1024.0,-1024,1577,-1003
1.2.826.0.1.3680043.8.498.97489937092102052131467733063939259796,1.2.826.0.1.3680043.8.498.44234881353730789512532887395290617871,1.0,-1024.0,-1024,1922,-1001
1.2.826.0.1.3680043.8.498.98327986831235940649362041428150001339,1.2.826.0.1.3680043.8.498.10541142457213753071890219011534388729,1.0,-1024.0,-1024,1880,-996
1.2.826.0.1.3680043.8.498.98546214581883636871625410018415827961,1.2.826.0.1.3680043.8.498.89972185220039131014275656543763005846,1.0,-1024.0,-1024,2241,-1024
1.2.826.0.1.3680043.8.498.98668603099631902666879983418439918239,1.2.826.0.1.3680043.8.498.11036890223951227307464186649850772852,1.0,-1024.0,-1024,2043,-989
1.2.826.0.1.3680043.8.498.98668603099631902666879983418439918239,1.2.826.0.1.3680043.8.498.21399235661902180222567489679881450602,1.0,-1024.0,-1024,2032,-978
1.2.826.0.1.3680043.8.498.99437700549224405450502981801010188187,1.2.826.0.1.3680043.8.498.10874015610611696781850761306595313036,1.0,-1024.0,-1024,1698,-1004
1.2.826.0.1.3680043.8.498.99887675554378211308175946117895608384,1.2.826.0.1.3680043.8.498.10885430363476327277192154022897733247,1.0,-1024.0,-1024,1753,-1024
1.2.826.0.1.3680043.8.498.99887675554378211308175946117895608384,1.2.826.0.1.3680043.8.498.75978746530527925899354153686225196613,1.0,-1024.0,-1024,1805,-1024
1.2.826.0.1.3680043.8.498.99892390884723813599532075083872271516,1.2.826.0.1.3680043.8.498.12398549862508001109149426855485142650,1.0,-1024.0,-1024,2882,-1015
1.2.826.0.1.3680043.8.498.99892390884723813599532075083872271516,1.2.826.0.1.3680043.8.498.12398549862508001109149426855485142650,1.0,-1024.0,-1024,2882,-1015
1.2.826.0.1.3680043.8.498.99892390884723813599532075083872271516,1.2.826.0.1.3680043.8.498.21598979799967012280125410147654260304,1.0,-1024.0,-1024,2044,-989
1.2.826.0.1.3680043.8.498.99892390884723813599532075083872271516,1.2.826.0.1.3680043.8.498.21598979799967012280125410147654260304,1.0,-1024.0,-1024,2044,-989
1.2.826.0.1.3680043.8.498.96513055086816242218229880400412415651,1.2.826.0.1.3680043.8.498.76883971890307583343780044990193301249,1.0,-1024.0,-1024,1562,-1008
1.2.826.0.1.3680043.8.498.96173016751830070506160302682123116086,1.2.826.0.1.3680043.8.498.12952146556301653993383950349105498046,1.0,-1024.0,-1024,1886,-1024
1.2.826.0.1.3680043.8.498.90609368428149511424834815141067338843,1.2.826.0.1.3680043.8.498.81039541194280194003186992439116561559,1.0,-1024.0,-1024,2163,-999
1.2.826.0.1.3680043.8.498.90754941733269755074990523279054101404,1.2.826.0.1.3680043.8.498.20109838512523638420343893017788711629,1.0,-1024.0,-1024,1910,-1000
1.2.826.0.1.3680043.8.498.90846479216555688983465230048087949348,1.2.826.0.1.3680043.8.498.12363464923658984586009421415995543539,1.0,-1024.0,-1024,2741,-1003
1.2.826.0.1.3680043.8.498.90846479216555688983465230048087949348,1.2.826.0.1.3680043.8.498.97253870431719456492816784358497760970,1.0,-1024.0,-1024,3066,-997
1.2.826.0.1.3680043.8.498.90846479216555688983465230048087949348,1.2.826.0.1.3680043.8.498.76812768695498208409225657850017244363,1.0,-1024.0,-1024,2936,-995
1.2.826.0.1.3680043.8.498.91668463495915545476120070184577733779,1.2.826.0.1.3680043.8.498.16183894273485874713476942346031080496,1.0,-1024.0,-1024,2222,-1003
1.2.826.0.1.3680043.8.498.92144974710359588982131177779160912817,1.2.826.0.1.3680043.8.498.10689772602711764584246132696388034097,1.0,-1024.0,-1024,1898,-996
1.2.826.0.1.3680043.8.498.92773748942952645243074808740855383414,1.2.826.0.1.3680043.8.498.10438238182956546225228897554451813572,1.0,-1024.0,-1024,2105,-1004
1.2.826.0.1.3680043.8.498.92966769280367854482626182575983045611,1.2.826.0.1.3680043.8.498.42501573433563953043228097291606946516,1.0,-1024.0,-1024,1936,-1024
1.2.826.0.1.3680043.8.498.93312402363080131669346450837560408193,1.2.826.0.1.3680043.8.498.11920550745761852953805189704488622660,1.0,-1024.0,-1024,1835,-1004
1.2.826.0.1.3680043.8.498.93570661434940193790551506864294046585,1.2.826.0.1.3680043.8.498.56439062376349715381798945211274683163,1.0,-1024.0,-1024,2894,-992
1.2.826.0.1.3680043.8.498.93576412374773514085096590114724967566,1.2.826.0.1.3680043.8.498.57507031493257453722287460288156226364,1.0,-1024.0,-1024,2816,-1010
1.2.826.0.1.3680043.8.498.95769738723666668395186531883940001900,1.2.826.0.1.3680043.8.498.11776358584601082201982311718294848090,1.0,-1024.0,-1024,1509,-998
1.2.826.0.1.3680043.8.498.96075577397570658749511147623383862317,1.2.826.0.1.3680043.8.498.66488488314810337457877302135494674977,1.0,-1024.0,-1024,1657,-1024
1.2.826.0.1.3680043.8.498.69066012529413755924475489729068260644,1.2.826.0.1.3680043.8.498.13358699533567934428249402555003485869,1.0,-1024.0,-1024,1644,-1012
1.2.826.0.1.3680043.8.498.69066012529413755924475489729068260644,1.2.826.0.1.3680043.8.498.91748854692942596539956570426187899202,1.0,-1024.0,-1024,1679,-997
1.2.826.0.1.3680043.8.498.69283380781466806180750503649652851751,1.2.826.0.1.3680043.8.498.39006809764382088336472757967471380652,1.0,-1024.0,-1024,1747,-999
1.2.826.0.1.3680043.8.498.70549153055776520915952933860351851348,1.2.826.0.1.3680043.8.498.43006050396864205514361486910361797484,1.0,-1024.0,-1024,1874,-1002
1.2.826.0.1.3680043.8.498.70549153055776520915952933860351851348,1.2.826.0.1.3680043.8.498.10276217047330419403144213807368890742,1.0,-1024.0,-1024,1870,-1006
1.2.826.0.1.3680043.8.498.70977904447490642306166655207304966816,1.2.826.0.1.3680043.8.498.11199297129606488589841963677717024924,1.0,-1024.0,-1024,1871,-1024
1.2.826.0.1.3680043.8.498.70977904447490642306166655207304966816,1.2.826.0.1.3680043.8.498.94099073198919474865650246809159218968,1.0,-1024.0,-1024,1868,-1024
1.2.826.0.1.3680043.8.498.74089921001818493289113970167464752480,1.2.826.0.1.3680043.8.498.15590017338991844421087558832802489472,1.0,-1024.0,-1024,1982,-1022
1.2.826.0.1.3680043.8.498.71481578763462220533964979921654137073,1.2.826.0.1.3680043.8.498.97289257708124615264043862470886134996,1.0,-1024.0,-1024,1914,-998
1.2.826.0.1.3680043.8.498.71765878556998441910876777646786995785,1.2.826.0.1.3680043.8.498.63378964409049633089000662775873426508,1.0,0.0,-1024,415,-1024
1.2.826.0.1.3680043.8.498.71796601538792777580416179841706319140,1.2.826.0.1.3680043.8.498.35735852545668343367437852379390943384,1.0,-1024.0,-1024,1619,-1002
1.2.826.0.1.3680043.8.498.72398581829139733291247507558556727170,1.2.826.0.1.3680043.8.498.86873698576873507069808785447729701989,1.0,-1024.0,-1024,2054,-1024
1.2.826.0.1.3680043.8.498.73097898402686865022628408998771855293,1.2.826.0.1.3680043.8.498.37147612980521497034960211701230266176,1.0,-1024.0,-1024,1604,-997
1.2.826.0.1.3680043.8.498.73283555974128133627686553051887773936,1.2.826.0.1.3680043.8.498.74432466954572998354635017927420669570,1.0,-1024.0,-1024,1581,-1005
1.2.826.0.1.3680043.8.498.73820261697830420042473892884688067574,1.2.826.0.1.3680043.8.498.33867800477468515730827375023631021389,1.0,-1024.0,-1024,1982,-997
1.2.826.0.1.3680043.8.498.69036551944362304117095007295127260085,1.2.826.0.1.3680043.8.498.31906087754668923175269161172780579202,1.0,-1024.0,-1024,1846,-1024
1.2.826.0.1.3680043.8.498.68422131895841480840327151806544144763,1.2.826.0.1.3680043.8.498.13254969030236159099927610263187024748,1.0,-1024.0,-1024,1867,-1024
1.2.826.0.1.3680043.8.498.62936542666479354351036991712042759538,1.2.826.0.1.3680043.8.498.55855443208856862032078577709462214888,1.0,-1024.0,-1024,1686,-992
1.2.826.0.1.3680043.8.498.63581769095602121197339525769413342895,1.2.826.0.1.3680043.8.498.71237652862432339389229744361313810567,1.0,-1024.0,-1024,1888,-1024
1.2.826.0.1.3680043.8.498.64053235207957596184506039300264155592,1.2.826.0.1.3680043.8.498.42197864854064597259000974683568099024,1.0,-1024.0,-1024,1911,-999
1.2.826.0.1.3680043.8.498.65011208113835286935212080363533579671,1.2.826.0.1.3680043.8.498.12295490583553242167208446690635471024,1.0,-1024.0,-1024,1828,-1008
1.2.826.0.1.3680043.8.498.65354242952130930129621239454696405583,1.2.826.0.1.3680043.8.498.64940774902820700392846489104784505327,1.0,-1024.0,-1024,1790,-1000
1.2.826.0.1.3680043.8.498.20131714150493466791388762670548944043,1.2.826.0.1.3680043.8.498.16787539316968514011276647918439917250,1.0,-1024.0,-1024,2372,-1004
1.2.826.0.1.3680043.8.498.65584503675348006842045465826236845079,1.2.826.0.1.3680043.8.498.30256259743333029340701936929186859402,1.0,-1024.0,-1024,3071,-1005
1.2.826.0.1.3680043.8.498.66088040688733986334229466226764408000,1.2.826.0.1.3680043.8.498.77592684365537151750977636365134557167,1.0,0.0,-1024,1243,-1024
1.2.826.0.1.3680043.8.498.68276712082656957005274595949315894066,1.2.826.0.1.3680043.8.498.65444743201199984963923040736450269614,1.0,-1024.0,-1024,1709,-999
1.2.826.0.1.3680043.8.498.73888317649295124456952212379532804778,1.2.826.0.1.3680043.8.498.11418680554951683029820386655761358504,1.0,-1024.0,-1024,1879,-1024
1.2.826.0.1.3680043.8.498.74219779494158996091143224759586468392,1.2.826.0.1.3680043.8.498.27550319034448568063489549511508859399,1.0,-1024.0,-1024,1972,-997
1.2.826.0.1.3680043.8.498.82477595804065669737786454241336435099,1.2.826.0.1.3680043.8.498.11707398205591956554454481545442269908,1.0,-1024.0,-1024,1841,-1000
1.2.826.0.1.3680043.8.498.79205897985897114668482865755099061222,1.2.826.0.1.3680043.8.498.53059370399757435743996077989724932246,1.0,-1024.0,-1024,2041,-1024
1.2.826.0.1.3680043.8.498.79557096448722495697596193434723366583,1.2.826.0.1.3680043.8.498.27981873719561811472221998551829952670,1.0,-1024.0,-1024,3071,-996
1.2.826.0.1.3680043.8.498.80474153675050555980983521986087624342,1.2.826.0.1.3680043.8.498.10882949201247113116292711245771260423,1.0,-1024.0,-1024,1761,-1000
1.2.826.0.1.3680043.8.498.81309642098974069093803544616062389522,1.2.826.0.1.3680043.8.498.61331762746182492854921272614044263916,1.0,-1024.0,-1024,1759,-1003
1.2.826.0.1.3680043.8.498.74320263516357081096176883639948081235,1.2.826.0.1.3680043.8.498.24852996070492677167409586790022275900,1.0,0.0,-1024,300,-1024
1.2.826.0.1.3680043.8.498.81704668055687445378523719341769657266,1.2.826.0.1.3680043.8.498.36037805463996936528661520913612438663,1.0,-1024.0,-1024,1796,-1005
1.2.826.0.1.3680043.8.498.81856138238919261368837192100525730645,1.2.826.0.1.3680043.8.498.12602711605617428387805515767203261218,1.0,-1024.0,-1024,1799,-1008
1.2.826.0.1.3680043.8.498.82247540847692847800462620079965863384,1.2.826.0.1.3680043.8.498.24587660293846075400789981690296967349,1.0,-1024.0,-1024,1723,-1024
1.2.826.0.1.3680043.8.498.82322958320748086304333724519978282919,1.2.826.0.1.3680043.8.498.12621767437056026447666719141192160173,1.0,-1024.0,-1024,2450,-993
1.2.826.0.1.3680043.8.498.82322958320748086304333724519978282919,1.2.826.0.1.3680043.8.498.12621767437056026447666719141192160173,1.0,-1024.0,-1024,2450,-993
1.2.826.0.1.3680043.8.498.82477595804065669737786454241336435099,1.2.826.0.1.3680043.8.498.14776596812738472271339106742634362305,1.0,-1024.0,-1024,2019,-999
1.2.826.0.1.3680043.8.498.78856394443811276131744237771887093444,1.2.826.0.1.3680043.8.498.29076792768079417875150141837013025841,1.0,-1024.0,-1024,1794,-997
1.2.826.0.1.3680043.8.498.78697256729329159666504788388658962273,1.2.826.0.1.3680043.8.498.59413771401130030268663934684912334353,1.0,-1024.0,-1024,1624,-1001
1.2.826.0.1.3680043.8.498.74563120736915677607297449036422024583,1.2.826.0.1.3680043.8.498.53947589466763839784262435390331377736,1.0,-1024.0,-1024,2054,-1000
1.2.826.0.1.3680043.8.498.75796116592528551397294264789772637184,1.2.826.0.1.3680043.8.498.90988818469900731543313503911936148707,1.0,-1024.0,-1024,1838,-1024
1.2.826.0.1.3680043.8.498.75954091451125598420593561698777345029,1.2.826.0.1.3680043.8.498.76400191563157198182089749338614757603,1.0,-1024.0,-1024,1946,-1004
1.2.826.0.1.3680043.8.498.76448510847030561240233182750178949944,1.2.826.0.1.3680043.8.498.11136716429605062232059834972017237568,1.0,-1024.0,-1024,2657,-1003
1.2.826.0.1.3680043.8.498.77253071581228697143874077265473102284,1.2.826.0.1.3680043.8.498.99083321507573594247257454130189378707,1.0,-1024.0,-1024,2522,-1003
1.2.826.0.1.3680043.8.498.77253071581228697143874077265473102284,1.2.826.0.1.3680043.8.498.77423083010586807568083869813319793514,1.0,-1024.0,-1024,2506,-1002
1.2.826.0.1.3680043.8.498.77259226787230823478365470916417637968,1.2.826.0.1.3680043.8.498.76303874314307900391053893433949936956,1.0,-1024.0,-1024,1829,-1024
1.2.826.0.1.3680043.8.498.77361425278281189840023627694908198198,1.2.826.0.1.3680043.8.498.22854928569070171794106906003736943899,1.0,0.0,-1024,337,-1024
1.2.826.0.1.3680043.8.498.77415503985845342060924964587790371896,1.2.826.0.1.3680043.8.498.11275169670575671083202017132298796611,1.0,-1024.0,-1024,1864,-1024
1.2.826.0.1.3680043.8.498.77463880288072958522969124231977574591,1.2.826.0.1.3680043.8.498.77176244762834044333464807044060153625,1.0,-1024.0,-1024,2594,-1005
1.2.826.0.1.3680043.8.498.20352838605781624312895197978664744075,1.2.826.0.1.3680043.8.498.27947084172942732505874104447404311415,1.0,-1024.0,-1024,1707,-1003
1.2.826.0.1.3680043.8.498.39220532408854295717286600652408068899,1.2.826.0.1.3680043.8.498.12885623347732967322338443919798153900,1.0,-1024.0,-1024,1859,-988
1.2.826.0.1.3680043.8.498.99985209798463601651869595532975221005,1.2.826.0.1.3680043.8.498.65157374409757364881520821698981129559,1.0,-1024.0,-1024,2046,-998
1.2.826.0.1.3680043.8.498.12996484432894806398582882906813843196,1.2.826.0.1.3680043.8.498.25803499813752311700242784507234998782,1.0,-1024.0,-1024,1867,-1024
1.2.826.0.1.3680043.8.498.13034538443887306248441446386299392105,1.2.826.0.1.3680043.8.498.65429597396087481104471133506552669882,1.0,0.0,-1024,1465,-1024
1.2.826.0.1.3680043.8.498.11198791437802468548828730795882522615,1.2.826.0.1.3680043.8.498.37208675585490375373627259170987099956,1.0,-1024.0,-1024,1842,-1004
1.2.826.0.1.3680043.8.498.13035832792413871820010907388005791076,1.2.826.0.1.3680043.8.498.13123085316737207432054979147862020400,1.0,-1024.0,-1024,1949,-1008
1.2.826.0.1.3680043.8.498.13043233553603781549618395316305321837,1.2.826.0.1.3680043.8.498.11049814333974884841396366214223200025,1.0,-1024.0,-1024,1968,-1007
1.2.826.0.1.3680043.8.498.13043233553603781549618395316305321837,1.2.826.0.1.3680043.8.498.17232426085381904020940466209209242117,1.0,-1024.0,-1024,1901,-993
1.2.826.0.1.3680043.8.498.13082901374995188106747434937618821365,1.2.826.0.1.3680043.8.498.27774388787656469379002033769141666564,1.0,-1024.0,-1024,2170,-984
1.2.826.0.1.3680043.8.498.11258822070953351343502606672659304036,1.2.826.0.1.3680043.8.498.27707482825469516182542489951188117341,1.0,0.0,-1024,376,-1024
1.2.826.0.1.3680043.8.498.13086185115488285453738133144652757785,1.2.826.0.1.3680043.8.498.11242145347650232670460389818044692301,1.0,-1024.0,-1024,2266,-995
1.2.826.0.1.3680043.8.498.11195078517196698761305795362083064507,1.2.826.0.1.3680043.8.498.10844935023638611267085924201975455583,1.0,-1024.0,-1024,2243,-987
1.2.826.0.1.3680043.8.498.13086185115488285453738133144652757785,1.2.826.0.1.3680043.8.498.16421168572261114833781848833988602187,1.0,-1024.0,-1024,2233,-1005
1.2.826.0.1.3680043.8.498.13111535830043623385413594001241319349,1.2.826.0.1.3680043.8.498.28547442371830780807510702177051467830,1.0,-1024.0,-1024,1754,-1000
1.2.826.0.1.3680043.8.498.11258822070953351343502606672659304036,1.2.826.0.1.3680043.8.498.47339328765573256412508294671588022260,1.0,0.0,-1024,294,-1024
1.2.826.0.1.3680043.8.498.11362594742849845937638082003271998271,1.2.826.0.1.3680043.8.498.15789183296965892802472346373935406171,1.0,-1024.0,-1024,3071,-986
1.2.826.0.1.3680043.8.498.11321418544117702275181808819624283917,1.2.826.0.1.3680043.8.498.11544936352144515421545447921182641302,1.0,-1024.0,-1024,2646,-1011
1.2.826.0.1.3680043.8.498.11283060280124241416746713304089513896,1.2.826.0.1.3680043.8.498.51799192143448407118241495567641688592,1.0,-1024.0,-1024,3018,-998
1.2.826.0.1.3680043.8.498.11289512197100034208363716951255861352,1.2.826.0.1.3680043.8.498.65784834905958765243027165379369132411,1.0,-1024.0,-1024,2074,-999
1.2.826.0.1.3680043.8.498.11289512197100034208363716951255861352,1.2.826.0.1.3680043.8.498.65784834905958765243027165379369132411,1.0,-1024.0,-1024,2074,-999
1.2.826.0.1.3680043.8.498.11283060280124241416746713304089513896,1.2.826.0.1.3680043.8.498.13081348052918819416250829293233704717,1.0,-1024.0,-1024,3070,-1004
1.2.826.0.1.3680043.8.498.12966927089973411826595396862924825930,1.2.826.0.1.3680043.8.498.43037777069935500294942456794474744587,1.0,-1024.0,-1024,2136,-999
1.2.826.0.1.3680043.8.498.11283060280124241416746713304089513896,1.2.826.0.1.3680043.8.498.51799192143448407118241495567641688592,1.0,-1024.0,-1024,3018,-998
1.2.826.0.1.3680043.8.498.13389373955551061325767022728379261701,1.2.826.0.1.3680043.8.498.37221227893997604116999272094855222386,1.0,-1024.0,-1024,1950,-992
1.2.826.0.1.3680043.8.498.10935907012185032169927418164924236382,1.2.826.0.1.3680043.8.498.10058842517012896780975718617067182938,1.0,0.0,-1024,454,-1024
1.2.826.0.1.3680043.8.498.10935907012185032169927418164924236382,1.2.826.0.1.3680043.8.498.26441166830185072464905619055293584091,1.0,0.0,-1024,554,-1024
1.2.826.0.1.3680043.8.498.10935907012185032169927418164924236382,1.2.826.0.1.3680043.8.498.11082608797370113826665888072671997746,1.0,0.0,-1024,448,-1024
1.2.826.0.1.3680043.8.498.13359737970612926494907045108541390310,1.2.826.0.1.3680043.8.498.71835927712278749076170043482903235379,1.0,0.0,-1024,475,-1024
1.2.826.0.1.3680043.8.498.13359737970612926494907045108541390310,1.2.826.0.1.3680043.8.498.67453539551953406115010723929402211507,1.0,0.0,-1024,433,-1024
1.2.826.0.1.3680043.8.498.11180448265514413124616725422454637978,1.2.826.0.1.3680043.8.498.65119005528548129748714865704658593122,1.0,-1024.0,-1024,1992,-998
1.2.826.0.1.3680043.8.498.10883708862158237934217807665304994642,1.2.826.0.1.3680043.8.498.10786207193681882024465009820447417471,1.0,-1024.0,-1024,1980,-994
1.2.826.0.1.3680043.8.498.13772491251405237301984425466912144486,1.2.826.0.1.3680043.8.498.78298099552264378226865882451895694712,1.0,-1024.0,-1024,1911,-992
1.2.826.0.1.3680043.8.498.10941306315529851008001132294356170420,1.2.826.0.1.3680043.8.498.11011392427077833985718550865107253192,1.0,-1024.0,-1024,3071,-1004
1.2.826.0.1.3680043.8.498.10994694444624759369431000277879096454,1.2.826.0.1.3680043.8.498.10407727436299946976495041701191029207,1.0,-1024.0,-1024,1763,-1024
1.2.826.0.1.3680043.8.498.11031239695101994967463593503001530063,1.2.826.0.1.3680043.8.498.76933660425797211512557659032051253627,1.0,-1024.0,-1024,1887,-1000
1.2.826.0.1.3680043.8.498.13342276044755087577191863810557566420,1.2.826.0.1.3680043.8.498.34585886127817048086574643887131535058,1.0,-1024.0,-1024,1985,-999
1.2.826.0.1.3680043.8.498.13298649165396629573448258546981873991,1.2.826.0.1.3680043.8.498.10250561177252550204512269327270507745,1.0,-1024.0,-1024,2821,-999
1.2.826.0.1.3680043.8.498.11098780782340815507287784394577673659,1.2.826.0.1.3680043.8.498.93607131134879879352685666927713357297,1.0,-1024.0,-1024,2931,-996
1.2.826.0.1.3680043.8.498.11124875256148069004788576132480005003,1.2.826.0.1.3680043.8.498.15946607716579379881167165244511100045,1.0,0.0,-1024,385,-1024
1.2.826.0.1.3680043.8.498.13233292225941177071218277874727836680,1.2.826.0.1.3680043.8.498.72966984137635075411734346867481286279,1.0,-1024.0,-1024,3071,-1002
1.2.826.0.1.3680043.8.498.12881005228349140037967309185096891968,1.2.826.0.1.3680043.8.498.46765908175748714999114067201832530473,1.0,-1024.0,-1024,1848,-1024
1.2.826.0.1.3680043.8.498.12489658274770676294400707135302468868,1.2.826.0.1.3680043.8.498.99755045998570323260194356973585168539,1.0,-1024.0,-1024,2799,-1001
1.2.826.0.1.3680043.8.498.11940368429225231906526358808924714901,1.2.826.0.1.3680043.8.498.31896036686248351878825877673187763434,1.0,-1024.0,-1024,2027,-995
1.2.826.0.1.3680043.8.498.12486479242882602057232647422235251647,1.2.826.0.1.3680043.8.498.42532889860356648552436349273100734527,1.0,-1024.0,-1024,2515,-1000
1.2.826.0.1.3680043.8.498.11924949819899884502738782576851659426,1.2.826.0.1.3680043.8.498.58974303677330927126509899133224179760,1.0,0.0,-1024,685,-1024
1.2.826.0.1.3680043.8.498.12285352638636973719542944532929535087,1.2.826.0.1.3680043.8.498.10044428392880117139098105610530474485,1.0,0.0,-1024,487,-1024
1.2.826.0.1.3680043.8.498.11924949819899884502738782576851659426,1.2.826.0.1.3680043.8.498.58974303677330927126509899133224179760,1.0,0.0,-1024,685,-1024
1.2.826.0.1.3680043.8.498.11872124714911137985543966357359435459,1.2.826.0.1.3680043.8.498.12766179791384828405588747453057524330,1.0,-1024.0,-1024,1795,-1002
1.2.826.0.1.3680043.8.498.11850512154293725455486276776718032997,1.2.826.0.1.3680043.8.498.10306578321003915477978962149498157889,1.0,-1024.0,-1024,2106,-998
1.2.826.0.1.3680043.8.498.12539533910666273861284368629186616050,1.2.826.0.1.3680043.8.498.50259977801700343772118759771878190128,1.0,-1024.0,-1024,1957,-1001
1.2.826.0.1.3680043.8.498.12869600187010209940230704337229597106,1.2.826.0.1.3680043.8.498.38980692630496296530168104623001796474,1.0,-1024.0,-1024,2039,-1008
1.2.826.0.1.3680043.8.498.12180552386746360147901020901436537667,1.2.826.0.1.3680043.8.498.44277936871054294629201654385921039853,1.0,-1024.0,-1024,2544,-1008
1.2.826.0.1.3680043.8.498.12188910431750070683510591412633214701,1.2.826.0.1.3680043.8.498.11791254239873188487282906075673051354,1.0,-1024.0,-1024,1908,-1010
1.2.826.0.1.3680043.8.498.12192030619223175392454215790668906257,1.2.826.0.1.3680043.8.498.30875562127144271993358760082953655842,1.0,-1024.0,-1024,2513,-1005
1.2.826.0.1.3680043.8.498.12192030619223175392454215790668906257,1.2.826.0.1.3680043.8.498.12733053639731251865690020379628866114,1.0,-1024.0,-1024,2560,-998
1.2.826.0.1.3680043.8.498.12137575654633158486756958814721535447,1.2.826.0.1.3680043.8.498.47887400834483725108267071149671279489,1.0,-1024.0,-1024,2076,-994
1.2.826.0.1.3680043.8.498.12039664798814930566539880948843057099,1.2.826.0.1.3680043.8.498.10578277445999787159072353717983890770,1.0,-1024.0,-1024,2587,-999
1.2.826.0.1.3680043.8.498.12256713718925302230703394130845580200,1.2.826.0.1.3680043.8.498.53049744823769769459783866080640179591,1.0,-1024.0,-1024,2804,-999
1.2.826.0.1.3680043.8.498.12120203087307263629963384531766372788,1.2.826.0.1.3680043.8.498.60884304878836728110465392119039900256,1.0,-1024.0,-1024,1798,-1024
1.2.826.0.1.3680043.8.498.12108454191368006573588964405134111594,1.2.826.0.1.3680043.8.498.60519554430550373332388389235375179038,1.0,-1024.0,-1024,2058,-1011
1.2.826.0.1.3680043.8.498.11831904086121221806962026362910045658,1.2.826.0.1.3680043.8.498.59820434674596893459738796376846114723,1.0,-1024.0,-1024,2254,-994
1.2.826.0.1.3680043.8.498.12780653871292315233707346032936297475,1.2.826.0.1.3680043.8.498.71160132229046475827957331580280182987,1.0,-1024.0,-1024,2005,-1024
1.2.826.0.1.3680043.8.498.11507335675495572698520475400694364907,1.2.826.0.1.3680043.8.498.75643357894011708234096432055926130471,1.0,-1024.0,-1024,1804,-1004
1.2.826.0.1.3680043.8.498.12811680534901449059987971517124435760,1.2.826.0.1.3680043.8.498.21453720399901407443188544465447660577,1.0,-1024.0,-1024,1793,-1001
1.2.826.0.1.3680043.8.498.12812390336793304037901571645929430100,1.2.826.0.1.3680043.8.498.71878139692177670666748850142985857544,1.0,-1024.0,-1024,1818,-1024
1.2.826.0.1.3680043.8.498.12681632874108808552989763748783449621,1.2.826.0.1.3680043.8.498.12356605742491095914816067440333682267,1.0,0.0,-1024,370,-1024
1.2.826.0.1.3680043.8.498.11584431916805637315621008787747325270,1.2.826.0.1.3680043.8.498.12162356269538957641587750092440761677,1.0,0.0,-1024,1283,-1024
1.2.826.0.1.3680043.8.498.11595784804333386913929562970230570016,1.2.826.0.1.3680043.8.498.13476018454636671108516013771899244328,1.0,-1024.0,-1024,1897,-1024
1.2.826.0.1.3680043.8.498.12650876435739991135029635497093669845,1.2.826.0.1.3680043.8.498.25113693852225884615640145984965595224,1.0,-1024.0,-1024,2009,-1004
1.2.826.0.1.3680043.8.498.11653300342091127541960781103313498609,1.2.826.0.1.3680043.8.498.10967001079146326850396495504958669219,1.0,-1024.0,-1024,1896,-1024
1.2.826.0.1.3680043.8.498.12646074628554469041238041497708152243,1.2.826.0.1.3680043.8.498.27414071650339133980826543706066491336,1.0,-1024.0,-1024,2390,-998
1.2.826.0.1.3680043.8.498.11683463682628706205506039256553979174,1.2.826.0.1.3680043.8.498.89584273492557498707560933858509526622,1.0,0.0,-1024,373,-1024
1.2.826.0.1.3680043.8.498.11683463682628706205506039256553979174,1.2.826.0.1.3680043.8.498.11523223867091954771092704297648065694,1.0,0.0,-1024,409,-1024
1.2.826.0.1.3680043.8.498.11740249008349915769389459212243082736,1.2.826.0.1.3680043.8.498.54308505228891024171207035336249458642,1.0,-1024.0,-1024,2403,-1004
1.2.826.0.1.3680043.8.498.12600056406312244714678292907491453656,1.2.826.0.1.3680043.8.498.10252673828749687508233696731172948321,1.0,0.0,-1024,2803,-1024
1.2.826.0.1.3680043.8.498.11803650639437261093226018672112512148,1.2.826.0.1.3680043.8.498.11798005821983746825808955725047738120,1.0,-1024.0,-1024,1999,-994
1.2.826.0.1.3680043.8.498.17101854365239796593830262381691221508,1.2.826.0.1.3680043.8.498.64531984703155710177354694300256908152,1.0,-1024.0,-1024,3069,-1017
1.2.826.0.1.3680043.8.498.10342709283985724898618249297250963636,1.2.826.0.1.3680043.8.498.58453842120334988627769941371430062945,1.0,-1024.0,-1024,2484,-1008
1.2.826.0.1.3680043.8.498.16386250344855221757144432829845114733,1.2.826.0.1.3680043.8.498.45799968532349971330659460276987597444,1.0,-1024.0,-1024,1763,-1007
1.2.826.0.1.3680043.8.498.16386250344855221757144432829845114733,1.2.826.0.1.3680043.8.498.52956195686214600919990247177016908261,1.0,-1024.0,-1024,1798,-999
1.2.826.0.1.3680043.8.498.16386250344855221757144432829845114733,1.2.826.0.1.3680043.8.498.54523412279517467153808587974655589874,1.0,-1024.0,-1024,1734,-1013
1.2.826.0.1.3680043.8.498.10702390433258656600609672523581904940,1.2.826.0.1.3680043.8.498.10861056147166500141705765715220270260,1.0,-1024.0,-1024,3071,-998
1.2.826.0.1.3680043.8.498.16386250344855221757144432829845114733,1.2.826.0.1.3680043.8.498.90885197113477102058381494542872920850,1.0,-1024.0,-1024,1795,-1004
1.2.826.0.1.3680043.8.498.10491885999343016971277789732392506995,1.2.826.0.1.3680043.8.498.43571459595593549408182499831299248275,1.0,-1024.0,-1024,1864,-1000
1.2.826.0.1.3680043.8.498.10539805583894240854689522085529279066,1.2.826.0.1.3680043.8.498.49325916244955647014804423875468554389,1.0,-1024.0,-1024,1968,-1003
1.2.826.0.1.3680043.8.498.10592969088685694055394859037327373649,1.2.826.0.1.3680043.8.498.86301633775415827049645019403617050901,1.0,0.0,-1024,330,-1024
1.2.826.0.1.3680043.8.498.10676171200316720058659073183033256880,1.2.826.0.1.3680043.8.498.12828589238978397308751147226053088306,1.0,-1024.0,-1024,1832,-1024
1.2.826.0.1.3680043.8.498.10277444113543832445609667186062143439,1.2.826.0.1.3680043.8.498.79566869694727808479304083976582001317,1.0,-1024.0,-1024,2190,-1001
1.2.826.0.1.3680043.8.498.10242740813399049394757933972926370746,1.2.826.0.1.3680043.8.498.91520089523060883346415173655239678387,1.0,-1024.0,-1024,1424,-997
1.2.826.0.1.3680043.8.498.10030095840917973694487307992374923817,1.2.826.0.1.3680043.8.498.75217084841854214544099244823406151875,1.0,-1024.0,-1024,2049,-1011
1.2.826.0.1.3680043.8.498.19097883903185475042239433012764457746,1.2.826.0.1.3680043.8.498.97792326898383067359932237918412881254,1.0,-1024.0,-1024,2528,-1009
1.2.826.0.1.3680043.8.498.10157259652665015386051954194840128811,1.2.826.0.1.3680043.8.498.67072497183347415541185511860746478638,1.0,-1024.0,-1024,1811,-1002
1.2.826.0.1.3680043.8.498.10170698207397181808858428764907250482,1.2.826.0.1.3680043.8.498.88208239641933112871356353552053170355,1.0,-1024.0,-1024,1974,-999
1.2.826.0.1.3680043.8.498.17874140688479995306520517290218663881,1.2.826.0.1.3680043.8.498.84537879169547917830398706033718426655,1.0,-1024.0,-1024,2099,-1024
1.2.826.0.1.3680043.8.498.17759831778622575514469496087313801263,1.2.826.0.1.3680043.8.498.78559195773374102490286397852168008623,1.0,-1024.0,-1024,2064,-996
1.2.826.0.1.3680043.8.498.17709844012314833976908727289307063132,1.2.826.0.1.3680043.8.498.43359050988711517336428698437817486635,1.0,0.0,-1024,561,-1024
1.2.826.0.1.3680043.8.498.15173838005244958999381145795664224250,1.2.826.0.1.3680043.8.498.11054484441995421009415126397171045507,1.0,-1024.0,-1024,1703,-1006
1.2.826.0.1.3680043.8.498.10768663201506668685589882709865763836,1.2.826.0.1.3680043.8.498.12328646365857971442924514076225869996,1.0,-1024.0,-1024,2232,-998
1.2.826.0.1.3680043.8.498.14726629831851235531233831802242835607,1.2.826.0.1.3680043.8.498.34555616667068635929825044532142072621,1.0,-1024.0,-1024,1830,-999
1.2.826.0.1.3680043.8.498.10836696159962346198965554506289936039,1.2.826.0.1.3680043.8.498.12807849708269260171129000391882612196,1.0,-1024.0,-1024,2473,-997
1.2.826.0.1.3680043.8.498.14669837813674156089103283587478731211,1.2.826.0.1.3680043.8.498.50874959432962111364443095064305157446,1.0,-1024.0,-1024,2201,-976
1.2.826.0.1.3680043.8.498.10743199796364362163988736837321335182,1.2.826.0.1.3680043.8.498.32918010109839053560977209336445780828,1.0,0.0,-1024,395,-1024
1.2.826.0.1.3680043.8.498.10743199796364362163988736837321335182,1.2.826.0.1.3680043.8.498.29926045993207804984522541050943235744,1.0,0.0,-1024,412,-1024
1.2.826.0.1.3680043.8.498.10743199796364362163988736837321335182,1.2.826.0.1.3680043.8.498.76905755962577410123433958012084895596,1.0,0.0,-1024,418,-1024
1.2.826.0.1.3680043.8.498.10702390433258656600609672523581904940,1.2.826.0.1.3680043.8.498.48845793476846225587864819534865984587,1.0,-1024.0,-1024,3071,-1009
1.2.826.0.1.3680043.8.498.12600056406312244714678292907491453656,1.2.826.0.1.3680043.8.498.93386010471664189059397307727076978352,1.0,0.0,-1030,2879,-1024
1.2.826.0.1.3680043.8.498.78103250218882398697998659803090318549,1.2.826.0.1.3680043.8.498.11797521114656018966536033225918661739,1.0,0.0,-1039,2487,-976
1.2.826.0.1.3680043.8.498.70617687980791948824047362191510436337,1.2.826.0.1.3680043.8.498.84724363211967774779641893935314722783,1.0,-8192.0,-1048,2345,-993
1.2.826.0.1.3680043.8.498.88594690976723668476988084326754337922,1.2.826.0.1.3680043.8.498.23326575517297892589632497967373928842,1.0,0.0,-1051,2379,-1024
1.2.826.0.1.3680043.8.498.78749654116222000332112437396633060615,1.2.826.0.1.3680043.8.498.65064331360355084982201455835778908269,1.0,0.0,-1054,1791,-1024
1.2.826.0.1.3680043.8.498.50241233088534910114736887318508484246,1.2.826.0.1.3680043.8.498.10995955230310646936272537321987541357,1.0,0.0,-1062,2195,-1024
1.2.826.0.1.3680043.8.498.11447542941959800581541313722844637822,1.2.826.0.1.3680043.8.498.49081431297828876486466147201161061799,1.0,-8192.0,-1066,1936,-1005
1.2.826.0.1.3680043.8.498.11972632345617138006972376746856981442,1.2.826.0.1.3680043.8.498.88865414927666101637999810233696878501,1.0,-8192.0,-1068,1890,-996
1.2.826.0.1.3680043.8.498.12073660042268180923540565125477883696,1.2.826.0.1.3680043.8.498.37592643307951768819740258033283604353,1.0,-8192.0,-1068,2160,-1008
1.2.826.0.1.3680043.8.498.68810137235418152846696391454919164488,1.2.826.0.1.3680043.8.498.60540964976662755379337600059938842708,10.0,-10240.0,-1080,1720,-1000
1.2.826.0.1.3680043.8.498.85194127744027521640385594083387862534,1.2.826.0.1.3680043.8.498.12615455789667266241712829756571423891,10.0,-10240.0,-1080,1830,-1000
1.2.826.0.1.3680043.8.498.68810137235418152846696391454919164488,1.2.826.0.1.3680043.8.498.60540964976662755379337600059938842708,10.0,-10240.0,-1080,1720,-1000
1.2.826.0.1.3680043.8.498.14403250604308866073664799878377718380,1.2.826.0.1.3680043.8.498.36093891165427060986487033060306921189,1.0,-8192.0,-1085,2039,-1002
1.2.826.0.1.3680043.8.498.77257791208759842602760935296318202703,1.2.826.0.1.3680043.8.498.18004782045342417340718516403383327592,1.0,-8192.0,-1086,2335,-986
1.2.826.0.1.3680043.8.498.33022715498595709274949165859220590152,1.2.826.0.1.3680043.8.498.94942034329315969060355207445435936389,1.0,-8192.0,-1088,1911,-1007
1.2.826.0.1.3680043.8.498.23921915557470401630220385665716584839,1.2.826.0.1.3680043.8.498.10987398505265707406738262383314073579,10.0,-10240.0,-1089,1609,-1000
1.2.826.0.1.3680043.8.498.45425062975952645100836487257838113141,1.2.826.0.1.3680043.8.498.28356880476480618457535628114899164196,10.0,-10240.0,-1090,1719,-1000
1.2.826.0.1.3680043.8.498.12372284943208508603352754896942488368,1.2.826.0.1.3680043.8.498.12625531378052275610033881645726496727,10.0,-10240.0,-1090,1900,-1000
1.2.826.0.1.3680043.8.498.36443625343531388305055901549893511033,1.2.826.0.1.3680043.8.498.43040815814156038364800069051704218550,10.0,-10240.0,-1090,2490,-1010
1.2.826.0.1.3680043.8.498.26874971941885222244242369278234202718,1.2.826.0.1.3680043.8.498.41848588771499795337633910430653130064,1.0,-1024.0,-1094,1677,-1094
1.2.826.0.1.3680043.8.498.78749654116222000332112437396633060615,1.2.826.0.1.3680043.8.498.45825161297784234150153934234560418594,1.0,0.0,-1095,1869,-1024
1.2.826.0.1.3680043.8.498.11180702896126949393854398686563453074,1.2.826.0.1.3680043.8.498.12513267546910054901653314350335144672,1.0,-1024.0,-1096,1826,-1096
1.2.826.0.1.3680043.8.498.11655058622515661344492641900135368017,1.2.826.0.1.3680043.8.498.65797398511041023260918864731085810390,1.0,-1024.0,-1096,1800,-1096
1.2.826.0.1.3680043.8.498.25651859650891191274326769018542733321,1.2.826.0.1.3680043.8.498.10344158976559660553007418087989509742,1.0,-1024.0,-1096,1785,-1096
1.2.826.0.1.3680043.8.498.12955426866012680745915488400295308978,1.2.826.0.1.3680043.8.498.21639890826746190386416356789668885829,1.0,-1024.0,-1097,1883,-1097
1.2.826.0.1.3680043.8.498.10734061825977744660754214019812994234,1.2.826.0.1.3680043.8.498.13365128796598778172628025656061549173,1.0,-1024.0,-1097,1845,-1097
1.2.826.0.1.3680043.8.498.73363802537202567743454640766773851605,1.2.826.0.1.3680043.8.498.77323480476758990214465404440591104347,1.0,-1024.0,-1097,1870,-1097
1.2.826.0.1.3680043.8.498.35249064516582051161715228902111227722,1.2.826.0.1.3680043.8.498.46655074277982784900400487093562908699,1.0,-1024.0,-1097,1853,-1097
1.2.826.0.1.3680043.8.498.10925835367566060680558681418372812622,1.2.826.0.1.3680043.8.498.82982909690421150148897320308131095477,1.0,-1024.0,-1097,1858,-1097
1.2.826.0.1.3680043.8.498.33789953602683757116927708606798309105,1.2.826.0.1.3680043.8.498.62774204006180961327842223532409492510,1.0,-1024.0,-1097,1887,-1097
1.2.826.0.1.3680043.8.498.89611492483154570777544423877408176121,1.2.826.0.1.3680043.8.498.63437308231918307730202350021958233739,1.0,-1024.0,-1097,1894,-1097
1.2.826.0.1.3680043.8.498.35249064516582051161715228902111227722,1.2.826.0.1.3680043.8.498.10779711390812231728962302874802595190,1.0,-1024.0,-1097,1852,-1097
1.2.826.0.1.3680043.8.498.35249064516582051161715228902111227722,1.2.826.0.1.3680043.8.498.35700135696828723220867175688168493959,1.0,-1024.0,-1097,1855,-1097
1.2.826.0.1.3680043.8.498.99171153540341946985914566129402632185,1.2.826.0.1.3680043.8.498.42095504800762772378065875760473049413,1.0,-1024.0,-1098,1958,-1098
1.2.826.0.1.3680043.8.498.54281946541008473368224204907238101702,1.2.826.0.1.3680043.8.498.55590414755486634196624242922243687064,1.0,-1024.0,-1098,1947,-1098
1.2.826.0.1.3680043.8.498.92288063738078674761481164826047572305,1.2.826.0.1.3680043.8.498.86301178126899357601209190512973913782,1.0,-1024.0,-1098,1958,-1098
1.2.826.0.1.3680043.8.498.58396654115790491705460442015840632430,1.2.826.0.1.3680043.8.498.66811988047602232754244894093007450069,1.0,-1024.0,-1098,1953,-1098
1.2.826.0.1.3680043.8.498.98833462585750315259482760825446643729,1.2.826.0.1.3680043.8.498.23987034845105649924378625281445893762,10.0,-10240.0,-1099,1839,-1000
1.2.826.0.1.3680043.8.498.11975102890487716267216086200252125540,1.2.826.0.1.3680043.8.498.50823604964482023180108221803129632984,1.0,-1024.0,-1099,2018,-1099
1.2.826.0.1.3680043.8.498.39667623622110927070697093616586975942,1.2.826.0.1.3680043.8.498.74204154797747893575254317261658652737,10.0,-10240.0,-1099,1629,-1000
1.2.826.0.1.3680043.8.498.68661674022446939460384774274801398807,1.2.826.0.1.3680043.8.498.92718763880290266502474526115082588051,1.0,-1024.0,-1099,2011,-1099
1.2.826.0.1.3680043.8.498.12101835431483950635892927646678745059,1.2.826.0.1.3680043.8.498.28497007260163851106013996177825262483,1.0,-1024.0,-1099,1979,-1099
1.2.826.0.1.3680043.8.498.78749654116222000332112437396633060615,1.2.826.0.1.3680043.8.498.12417483903340132069033812636126028447,1.0,0.0,-1099,2118,-1024
1.2.826.0.1.3680043.8.498.45425062975952645100836487257838113141,1.2.826.0.1.3680043.8.498.13072567478210372404855067633127053200,10.0,-10240.0,-1099,1730,-1000
1.2.826.0.1.3680043.8.498.42454683313962669129248153376638863722,1.2.826.0.1.3680043.8.498.13266464217675733853708956663047644125,1.0,-1024.0,-1099,1992,-1099
1.2.826.0.1.3680043.8.498.40710405010595498600480859263147766861,1.2.826.0.1.3680043.8.498.76975525299075086480090256437609523020,10.0,-10240.0,-1100,1710,-990
1.2.826.0.1.3680043.8.498.13255560528351140054227822248955714508,1.2.826.0.1.3680043.8.498.92969603229961182983001448586168122270,1.0,-1024.0,-1100,2087,-1100
1.2.826.0.1.3680043.8.498.95531755443872326226082885970681631031,1.2.826.0.1.3680043.8.498.25800192188389704426386568921404110180,10.0,-10240.0,-1100,1820,-1000
1.2.826.0.1.3680043.8.498.37057143181493564224798865433951903198,1.2.826.0.1.3680043.8.498.57466349217364350720595573022374085474,10.0,-10240.0,-1100,1950,-1010
1.2.826.0.1.3680043.8.498.45626258299106569658885601860214411568,1.2.826.0.1.3680043.8.498.45227640204799374569596595412029122816,1.0,-1024.0,-1100,2058,-1100
1.2.826.0.1.3680043.8.498.10843288560910004558081082597234683103,1.2.826.0.1.3680043.8.498.52735654348729179289737731303223326692,10.0,-10240.0,-1100,1890,-1010
1.2.826.0.1.3680043.8.498.90990838555936406474863315476139779302,1.2.826.0.1.3680043.8.498.43821413723876972913058913218249705473,10.0,-10240.0,-1100,1870,-1000
1.2.826.0.1.3680043.8.498.80461517820710375402982229582943598734,1.2.826.0.1.3680043.8.498.13135098617890605299446497834572889774,1.0,-1024.0,-1101,2163,-1101
1.2.826.0.1.3680043.8.498.42894198144563275431526493302486636360,1.2.826.0.1.3680043.8.498.62840740600437944956277552492089366231,1.0,-1024.0,-1102,2182,-1102
1.2.826.0.1.3680043.8.498.45626258299106569658885601860214411568,1.2.826.0.1.3680043.8.498.13209614233532939518874549297552585940,1.0,-1024.0,-1103,2284,-1103
1.2.826.0.1.3680043.8.498.10743681379266627714143743478938138250,1.2.826.0.1.3680043.8.498.77657658001419214157705064382063507819,1.0,-1024.0,-1104,2374,-1104
1.2.826.0.1.3680043.8.498.10195070873338721244150818495996796822,1.2.826.0.1.3680043.8.498.44185937258859556516668591199094598570,1.0,-1024.0,-1106,2451,-1106
1.2.826.0.1.3680043.8.498.30712831797313255569993582648348033677,1.2.826.0.1.3680043.8.498.98686558018964654281914094685111043538,1.0,-8192.0,-1109,6283,-1019
1.2.826.0.1.3680043.8.498.11140749381284703697463059911059675843,1.2.826.0.1.3680043.8.498.10141349508579008995019103187336733869,10.0,-10240.0,-1110,1830,-1000
1.2.826.0.1.3680043.8.498.64356599079437255412013580982881766824,1.2.826.0.1.3680043.8.498.94796959664246690209326937802155521160,10.0,-10240.0,-1110,2070,-990
1.2.826.0.1.3680043.8.498.26528528245840885872113696413878955025,1.2.826.0.1.3680043.8.498.10852793454744944901200724704405610240,10.0,-10240.0,-1110,1650,-1000
1.2.826.0.1.3680043.8.498.71117173363967202350045709912757627434,1.2.826.0.1.3680043.8.498.25675391839070074564030732414035319610,10.0,-10240.0,-1110,1910,-1010
1.2.826.0.1.3680043.8.498.12305532574743349097112160025098568126,1.2.826.0.1.3680043.8.498.65643729555233994718381446152369070734,10.0,-10240.0,-1110,1810,-1030
1.2.826.0.1.3680043.8.498.42894198144563275431526493302486636360,1.2.826.0.1.3680043.8.498.33570330514327045394590626142612965930,1.0,-1024.0,-1115,3071,-1115
1.2.826.0.1.3680043.8.498.43147198953439664211208725810044788145,1.2.826.0.1.3680043.8.498.12105235665178600259828105772066013605,10.0,-10240.0,-1120,1820,-1000
1.2.826.0.1.3680043.8.498.19026389188000489949768133839482682458,1.2.826.0.1.3680043.8.498.13632337381290647279153477831574906823,10.0,-10240.0,-1120,1880,-1000
1.2.826.0.1.3680043.8.498.21260959075009618650373648885000992787,1.2.826.0.1.3680043.8.498.40681760441582480175881600437421462243,10.0,-10240.0,-1120,1800,-990
1.2.826.0.1.3680043.8.498.12068937455620503195022412275762017161,1.2.826.0.1.3680043.8.498.14091654234440156138601925433961432811,10.0,-10240.0,-1120,1850,-1000
1.2.826.0.1.3680043.8.498.11338876817962839639307338648743335890,1.2.826.0.1.3680043.8.498.82733863317127121215607404170384479384,10.0,-10240.0,-1120,1860,-990
1.2.826.0.1.3680043.8.498.11140749381284703697463059911059675843,1.2.826.0.1.3680043.8.498.12571967306383271645549533628635719988,10.0,-10240.0,-1120,3230,-1000
1.2.826.0.1.3680043.8.498.96059267320928260825088430577621547575,1.2.826.0.1.3680043.8.498.11042220076040492939597052056645434321,10.0,-10240.0,-1130,1699,-1000
1.2.826.0.1.3680043.8.498.19026389188000489949768133839482682458,1.2.826.0.1.3680043.8.498.55147832818694045783883880807353813532,10.0,-10240.0,-1140,3060,-1000
1.2.826.0.1.3680043.8.498.77257791208759842602760935296318202703,1.2.826.0.1.3680043.8.498.10167706383976336164068768321596755731,1.0,-8192.0,-1152,2325,-1008
1.2.826.0.1.3680043.8.498.40188121116153546781742510879472501209,1.2.826.0.1.3680043.8.498.76150058709973577922440831695635655888,1.0,-8192.0,-1263,1843,-1011
1.2.826.0.1.3680043.8.498.84694960173163498808360597582848036806,1.2.826.0.1.3680043.8.498.13275747420575644793801156093658066773,1.0,0.0,-2048,1858,-2048
1.2.826.0.1.3680043.8.498.12158030963527205648106853493810575829,1.2.826.0.1.3680043.8.498.49001542613062343013585105634149752185,1.0,0.0,-2048,1890,-2048
1.2.826.0.1.3680043.8.498.10077108087009955586144859725246456654,1.2.826.0.1.3680043.8.498.82204877903421400705539137371757029750,1.0,0.0,-2048,3038,-2048
1.2.826.0.1.3680043.8.498.10086325220791440678552106812785190149,1.2.826.0.1.3680043.8.498.39269756868367929000192187307211522245,1.0,0.0,-2048,2008,-2048
1.2.826.0.1.3680043.8.498.10042474696169267476037627878420766468,1.2.826.0.1.3680043.8.498.89290443797896401250726247228233676451,1.0,0.0,-2048,2597,-2048
1.2.826.0.1.3680043.8.498.66539348492649963220393394153335291909,1.2.826.0.1.3680043.8.498.95983033893509737387704547472486138029,1.0,0.0,-2048,1652,-2048
1.2.826.0.1.3680043.8.498.12013973639047348546523188763695352068,1.2.826.0.1.3680043.8.498.20161157888291164264207066889839723874,1.0,0.0,-2048,1981,-2048
1.2.826.0.1.3680043.8.498.10034081836061566510187499603024895557,1.2.826.0.1.3680043.8.498.71237104731452368587327801789352569583,1.0,0.0,-2048,1900,-2048
1.2.826.0.1.3680043.8.498.66886574765471860867952209867524090563,1.2.826.0.1.3680043.8.498.48848912403847255547895505909098410148,1.0,0.0,-2048,2265,-2048
1.2.826.0.1.3680043.8.498.66886574765471860867952209867524090563,1.2.826.0.1.3680043.8.498.83800043863907213079584363054849381118,1.0,0.0,-2048,2266,-2048
1.2.826.0.1.3680043.8.498.11776647849315767034604749792786451836,1.2.826.0.1.3680043.8.498.67024424826447098389649873854381517884,1.0,0.0,-2048,1970,-2048
1.2.826.0.1.3680043.8.498.84707392127644362436394627030175191536,1.2.826.0.1.3680043.8.498.32126620955366666052801113085201544167,1.0,0.0,-2048,1939,-2048
1.2.826.0.1.3680043.8.498.97163905053638191562269043372648425734,1.2.826.0.1.3680043.8.498.44928962470244394186503134812671676504,1.0,0.0,-2048,1734,-2048
1.2.826.0.1.3680043.8.498.63659290871058751026573871222273656938,1.2.826.0.1.3680043.8.498.91795281262972385232393192415970584741,1.0,0.0,-2048,1892,-2048
1.2.826.0.1.3680043.8.498.59934779413089759685331417432235020206,1.2.826.0.1.3680043.8.498.28906511270292958661781359643019211764,1.0,0.0,-2048,1827,-2048
1.2.826.0.1.3680043.8.498.97107651418857846657194825329545320800,1.2.826.0.1.3680043.8.498.13183543238984413851781847063882496903,1.0,0.0,-2048,2346,-2048
1.2.826.0.1.3680043.8.498.10863499657940265441624573364151465623,1.2.826.0.1.3680043.8.498.80746361400603515601267223389876442376,1.0,0.0,-2048,2054,-2048
1.2.826.0.1.3680043.8.498.12013973639047348546523188763695352068,1.2.826.0.1.3680043.8.498.22077616704694869551010344003923016776,1.0,0.0,-2048,2000,-2048
1.2.826.0.1.3680043.8.498.99066873727045430654405278364404635012,1.2.826.0.1.3680043.8.498.40454133314772290213028211265554201675,1.0,0.0,-2048,1876,-2048
1.2.826.0.1.3680043.8.498.10863499657940265441624573364151465623,1.2.826.0.1.3680043.8.498.28821429039291902718265729246913109510,1.0,0.0,-2048,2053,-2048
1.2.826.0.1.3680043.8.498.10077108087009955586144859725246456654,1.2.826.0.1.3680043.8.498.12266633994987653675933635150110402475,1.0,0.0,-2048,3295,-2048
1.2.826.0.1.3680043.8.498.10095912539619532839962135126795591815,1.2.826.0.1.3680043.8.498.11055636149336572109028703043624909201,1.0,0.0,-2048,1697,-2048
1.2.826.0.1.3680043.8.498.85903550585118687381142058977043018521,1.2.826.0.1.3680043.8.498.89907839926431548816937727309562775571,1.0,0.0,-2048,1987,-2048
1.2.826.0.1.3680043.8.498.12149576118495606299683160138476587465,1.2.826.0.1.3680043.8.498.67532647200329881511513794231874496166,1.0,0.0,-2048,1978,-2048
1.2.826.0.1.3680043.8.498.10133805409448598100180344093077653742,1.2.826.0.1.3680043.8.498.36400433423389756361065295526919731370,1.0,0.0,-2048,2148,-2048
1.2.826.0.1.3680043.8.498.63366322873130473588246353790602273365,1.2.826.0.1.3680043.8.498.10452119190312893230141969840819776913,1.0,0.0,-2048,1673,-2048
1.2.826.0.1.3680043.8.498.98383259048464810068980318968150616903,1.2.826.0.1.3680043.8.498.10917996709143416404159434016621922571,1.0,0.0,-2048,1909,-2048
1.2.826.0.1.3680043.8.498.62627276909135443119003306904379780742,1.2.826.0.1.3680043.8.498.10622419450413330414840391296227387687,1.0,0.0,-2048,1669,-2048
1.2.826.0.1.3680043.8.498.10143240284902513794767720489625125957,1.2.826.0.1.3680043.8.498.77238922582709988246272778400362218752,1.0,0.0,-2048,1897,-2048
1.2.826.0.1.3680043.8.498.98233336366460896872714349461515659061,1.2.826.0.1.3680043.8.498.62891984802230411860869252311967544332,1.0,0.0,-2048,1969,-2048
1.2.826.0.1.3680043.8.498.98123758735027035609698227781754927939,1.2.826.0.1.3680043.8.498.11153706903117342883245244334839490067,1.0,0.0,-2048,1931,-2048
1.2.826.0.1.3680043.8.498.98123758735027035609698227781754927939,1.2.826.0.1.3680043.8.498.63762271640278600611104307996005591834,1.0,0.0,-2048,1938,-2048
1.2.826.0.1.3680043.8.498.97883653588668471699067059883730676269,1.2.826.0.1.3680043.8.498.44356094729765824019202825426503220208,1.0,0.0,-2048,1817,-2048
1.2.826.0.1.3680043.8.498.12140455131248066497632485642004879217,1.2.826.0.1.3680043.8.498.59228680353197980953427968151210704909,1.0,0.0,-2048,2119,-2048
1.2.826.0.1.3680043.8.498.59945860374739562788975869275435840740,1.2.826.0.1.3680043.8.498.60251545519756552658492295939276966205,1.0,0.0,-2048,2034,-2048
1.2.826.0.1.3680043.8.498.84981725244903448679332760533341510620,1.2.826.0.1.3680043.8.498.19437169066220621539836735226648691893,1.0,0.0,-2048,1986,-2048
1.2.826.0.1.3680043.8.498.11813421516659033221303340555469475669,1.2.826.0.1.3680043.8.498.74049410946486229933614603177358046766,1.0,0.0,-2048,1907,-2048
1.2.826.0.1.3680043.8.498.10760644681012726742070280772751417129,1.2.826.0.1.3680043.8.498.84270856419223040680709667294860110637,1.0,0.0,-2048,421,-2048
1.2.826.0.1.3680043.8.498.11813421516659033221303340555469475669,1.2.826.0.1.3680043.8.498.54539846296767843360284974236673162451,1.0,0.0,-2048,1934,-2048
1.2.826.0.1.3680043.8.498.60670218048819498377792714090864644130,1.2.826.0.1.3680043.8.498.10617620596175298837971339665636130152,1.0,0.0,-2048,1871,-2048
1.2.826.0.1.3680043.8.498.65654303333996310125136982540737772052,1.2.826.0.1.3680043.8.498.12396930547872420931440432475655311631,1.0,0.0,-2048,1714,-2048
1.2.826.0.1.3680043.8.498.82291720577563118704045189857045781368,1.2.826.0.1.3680043.8.498.74734066754833041550485869479178639738,1.0,0.0,-2048,2134,-2048
1.2.826.0.1.3680043.8.498.97107651418857846657194825329545320800,1.2.826.0.1.3680043.8.498.67184707223814454537634366793387376106,1.0,0.0,-2048,2247,-2048
1.2.826.0.1.3680043.8.498.10579235299209582351584770609917611683,1.2.826.0.1.3680043.8.498.48895473217042462223662117611999731934,1.0,0.0,-2048,1840,-2048
1.2.826.0.1.3680043.8.498.10624923817867514790723147290420763190,1.2.826.0.1.3680043.8.498.68578567649750459064736819377570480079,1.0,0.0,-2048,2005,-2048
1.2.826.0.1.3680043.8.498.10603321067992496978932502160661673268,1.2.826.0.1.3680043.8.498.46546299230498892201063080673910592618,1.0,0.0,-2048,1653,-2048
1.2.826.0.1.3680043.8.498.10602156717395509282545203380100998253,1.2.826.0.1.3680043.8.498.12933644527005268338535967503845096317,1.0,0.0,-2048,1971,-2048
1.2.826.0.1.3680043.8.498.10602156717395509282545203380100998253,1.2.826.0.1.3680043.8.498.50109132199445951854133683565774892169,1.0,0.0,-2048,1796,-2048
1.2.826.0.1.3680043.8.498.90272546526306161811446757328579665073,1.2.826.0.1.3680043.8.498.95586083282150382356374884557314978292,1.0,0.0,-2048,1960,-2048
1.2.826.0.1.3680043.8.498.90566551961568397765843574213999612104,1.2.826.0.1.3680043.8.498.10948532061400028373460395111449627317,1.0,0.0,-2048,2118,-2048
1.2.826.0.1.3680043.8.498.79099213587801933936080747802403048718,1.2.826.0.1.3680043.8.498.78941303138218679703363193905244900006,1.0,0.0,-2048,1838,-2048
1.2.826.0.1.3680043.8.498.84508266396934302763358408417044252870,1.2.826.0.1.3680043.8.498.94447008802680617136889205141452994349,1.0,0.0,-2048,1859,-2048
1.2.826.0.1.3680043.8.498.78930714044772158564004262491729921493,1.2.826.0.1.3680043.8.498.81959630200697272119614290696904066488,1.0,0.0,-2048,1736,-2048
1.2.826.0.1.3680043.8.498.90995727300579452640236411462040049910,1.2.826.0.1.3680043.8.498.15846971269199034073708041508445139460,1.0,0.0,-2048,1727,-2048
1.2.826.0.1.3680043.8.498.91047676047753956508746688595638730313,1.2.826.0.1.3680043.8.498.51664378391006351829050504675052457393,1.0,0.0,-2048,1676,-2048
1.2.826.0.1.3680043.8.498.91071025028740743009862270556438437091,1.2.826.0.1.3680043.8.498.12274368936750551926865992595370218802,1.0,0.0,-2048,1922,-2048
1.2.826.0.1.3680043.8.498.91291436640815225043070912555745572931,1.2.826.0.1.3680043.8.498.11762916800839569323005366239255718787,1.0,0.0,-2048,2283,-2048
1.2.826.0.1.3680043.8.498.10950979111755075304347564599831448092,1.2.826.0.1.3680043.8.498.12791504076440390704195056217081653689,1.0,0.0,-2048,511,-2048
1.2.826.0.1.3680043.8.498.82888898520648872460743201529597534381,1.2.826.0.1.3680043.8.498.30644400665005842903038578253674547712,1.0,0.0,-2048,4619,-2048
1.2.826.0.1.3680043.8.498.80048101091444895066772572129871971243,1.2.826.0.1.3680043.8.498.99968654981476320219671999242126245352,1.0,0.0,-2048,2006,-2048
1.2.826.0.1.3680043.8.498.10633029764731181926825032640422192656,1.2.826.0.1.3680043.8.498.25975106341088328342324447389129337397,1.0,0.0,-2048,2238,-2048
1.2.826.0.1.3680043.8.498.11183727176682315478749517774130068307,1.2.826.0.1.3680043.8.498.10439229123803364184945989951216344427,1.0,0.0,-2048,1650,-2048
1.2.826.0.1.3680043.8.498.10633029764731181926825032640422192656,1.2.826.0.1.3680043.8.498.12451889826654706934051560968094172570,1.0,0.0,-2048,1880,-2048
1.2.826.0.1.3680043.8.498.11130135239083036131772836175573057139,1.2.826.0.1.3680043.8.498.12548859414575014989386240094499939572,1.0,0.0,-2048,1955,-2048
1.2.826.0.1.3680043.8.498.10696358651167160191747804018219141567,1.2.826.0.1.3680043.8.498.47022857932133188382266896339679916652,1.0,0.0,-2048,1816,-2048
1.2.826.0.1.3680043.8.498.11130135239083036131772836175573057139,1.2.826.0.1.3680043.8.498.19191911928895831143152781934404712924,1.0,0.0,-2048,1963,-2048
1.2.826.0.1.3680043.8.498.81181812554261337166445969981198673971,1.2.826.0.1.3680043.8.498.60930339394690196418032934257162494967,1.0,0.0,-2048,2128,-2048
1.2.826.0.1.3680043.8.498.81099705736343369714204623210313417068,1.2.826.0.1.3680043.8.498.43852241247725558641400941736750272388,1.0,0.0,-2048,1991,-2048
1.2.826.0.1.3680043.8.498.11130135239083036131772836175573057139,1.2.826.0.1.3680043.8.498.97518283531414123575587174982358140949,1.0,0.0,-2048,1949,-2048
1.2.826.0.1.3680043.8.498.10709122041211146675577757495858945293,1.2.826.0.1.3680043.8.498.79682058723788250903933595065220039973,1.0,0.0,-2048,1935,-2048
1.2.826.0.1.3680043.8.498.80474931434548727772077938189277312227,1.2.826.0.1.3680043.8.498.23607879273148368923664339332130405909,1.0,0.0,-2048,1823,-2048
1.2.826.0.1.3680043.8.498.82379876916760144680802744115172038920,1.2.826.0.1.3680043.8.498.46774285348784283417200576689777371643,1.0,0.0,-2048,1744,-2048
1.2.826.0.1.3680043.8.498.89174909942768187788893896137949794806,1.2.826.0.1.3680043.8.498.12912748424827894693461188830766043730,1.0,0.0,-2048,2192,-2048
1.2.826.0.1.3680043.8.498.11038636852681039246443401046449812061,1.2.826.0.1.3680043.8.498.82722337081843740021513583520357807245,1.0,0.0,-2048,1920,-2048
1.2.826.0.1.3680043.8.498.10633029764731181926825032640422192656,1.2.826.0.1.3680043.8.498.12451889826654706934051560968094172570,1.0,0.0,-2048,1880,-2048
1.2.826.0.1.3680043.8.498.10484809454170799749997508580496517686,1.2.826.0.1.3680043.8.498.51061254376306738251351579074933812183,1.0,-1024.0,-2048,1587,-2048
1.2.826.0.1.3680043.8.498.92273881219564445904813475221795009966,1.2.826.0.1.3680043.8.498.25216278815174357783292019255361468492,1.0,0.0,-2048,1677,-2048
1.2.826.0.1.3680043.8.498.94364139789009021146139784146186376400,1.2.826.0.1.3680043.8.498.48628746602949268754169511381577246048,1.0,0.0,-2048,1889,-2048
1.2.826.0.1.3680043.8.498.11479005683427488583403034382744140003,1.2.826.0.1.3680043.8.498.62645406114446285342506025078022702658,1.0,0.0,-2048,2301,-2048
1.2.826.0.1.3680043.8.498.73728841197255865514260367549970557320,1.2.826.0.1.3680043.8.498.63443200805768967503779923405390135525,1.0,0.0,-2048,3139,-2048
1.2.826.0.1.3680043.8.498.88313683014657652382491906806980693662,1.2.826.0.1.3680043.8.498.11134614040595295025702345529206982283,1.0,0.0,-2048,1707,-2048
1.2.826.0.1.3680043.8.498.95278008053693596859349026503072885588,1.2.826.0.1.3680043.8.498.98964205920369548516888362770121601572,1.0,0.0,-2048,2030,-2048
1.2.826.0.1.3680043.8.498.95444010698528398142087435192247098070,1.2.826.0.1.3680043.8.498.83618490409787969344040898076157380399,1.0,0.0,-2048,3597,-2048
1.2.826.0.1.3680043.8.498.87716964627763925393689510568869137910,1.2.826.0.1.3680043.8.498.80828144692990226709819271952532350084,1.0,0.0,-2048,1995,-2048
1.2.826.0.1.3680043.8.498.10929608782694347957516071062422315982,1.2.826.0.1.3680043.8.498.47442570015445047475275863575190280773,1.0,0.0,-2048,2031,-2048
1.2.826.0.1.3680043.8.498.96218477847514569819859044953648183121,1.2.826.0.1.3680043.8.498.25670435319371022663452826668909722885,1.0,0.0,-2048,1642,-2048
1.2.826.0.1.3680043.8.498.84508266396934302763358408417044252870,1.2.826.0.1.3680043.8.498.11812434003248813006783932397957039124,1.0,0.0,-2048,1837,-2048
1.2.826.0.1.3680043.8.498.70607332980669994509884163881189930732,1.2.826.0.1.3680043.8.498.97677209335898328868889519901410145738,1.0,0.0,-2048,4853,-2048
1.2.826.0.1.3680043.8.498.11655725595268673512880668156523035858,1.2.826.0.1.3680043.8.498.47737871033086506917928130847605900629,1.0,0.0,-2048,2301,-2048
1.2.826.0.1.3680043.8.498.70243202242722756546202582478829903758,1.2.826.0.1.3680043.8.498.12167192800406222481509842020479868266,1.0,0.0,-2048,2467,-2048
1.2.826.0.1.3680043.8.498.10177117050965285724806213067235546942,1.2.826.0.1.3680043.8.498.30973088189094144632816822770124889926,1.0,0.0,-2048,2361,-2048
1.2.826.0.1.3680043.8.498.10172626607552095496094268567506878754,1.2.826.0.1.3680043.8.498.60076822750301682237530479686872919700,1.0,0.0,-2048,2274,-2048
1.2.826.0.1.3680043.8.498.69401690945645968072368812538918487252,1.2.826.0.1.3680043.8.498.90080126848786099872101828667563666850,1.0,0.0,-2048,1886,-2048
1.2.826.0.1.3680043.8.498.11479005683427488583403034382744140003,1.2.826.0.1.3680043.8.498.10294677983293662528959439300817530669,1.0,0.0,-2048,2336,-2048
1.2.826.0.1.3680043.8.498.11431853092322033942451801825977553068,1.2.826.0.1.3680043.8.498.85976316058584175026734161531239955212,1.0,0.0,-2048,2360,-2048
1.2.826.0.1.3680043.8.498.11310301359106918904455055666656942876,1.2.826.0.1.3680043.8.498.21862143350038949330904952952416871545,1.0,0.0,-2048,1979,-2048
1.2.826.0.1.3680043.8.498.11431853092322033942451801825977553068,1.2.826.0.1.3680043.8.498.11461772913265952457212343763244435183,1.0,0.0,-2048,2147,-2048
1.2.826.0.1.3680043.8.498.77304461552507049962252245022481515438,1.2.826.0.1.3680043.8.498.13322938012863118760515766009001178050,1.0,0.0,-2048,1958,-2048
1.2.826.0.1.3680043.8.498.77304461552507049962252245022481515438,1.2.826.0.1.3680043.8.498.61482558188814588082729600860972227716,1.0,0.0,-2048,2067,-2048
1.2.826.0.1.3680043.8.498.11357779255198885972476959541890429172,1.2.826.0.1.3680043.8.498.12154704239299566057650227979920052668,1.0,0.0,-2048,3531,-2048
1.2.826.0.1.3680043.8.498.10850890063834444399767634780676036431,1.2.826.0.1.3680043.8.498.31137311402576680902865679969800404589,1.0,0.0,-2048,2094,-2048
1.2.826.0.1.3680043.8.498.76946194332592383444171229563284223555,1.2.826.0.1.3680043.8.498.88273106747659886796747227961055414140,1.0,0.0,-2048,1877,-2048
1.2.826.0.1.3680043.8.498.92666467590009683986986119743703745308,1.2.826.0.1.3680043.8.498.98406114357389619962054305645066083775,1.0,0.0,-2048,2227,-2048
1.2.826.0.1.3680043.8.498.75798029534455454939797323020706657426,1.2.826.0.1.3680043.8.498.64127315637867388053478113884575398262,1.0,0.0,-2048,1939,-2048
1.2.826.0.1.3680043.8.498.75798029534455454939797323020706657426,1.2.826.0.1.3680043.8.498.64127315637867388053478113884575398262,1.0,0.0,-2048,1939,-2048
1.2.826.0.1.3680043.8.498.93116174607004367704735951868342600891,1.2.826.0.1.3680043.8.498.11123665524845226547781387453353217821,1.0,0.0,-2048,2135,-2048
1.2.826.0.1.3680043.8.498.75700532611629703386116638447222235178,1.2.826.0.1.3680043.8.498.11619182501768675328698623219986722039,1.0,0.0,-2048,2089,-2048
1.2.826.0.1.3680043.8.498.10327401654089434788594119044276508319,1.2.826.0.1.3680043.8.498.13344152198098317797180669401283611771,1.0,0.0,-2048,1822,-2048
1.2.826.0.1.3680043.8.498.75330066803964802440390781820333459651,1.2.826.0.1.3680043.8.498.11305441710182295864572604616388877854,1.0,0.0,-2048,1958,-2048
1.2.826.0.1.3680043.8.498.94342988816742498904882294887183173203,1.2.826.0.1.3680043.8.498.13062714630105414212747119772439005487,1.0,0.0,-2048,2078,-2048
1.2.826.0.1.3680043.8.498.75036515679309616086465965888928194201,1.2.826.0.1.3680043.8.498.39574760791627335163573580117041187908,1.0,-1024.0,-2048,1748,-2048
1.2.826.0.1.3680043.8.498.94342988816742498904882294887183173203,1.2.826.0.1.3680043.8.498.33381270889658145776859578841893645033,1.0,0.0,-2048,2012,-2048
1.2.826.0.1.3680043.8.498.86149014581682861891364572658998479309,1.2.826.0.1.3680043.8.498.41157710247538241888285467512187943548,1.0,0.0,-2048,2388,-2048
1.2.826.0.1.3680043.8.498.59481204824756041518715405071307076915,1.2.826.0.1.3680043.8.498.25528856085415147658614224007469226850,1.0,0.0,-2048,1800,-2048
1.2.826.0.1.3680043.8.498.36422597512838433001692454287861510870,1.2.826.0.1.3680043.8.498.92487904526449116774142926579920314838,1.0,0.0,-2048,1845,-2048
1.2.826.0.1.3680043.8.498.34465266180439097096790264514445922423,1.2.826.0.1.3680043.8.498.89300114938144228312015972948393238356,1.0,0.0,-2048,1960,-2048
1.2.826.0.1.3680043.8.498.28889602120019241480489307609889359343,1.2.826.0.1.3680043.8.498.88627135691897664580400188150074954111,1.0,0.0,-2048,2484,-2048
1.2.826.0.1.3680043.8.498.50337481571198537291354578460108484771,1.2.826.0.1.3680043.8.498.78181210354451685466499987818001815997,1.0,0.0,-2048,2110,-2048
1.2.826.0.1.3680043.8.498.29227115601031256309596555556938419090,1.2.826.0.1.3680043.8.498.40021545037548281545724053578920991231,1.0,0.0,-2048,2237,-2048
1.2.826.0.1.3680043.8.498.33962452321252043480144464093619745714,1.2.826.0.1.3680043.8.498.10545391659886079187282576682205497199,1.0,0.0,-2048,1798,-2048
1.2.826.0.1.3680043.8.498.49718418682238683779854914910561017368,1.2.826.0.1.3680043.8.498.12120224054426284869858011307607086080,1.0,0.0,-2048,1795,-2048
1.2.826.0.1.3680043.8.498.12852569019276094295791857301592992390,1.2.826.0.1.3680043.8.498.10698950259844747933821611040248033942,1.0,0.0,-2048,1751,-2048
1.2.826.0.1.3680043.8.498.40600103036208609068517368347708720780,1.2.826.0.1.3680043.8.498.74375218682183651871449855705717084758,1.0,0.0,-2048,1935,-2048
1.2.826.0.1.3680043.8.498.49628117859593196225150487757795905912,1.2.826.0.1.3680043.8.498.86433719465928079997526363594486396991,1.0,0.0,-2048,1861,-2048
1.2.826.0.1.3680043.8.498.49628117859593196225150487757795905912,1.2.826.0.1.3680043.8.498.63462513618453804097802858813769922129,1.0,0.0,-2048,1961,-2048
1.2.826.0.1.3680043.8.498.13509994424297315734938688254817471125,1.2.826.0.1.3680043.8.498.11056861774338020369449625236096884704,1.0,0.0,-2048,1929,-2048
1.2.826.0.1.3680043.8.498.13220934015855999653214593699653129002,1.2.826.0.1.3680043.8.498.84502002946760958265387497958499145427,1.0,0.0,-2048,1709,-2048
1.2.826.0.1.3680043.8.498.16264203257805239151066466721416953122,1.2.826.0.1.3680043.8.498.62946385682000248307149167454284766979,1.0,0.0,-2048,2178,-2048
1.2.826.0.1.3680043.8.498.14581342080609707401191521695912060804,1.2.826.0.1.3680043.8.498.11893246569466123180542960824641267914,1.0,0.0,-2048,1935,-2048
1.2.826.0.1.3680043.8.498.15960284164796785745848446638296753190,1.2.826.0.1.3680043.8.498.67673391312245306785104706040097172433,1.0,0.0,-2048,2856,-2048
1.2.826.0.1.3680043.8.498.30569516148185478679375842878113330614,1.2.826.0.1.3680043.8.498.98347625611953085000566910388810408217,1.0,0.0,-2048,1740,-2048
1.2.826.0.1.3680043.8.498.30631342727353967018424085883879244692,1.2.826.0.1.3680043.8.498.38012326466982191173947973905061586294,1.0,0.0,-2048,1996,-2048
1.2.826.0.1.3680043.8.498.12802999673402957279087791178667608096,1.2.826.0.1.3680043.8.498.90822256529752502069012076977022770300,1.0,0.0,-2048,1958,-2048
1.2.826.0.1.3680043.8.498.12797331480404837909944833408241341668,1.2.826.0.1.3680043.8.498.68637826563815239867964690036420524165,1.0,0.0,-2048,1671,-2048
1.2.826.0.1.3680043.8.498.34034932303198175274226488794796174698,1.2.826.0.1.3680043.8.498.11825634707865377427247604454487295899,1.0,0.0,-2048,1864,-2048
1.2.826.0.1.3680043.8.498.52363954882447190271251269039176558430,1.2.826.0.1.3680043.8.498.51144608687590097599404828043878939744,1.0,0.0,-2048,2211,-2048
1.2.826.0.1.3680043.8.498.52363954882447190271251269039176558430,1.2.826.0.1.3680043.8.498.25704136491953389991324569512138261675,1.0,0.0,-2048,2016,-2048
1.2.826.0.1.3680043.8.498.52363954882447190271251269039176558430,1.2.826.0.1.3680043.8.498.10203947660516610435169665374324788717,1.0,0.0,-2048,2318,-2048
1.2.826.0.1.3680043.8.498.32553202878256925175519233348594534897,1.2.826.0.1.3680043.8.498.11531295351688878578713802988523767692,1.0,0.0,-2048,1806,-2048
1.2.826.0.1.3680043.8.498.27917259540088420376768198748352773026,1.2.826.0.1.3680043.8.498.37172346343515317468258104702522798538,1.0,0.0,-2048,1910,-2048
1.2.826.0.1.3680043.8.498.27917259540088420376768198748352773026,1.2.826.0.1.3680043.8.498.40070826744455082842099934143049397428,1.0,0.0,-2048,2348,-2048
1.2.826.0.1.3680043.8.498.39640919070091958876744231048011388614,1.2.826.0.1.3680043.8.498.73922869926815108680082897176387092867,1.0,0.0,-2048,2115,-2048
1.2.826.0.1.3680043.8.498.34090018947160411624684847772914102292,1.2.826.0.1.3680043.8.498.11378035326339375392506287487446047057,1.0,0.0,-2048,2470,-2048
1.2.826.0.1.3680043.8.498.34465266180439097096790264514445922423,1.2.826.0.1.3680043.8.498.81325657347529928292370343062917377630,1.0,0.0,-2048,2264,-2048
1.2.826.0.1.3680043.8.498.51607560131782968782390517518922802437,1.2.826.0.1.3680043.8.498.10635841984513207642621132541753649621,1.0,0.0,-2048,2221,-2048
1.2.826.0.1.3680043.8.498.51443014477247944523402958716070131562,1.2.826.0.1.3680043.8.498.60353544008225312943524019807498402061,1.0,0.0,-2048,2190,-2048
1.2.826.0.1.3680043.8.498.51443014477247944523402958716070131562,1.2.826.0.1.3680043.8.498.90876201179672328324660829504369157204,1.0,0.0,-2048,2200,-2048
1.2.826.0.1.3680043.8.498.50462346896825686194809696037436442493,1.2.826.0.1.3680043.8.498.27431148624103109337295455175149527686,1.0,0.0,-2048,1662,-2048
1.2.826.0.1.3680043.8.498.34090018947160411624684847772914102292,1.2.826.0.1.3680043.8.498.11003240744249473586752745389749644673,1.0,0.0,-2048,2314,-2048
1.2.826.0.1.3680043.8.498.39640919070091958876744231048011388614,1.2.826.0.1.3680043.8.498.18458610576013839258744392316952422218,1.0,0.0,-2048,2136,-2048
1.2.826.0.1.3680043.8.498.41124032812585840925029775356873688798,1.2.826.0.1.3680043.8.498.81084348807925419005617466559811240586,1.0,0.0,-2048,1931,-2048
1.2.826.0.1.3680043.8.498.15863821282460385925473127009132706891,1.2.826.0.1.3680043.8.498.84114100034916830376841596131763238926,1.0,0.0,-2048,2200,-2048
1.2.826.0.1.3680043.8.498.15847980512533357707448321523314296455,1.2.826.0.1.3680043.8.498.51970752196484413279914797767852574820,1.0,0.0,-2048,1960,-2048
1.2.826.0.1.3680043.8.498.15589683801998019635065357085601198783,1.2.826.0.1.3680043.8.498.12194921837688267794953108741916888336,1.0,-1024.0,-2048,1996,-2048
1.2.826.0.1.3680043.8.498.46816863046401626630171510930377063530,1.2.826.0.1.3680043.8.498.92111761693191651098575450865438502235,1.0,0.0,-2048,1943,-2048
1.2.826.0.1.3680043.8.498.15111820005882064793593034423469604305,1.2.826.0.1.3680043.8.498.11893088456411652746807648034189071263,1.0,0.0,-2048,1862,-2048
1.2.826.0.1.3680043.8.498.46724785602222257486077531035101945263,1.2.826.0.1.3680043.8.498.11146266235461970969630694372963175662,1.0,0.0,-2048,2009,-2048
1.2.826.0.1.3680043.8.498.46532404637743026850058394297074115571,1.2.826.0.1.3680043.8.498.73151240719071948469077049432984586692,1.0,0.0,-2048,1796,-2048
1.2.826.0.1.3680043.8.498.46532404637743026850058394297074115571,1.2.826.0.1.3680043.8.498.12678496088127142905080155574166604743,1.0,0.0,-2048,1839,-2048
1.2.826.0.1.3680043.8.498.46462519342058199786903141190024113863,1.2.826.0.1.3680043.8.498.11652241990331755711424601941420478672,1.0,0.0,-2048,2000,-2048
1.2.826.0.1.3680043.8.498.46019842822001510113829525162960413136,1.2.826.0.1.3680043.8.498.42714224825591013284569839877257368604,1.0,0.0,-2048,2202,-2048
1.2.826.0.1.3680043.8.498.15419972815511831925559855019955606569,1.2.826.0.1.3680043.8.498.12438986657006440449082370795455483090,1.0,0.0,-2048,2203,-2048
1.2.826.0.1.3680043.8.498.46816863046401626630171510930377063530,1.2.826.0.1.3680043.8.498.89771652462603676033030575878161349858,1.0,0.0,-2048,2009,-2048
1.2.826.0.1.3680043.8.498.44955240220590456528677037060420454501,1.2.826.0.1.3680043.8.498.42175657802934935459134511394320056180,1.0,0.0,-2048,2069,-2048
1.2.826.0.1.3680043.8.498.32304920300806920488774636207397309641,1.2.826.0.1.3680043.8.498.12445694560081390122833144197425694289,1.0,0.0,-2048,1638,-2048
1.2.826.0.1.3680043.8.498.32304920300806920488774636207397309641,1.2.826.0.1.3680043.8.498.98120201314962038929834452994575037728,1.0,0.0,-2048,1693,-2048
1.2.826.0.1.3680043.8.498.32473306210009850217378952393664106813,1.2.826.0.1.3680043.8.498.87468330761858545376783769844187596476,1.0,0.0,-2048,1916,-2048
1.2.826.0.1.3680043.8.498.32507747616527258750318970191542371903,1.2.826.0.1.3680043.8.498.10370313667349287253972960041559204693,1.0,0.0,-2048,277,-2048
1.2.826.0.1.3680043.8.498.13016754871983714150939202322730205882,1.2.826.0.1.3680043.8.498.51970902985490216780325174624395222364,1.0,0.0,-2048,1778,-2048
1.2.826.0.1.3680043.8.498.43437991994638527107583667193531955426,1.2.826.0.1.3680043.8.498.49281499030397024758292158450641025957,1.0,0.0,-2048,2003,-2048
1.2.826.0.1.3680043.8.498.15647044072987891586275255182142943578,1.2.826.0.1.3680043.8.498.24079750725465236456549067671465450472,1.0,0.0,-2048,2283,-2048
1.2.826.0.1.3680043.8.498.12888459003897616398890411591973176636,1.2.826.0.1.3680043.8.498.42511180383217897875744949187221534031,1.0,0.0,-2048,1847,-2048
1.2.826.0.1.3680043.8.498.47947992314768080077926973853227607022,1.2.826.0.1.3680043.8.498.50819697748605847130108389541402085061,1.0,0.0,-2048,2142,-2048
1.2.826.0.1.3680043.8.498.48950393837992602539743929129044967055,1.2.826.0.1.3680043.8.498.12774805992989426566991003974963480242,1.0,0.0,-2048,4094,-2048
1.2.826.0.1.3680043.8.498.13156406346987981587011481688257126658,1.2.826.0.1.3680043.8.498.61285740043015248350243228650661577459,1.0,0.0,-2048,2143,-2048
1.2.826.0.1.3680043.8.498.15647044072987891586275255182142943578,1.2.826.0.1.3680043.8.498.11509314889918411194451851626344600556,1.0,0.0,-2048,2307,-2048
1.2.826.0.1.3680043.8.498.12898332622076283462996059479076432725,1.2.826.0.1.3680043.8.498.10685260642037728499621134462764299337,1.0,0.0,-2048,2463,-2048
1.2.826.0.1.3680043.8.498.42092450058597943280470345107435382425,1.2.826.0.1.3680043.8.498.64589949470204111028658880216616614424,1.0,-1024.0,-2048,1897,-2048
1.2.826.0.1.3680043.8.498.47140883945372254726436896232489508705,1.2.826.0.1.3680043.8.498.65142075532347223659835911698959436476,1.0,0.0,-2048,1617,-2048
1.2.826.0.1.3680043.8.498.42933230680553480084056393591634621848,1.2.826.0.1.3680043.8.498.90578117743717046644133555687966332926,1.0,0.0,-2048,1930,-2048
1.2.826.0.1.3680043.8.498.12904246053955178641505906243733756576,1.2.826.0.1.3680043.8.498.85721750901597932715157416901165658191,1.0,0.0,-2048,1941,-2048
1.2.826.0.1.3680043.8.498.14931506052513895350734638291349335264,1.2.826.0.1.3680043.8.498.44723115462677130017884869274263150064,1.0,0.0,-2048,1844,-2048
1.2.826.0.1.3680043.8.498.12931684992160546683888810615414490126,1.2.826.0.1.3680043.8.498.88708998370202389596192717142854584881,1.0,0.0,-2048,1889,-2048
1.2.826.0.1.3680043.8.498.31897325247898403027455884342546675049,1.2.826.0.1.3680043.8.498.11321157615365653313714347295233954166,1.0,-1024.0,-2048,1631,-2048
1.2.826.0.1.3680043.8.498.47179992217619016008614968004097429266,1.2.826.0.1.3680043.8.498.14403867368549084951262136903706576743,1.0,0.0,-2048,1810,-2048
1.2.826.0.1.3680043.8.498.14111214863682966502456332484471880656,1.2.826.0.1.3680043.8.498.30907571687749884567261990788203481727,1.0,0.0,-2048,1767,-2048
1.2.826.0.1.3680043.8.498.56188383184149183204095060042155448805,1.2.826.0.1.3680043.8.498.48444362761957490703159338632732001494,1.0,0.0,-2048,1989,-2048
1.2.826.0.1.3680043.8.498.13357449270526786778229685454362408924,1.2.826.0.1.3680043.8.498.24292950584531986434431080639249271185,1.0,0.0,-2048,1949,-2048
1.2.826.0.1.3680043.8.498.56808088235832746829129175263385594607,1.2.826.0.1.3680043.8.498.41388158383883523748485965251354319016,1.0,0.0,-2048,1911,-2048
1.2.826.0.1.3680043.8.498.56723402161213716214762609303844302547,1.2.826.0.1.3680043.8.498.51598605563507429153538115304501635240,1.0,0.0,-2048,1818,-2048
1.2.826.0.1.3680043.8.498.12336689675737538509416135992757448905,1.2.826.0.1.3680043.8.498.60899700651869636472333059284746697623,1.0,0.0,-2048,1803,-2048
1.2.826.0.1.3680043.8.498.18609406899426492232590987262144127186,1.2.826.0.1.3680043.8.498.40796966074367349573908406654652218043,1.0,0.0,-2048,1934,-2048
1.2.826.0.1.3680043.8.498.13357449270526786778229685454362408924,1.2.826.0.1.3680043.8.498.13116694832433662446978258080040384182,1.0,0.0,-2048,2006,-2048
1.2.826.0.1.3680043.8.498.56327521898715091984887130939499740321,1.2.826.0.1.3680043.8.498.39743885076685325813785865373781018836,1.0,0.0,-2048,1882,-2048
1.2.826.0.1.3680043.8.498.13356186260698881064277219944045916772,1.2.826.0.1.3680043.8.498.11521592472382745553437775151536754222,1.0,0.0,-2048,2372,-2048
1.2.826.0.1.3680043.8.498.37922917666824358838036846792620860259,1.2.826.0.1.3680043.8.498.54456086042061802123910083185071958561,1.0,0.0,-2048,2016,-2048
1.2.826.0.1.3680043.8.498.18104210064643499679227934964732332498,1.2.826.0.1.3680043.8.498.23636943458309721674360419907686039931,1.0,0.0,-2048,495,-2048
1.2.826.0.1.3680043.8.498.12416614428246579915511841892673218446,1.2.826.0.1.3680043.8.498.71850086285630990233653205875223674985,1.0,0.0,-2048,2190,-2048
1.2.826.0.1.3680043.8.498.17924330348418392312092047701892858971,1.2.826.0.1.3680043.8.498.10252003480914417481328285646365294843,1.0,0.0,-2048,1879,-2048
1.2.826.0.1.3680043.8.498.24668113583968943733197242735158446195,1.2.826.0.1.3680043.8.498.22976375643134071932716942350239259865,1.0,0.0,-2048,1936,-2048
1.2.826.0.1.3680043.8.498.14095224548874666070890244976983269889,1.2.826.0.1.3680043.8.498.66194821712425548395436104626635874676,1.0,0.0,-2048,1673,-2048
1.2.826.0.1.3680043.8.498.24714190859104016908604096582229844705,1.2.826.0.1.3680043.8.498.80256485807079870403944121304140460088,1.0,0.0,-2048,1923,-2048
1.2.826.0.1.3680043.8.498.23745303490352683267715898833247160117,1.2.826.0.1.3680043.8.498.97524760695818975306751637770658442965,1.0,0.0,-2048,1704,-2048
1.2.826.0.1.3680043.8.498.17924330348418392312092047701892858971,1.2.826.0.1.3680043.8.498.35416063888249959510788835917895966844,1.0,0.0,-2048,1882,-2048
1.2.826.0.1.3680043.8.498.36779045036166094717913148626029695562,1.2.826.0.1.3680043.8.498.73151503528754315253168526077569551425,1.0,0.0,-2048,2016,-2048
1.2.826.0.1.3680043.8.498.59481204824756041518715405071307076915,1.2.826.0.1.3680043.8.498.11463213037020955707112602686226422366,1.0,0.0,-2048,1709,-2048
1.2.826.0.1.3680043.8.498.19739832631387227431496782822047541308,1.2.826.0.1.3680043.8.498.10788719524772752375304644999830812990,1.0,0.0,-2048,1927,-2048
1.2.826.0.1.3680043.8.498.20768824138507038199284263183420333636,1.2.826.0.1.3680043.8.498.46070355819770827439379397870159959569,1.0,0.0,-2048,1770,-2048
1.2.826.0.1.3680043.8.498.20768824138507038199284263183420333636,1.2.826.0.1.3680043.8.498.10600991940643029643618727996346324481,1.0,0.0,-2048,1785,-2048
1.2.826.0.1.3680043.8.498.12226380705607315060235896835122737788,1.2.826.0.1.3680043.8.498.12167738937488518871885355497029533133,1.0,-1024.0,-2048,1877,-2048
1.2.826.0.1.3680043.8.498.58839417089022860359638460482101293080,1.2.826.0.1.3680043.8.498.41416999537084550496385958908577510600,1.0,0.0,-2048,2173,-2048
1.2.826.0.1.3680043.8.498.19361046961627711324239518325020420806,1.2.826.0.1.3680043.8.498.11457805634427348840983448090926778030,1.0,0.0,-2048,2896,-2048
1.2.826.0.1.3680043.8.498.58611233316672173480399067136043036711,1.2.826.0.1.3680043.8.498.88096457862570314744680296939549862389,1.0,-1024.0,-2048,2140,-2048
1.2.826.0.1.3680043.8.498.23095946961560188645276568281257167503,1.2.826.0.1.3680043.8.498.22580919095923203453321958400779953710,1.0,0.0,-2048,1984,-2048
1.2.826.0.1.3680043.8.498.58611233316672173480399067136043036711,1.2.826.0.1.3680043.8.498.62314115211344796470594809213305889507,1.0,-1024.0,-2048,2136,-2048
1.2.826.0.1.3680043.8.498.21721853636110335079270348386626588293,1.2.826.0.1.3680043.8.498.10970663749683012644820616235503486335,1.0,0.0,-2048,2147,-2048
1.2.826.0.1.3680043.8.498.12272990290286241114754115130402899488,1.2.826.0.1.3680043.8.498.11222499595845474758514208456249663879,1.0,0.0,-2048,2415,-2048
1.2.826.0.1.3680043.8.498.57273096020819966441123339060557462721,1.2.826.0.1.3680043.8.498.10771440886419764916937783543564438243,1.0,0.0,-2048,2420,-2048
1.2.826.0.1.3680043.8.498.21721853636110335079270348386626588293,1.2.826.0.1.3680043.8.498.29666598680810151297158326522624110124,1.0,0.0,-2048,2316,-2048
1.2.826.0.1.3680043.8.498.36214396153174169690333391115798111458,1.2.826.0.1.3680043.8.498.19033681947199135721075346761523880135,1.0,0.0,-2048,1637,-2048
1.2.826.0.1.3680043.8.498.21982310536273258320808209774087969721,1.2.826.0.1.3680043.8.498.65430763588625346114710601963299788293,1.0,0.0,-2048,1961,-2048
1.2.826.0.1.3680043.8.498.13344056746163846087032783578590552560,1.2.826.0.1.3680043.8.498.10538497976842530176670559930229764617,1.0,0.0,-2048,1740,-2048
1.2.826.0.1.3680043.8.498.24668113583968943733197242735158446195,1.2.826.0.1.3680043.8.498.17183625765657735239081277639278077227,1.0,0.0,-2048,2259,-2048
1.2.826.0.1.3680043.8.498.54147016398998885730387711777686660439,1.2.826.0.1.3680043.8.498.12608746888824918991711427544044520335,1.0,0.0,-2048,1857,-2048
1.2.826.0.1.3680043.8.498.12573893572440376626999762163343482617,1.2.826.0.1.3680043.8.498.84173266813149134528290326495903524227,1.0,0.0,-2048,3182,-2048
1.2.826.0.1.3680043.8.498.54505273219907798567882573473568289931,1.2.826.0.1.3680043.8.498.17503769120671108423540368397154186662,1.0,0.0,-2048,1653,-2048
1.2.826.0.1.3680043.8.498.12573893572440376626999762163343482617,1.2.826.0.1.3680043.8.498.90132916765345144499933660924692461900,1.0,0.0,-2048,4710,-2048
1.2.826.0.1.3680043.8.498.17344466930828184539487237181093161345,1.2.826.0.1.3680043.8.498.26668404810890946164614022589866889279,1.0,0.0,-2048,1795,-2048
1.2.826.0.1.3680043.8.498.53972120099963092974563736239908025318,1.2.826.0.1.3680043.8.498.10148572262827505774828006936247207521,1.0,0.0,-2048,1669,-2048
1.2.826.0.1.3680043.8.498.53972120099963092974563736239908025318,1.2.826.0.1.3680043.8.498.88571378648082998723696330591965247384,1.0,0.0,-2048,1706,-2048
1.2.826.0.1.3680043.8.498.53972120099963092974563736239908025318,1.2.826.0.1.3680043.8.498.10807924277771583560030682174576043849,1.0,0.0,-2048,1568,-2048
1.2.826.0.1.3680043.8.498.13789305723712362238118274295587312089,1.2.826.0.1.3680043.8.498.10505792272662478090990455823735554927,1.0,0.0,-2048,2071,-2048
1.2.826.0.1.3680043.8.498.27209907242136337170110989538612917302,1.2.826.0.1.3680043.8.498.15766359993230530557789181485202795689,1.0,0.0,-2048,2214,-2048
1.2.826.0.1.3680043.8.498.53861740050010192705434608017335492908,1.2.826.0.1.3680043.8.498.11868945092136669573454243997761278514,1.0,0.0,-2048,2474,-2048
1.2.826.0.1.3680043.8.498.53707916356215393168758031831951155499,1.2.826.0.1.3680043.8.498.25768340494687380876473113030808394570,1.0,0.0,-2048,4566,-2048
1.2.826.0.1.3680043.8.498.35515324857027062239734629776812664200,1.2.826.0.1.3680043.8.498.59367012833067477146688730219983848049,1.0,0.0,-2048,2095,-2048
1.2.826.0.1.3680043.8.498.35327124657045713676192746001247576881,1.2.826.0.1.3680043.8.498.71580491115279096428369307507751473778,1.0,0.0,-2048,1956,-2048
1.2.826.0.1.3680043.8.498.13344056746163846087032783578590552560,1.2.826.0.1.3680043.8.498.10773628250871313378566947920045322928,1.0,0.0,-2048,2333,-2048
1.2.826.0.1.3680043.8.498.44143341052668947842806509831713353107,1.2.826.0.1.3680043.8.498.91070340334376177210763816516882943823,1.0,0.0,-2048,1801,-2048
1.2.826.0.1.3680043.8.498.25450578177985267518257241052715113197,1.2.826.0.1.3680043.8.498.61044995634805375821502312546253452023,1.0,0.0,-2048,1975,-2048
1.2.826.0.1.3680043.8.498.25450578177985267518257241052715113197,1.2.826.0.1.3680043.8.498.50308763822697314453866237115782248355,1.0,0.0,-2048,2367,-2048
1.2.826.0.1.3680043.8.498.55190777977920349777703252344775040307,1.2.826.0.1.3680043.8.498.70271760642065536829362298982564063134,1.0,0.0,-2048,1559,-2048
1.2.826.0.1.3680043.8.498.25450578177985267518257241052715113197,1.2.826.0.1.3680043.8.498.87488468909065423993750010181347035457,1.0,0.0,-2048,2379,-2048
1.2.826.0.1.3680043.8.498.25403980941032925127848462746633637597,1.2.826.0.1.3680043.8.498.25571534841406721743580178267261396442,1.0,0.0,-2048,1983,-2048
1.2.826.0.1.3680043.8.498.35992803762365283189549692915588393937,1.2.826.0.1.3680043.8.498.12669452621867759236958557014075048057,1.0,0.0,-2048,399,-2048
1.2.826.0.1.3680043.8.498.54945937547396809705103978798121765227,1.2.826.0.1.3680043.8.498.14153025193574326262976501517979495335,1.0,0.0,-2048,2065,-2048
1.2.826.0.1.3680043.8.498.54945937547396809705103978798121765227,1.2.826.0.1.3680043.8.498.59966876314017735597420457252968633303,1.0,0.0,-2048,2036,-2048
1.2.826.0.1.3680043.8.498.33289760486670242102741434782311824694,1.2.826.0.1.3680043.8.498.12570987057924314830256352389084141064,1.0,-1024.0,-3024,1847,-3024
1.2.826.0.1.3680043.8.498.14686776434373221087861576614040895859,1.2.826.0.1.3680043.8.498.32410199517710167698668507052361841219,1.0,-1024.0,-3024,1578,-3024
1.2.826.0.1.3680043.8.498.13702598699868724248322050113579569484,1.2.826.0.1.3680043.8.498.61740156039655843166538380333159323033,1.0,-1024.0,-3024,1892,-3024
1.2.826.0.1.3680043.8.498.85294318557369572357373464388392694261,1.2.826.0.1.3680043.8.498.11915693623125198376647663676802259401,1.0,-1024.0,-3024,1882,-3024
1.2.826.0.1.3680043.8.498.59649738901080755732861537901378237650,1.2.826.0.1.3680043.8.498.66839979258588638514060440836411675133,1.0,-1024.0,-3024,2059,-3024
1.2.826.0.1.3680043.8.498.89098780756585302169142795814483802409,1.2.826.0.1.3680043.8.498.63583905267639194126657889140546761343,1.0,-1024.0,-3024,1894,-3024
1.2.826.0.1.3680043.8.498.26016276434325109530127969064828457820,1.2.826.0.1.3680043.8.498.11049706818007466962746818903541078153,1.0,-1024.0,-3024,1926,-3024
1.2.826.0.1.3680043.8.498.28460600708986829727725563239818172663,1.2.826.0.1.3680043.8.498.10905441202341059248189193021468258300,1.0,-1024.0,-3024,1878,-3024
1.2.826.0.1.3680043.8.498.94026830952038221828312805800796164729,1.2.826.0.1.3680043.8.498.42300293091330688511587627934962779980,1.0,-1024.0,-3024,1761,-3024
1.2.826.0.1.3680043.8.498.27757351674699000345645516148153865639,1.2.826.0.1.3680043.8.498.92759398779479003531108609182693827025,1.0,-1024.0,-3024,1342,-3024
1.2.826.0.1.3680043.8.498.27757351674699000345645516148153865639,1.2.826.0.1.3680043.8.498.82850830462597455476719100006234681066,1.0,-1024.0,-3024,1395,-3024
1.2.826.0.1.3680043.8.498.16992353870371380364413892818177269737,1.2.826.0.1.3680043.8.498.21752298849760336598791696392712665385,1.0,-1024.0,-3024,1770,-3024
1.2.826.0.1.3680043.8.498.96138683747867526532359589409705979162,1.2.826.0.1.3680043.8.498.32920395191174843558390552808852405341,1.0,-1024.0,-3024,1582,-3024
1.2.826.0.1.3680043.8.498.96166276715167524815856673299818867684,1.2.826.0.1.3680043.8.498.55727159255053069350627556901807572502,1.0,-1024.0,-3024,1681,-3024
1.2.826.0.1.3680043.8.498.26641112291429663392023953215853460143,1.2.826.0.1.3680043.8.498.11810558500453918756740668729886282233,1.0,-1024.0,-3024,1761,-3024
1.2.826.0.1.3680043.8.498.25018219519691042439148758713536324488,1.2.826.0.1.3680043.8.498.12300707807733276546423240505107849893,1.0,-1024.0,-3024,1894,-3024
1.2.826.0.1.3680043.8.498.24832866380592452694378643210651228305,1.2.826.0.1.3680043.8.498.32806761422740249950100314673393239738,1.0,-1024.0,-3024,1993,-3024
1.2.826.0.1.3680043.8.498.24832866380592452694378643210651228305,1.2.826.0.1.3680043.8.498.22413824197866150079372921900323768112,1.0,-1024.0,-3024,1787,-3024
1.2.826.0.1.3680043.8.498.98638780636952984282720678491674862364,1.2.826.0.1.3680043.8.498.13470735368538184383260183130603695399,1.0,-1024.0,-3024,1858,-3024
1.2.826.0.1.3680043.8.498.22262887372644778052306509076126482017,1.2.826.0.1.3680043.8.498.12501572764276770802886962425109075125,1.0,-1024.0,-3024,1610,-3024
1.2.826.0.1.3680043.8.498.21666801890966359261094968251234100656,1.2.826.0.1.3680043.8.498.10518911343469708401813340362769289450,1.0,-1024.0,-3024,1812,-3024
1.2.826.0.1.3680043.8.498.21396160586381375863650214413445251352,1.2.826.0.1.3680043.8.498.11886565322852349583952071917120340791,1.0,-1024.0,-3024,1974,-3024
1.2.826.0.1.3680043.8.498.20437456160837432229665601233509120948,1.2.826.0.1.3680043.8.498.12107903084579925189372217495170826025,1.0,-1024.0,-3024,3070,-3024
1.2.826.0.1.3680043.8.498.10345349366333570404729603589622961796,1.2.826.0.1.3680043.8.498.49516285059470045297221924289025950598,1.0,-1024.0,-3024,1790,-3024
1.2.826.0.1.3680043.8.498.92861209824393614539258822165758398241,1.2.826.0.1.3680043.8.498.67077986644856856517712658981268485293,1.0,-1024.0,-3024,1805,-3024
1.2.826.0.1.3680043.8.498.10595241703564671248403930084633580071,1.2.826.0.1.3680043.8.498.85077718298745881165856484887152954785,1.0,-1024.0,-3024,1960,-3024
1.2.826.0.1.3680043.8.498.15840650969297006755370764349527706140,1.2.826.0.1.3680043.8.498.12946061640135608078454904642768329112,1.0,-1024.0,-3024,2014,-3024
1.2.826.0.1.3680043.8.498.30922292371593033790307764855862309787,1.2.826.0.1.3680043.8.498.56030335607142450245509369909189931997,1.0,-1024.0,-3024,1827,-3024
1.2.826.0.1.3680043.8.498.10516336661180183966126480937598074106,1.2.826.0.1.3680043.8.498.49340209521618555129518652395312007997,1.0,-1024.0,-3024,1915,-3024
1.2.826.0.1.3680043.8.498.10516336661180183966126480937598074106,1.2.826.0.1.3680043.8.498.63849086198721264060938802777876665843,1.0,-1024.0,-3024,1896,-3024
1.2.826.0.1.3680043.8.498.10487825958668051506624823704251130894,1.2.826.0.1.3680043.8.498.99826270310316038601146280775892979877,1.0,-1024.0,-3024,1681,-3024
1.2.826.0.1.3680043.8.498.92101913700911443938883943365791424414,1.2.826.0.1.3680043.8.498.11040005880406311218412303991550937723,1.0,-1024.0,-3024,1995,-3024
1.2.826.0.1.3680043.8.498.28777938709010542757657482892181983580,1.2.826.0.1.3680043.8.498.10607103846052155839514265882580015373,1.0,-1024.0,-3024,1687,-3024
1.2.826.0.1.3680043.8.498.92677897354993455000733435986544861063,1.2.826.0.1.3680043.8.498.49912442651464095302072563421319821241,1.0,-1024.0,-3024,1797,-3024
1.2.826.0.1.3680043.8.498.16267884127817210874018541612208789002,1.2.826.0.1.3680043.8.498.28873436819633018729138422174339706760,1.0,-1024.0,-3024,1946,-3024
1.2.826.0.1.3680043.8.498.40162665955061223692565879235602422075,1.2.826.0.1.3680043.8.498.10227316143377080252837756742767642577,1.0,-1024.0,-3024,1941,-3024
1.2.826.0.1.3680043.8.498.11699049791915731371701471034441935125,1.2.826.0.1.3680043.8.498.59981525948534778226870563875911205459,1.0,-1024.0,-3024,1808,-3024
1.2.826.0.1.3680043.8.498.11624217734793256238140178687655335066,1.2.826.0.1.3680043.8.498.11279337821835021757859027481197327703,1.0,-1024.0,-3024,1858,-3024
1.2.826.0.1.3680043.8.498.70937513110519158150807702974766517051,1.2.826.0.1.3680043.8.498.12082995392011946692794624827966505614,1.0,-1024.0,-3024,1523,-3024
1.2.826.0.1.3680043.8.498.70937513110519158150807702974766517051,1.2.826.0.1.3680043.8.498.11767413513258863664497712554368527720,1.0,-1024.0,-3024,1534,-3024
1.2.826.0.1.3680043.8.498.51726765738780514986678419415232251750,1.2.826.0.1.3680043.8.498.47624356650465324606447768644096905134,1.0,-1024.0,-3024,1824,-3024
1.2.826.0.1.3680043.8.498.53260135927311502791330894194506122343,1.2.826.0.1.3680043.8.498.31232247978235247439531573568514989409,1.0,-1024.0,-3024,1957,-3024
1.2.826.0.1.3680043.8.498.53260135927311502791330894194506122343,1.2.826.0.1.3680043.8.498.55643094350695309453285438634881846644,1.0,-1024.0,-3024,2020,-3024
1.2.826.0.1.3680043.8.498.11744733695571640332031474471372678966,1.2.826.0.1.3680043.8.498.15684865250645791536804164225021872087,1.0,-1024.0,-3024,2092,-3024
1.2.826.0.1.3680043.8.498.53765828347047740949708716217765934756,1.2.826.0.1.3680043.8.498.12389739425119302158283389069048722273,1.0,-1024.0,-3024,1776,-3024
1.2.826.0.1.3680043.8.498.12578932327180811375280323872998223305,1.2.826.0.1.3680043.8.498.71970663702928970031983909736642834740,1.0,-1024.0,-3024,1647,-3024
1.2.826.0.1.3680043.8.498.11624217734793256238140178687655335066,1.2.826.0.1.3680043.8.498.50526764141860819433843508285816072193,1.0,-1024.0,-3024,1943,-3024
1.2.826.0.1.3680043.8.498.74417951654544052650786285520408384202,1.2.826.0.1.3680043.8.498.52091517594222383226970923608433066392,1.0,-1024.0,-3024,1767,-3024
1.2.826.0.1.3680043.8.498.74390569791112039529514861261033590424,1.2.826.0.1.3680043.8.498.38397260979016430229022318140081143843,1.0,-1024.0,-3024,1688,-3024
1.2.826.0.1.3680043.8.498.11466016618035234391071120016712127446,1.2.826.0.1.3680043.8.498.82251404833290477082909288187629290093,1.0,-1024.0,-3024,5001,-3024
1.2.826.0.1.3680043.8.498.50268462808449401128173812870329002342,1.2.826.0.1.3680043.8.498.73350497646012648661337985361781578733,1.0,-1024.0,-3024,1947,-3024
1.2.826.0.1.3680043.8.498.11517979322982429374724617746876669106,1.2.826.0.1.3680043.8.498.12687270610581492450544646572513841258,1.0,-1024.0,-3024,1906,-3024
1.2.826.0.1.3680043.8.498.72679260079421518845786364620483278827,1.2.826.0.1.3680043.8.498.80487715080002486556649570947529242417,1.0,-1024.0,-3024,1739,-3024
1.2.826.0.1.3680043.8.498.55037011404554315490872133269302987683,1.2.826.0.1.3680043.8.498.51852050443875780059404412134504853367,1.0,-1024.0,-3024,1872,-3024
1.2.826.0.1.3680043.8.498.56373843578914581208956317305275792766,1.2.826.0.1.3680043.8.498.46974210033755917237453815771008625589,1.0,-1024.0,-3024,1781,-3024
1.2.826.0.1.3680043.8.498.12380499709465363493618622668043159616,1.2.826.0.1.3680043.8.498.31971005660281515494210278417923899486,1.0,-1024.0,-3024,1739,-3024
1.2.826.0.1.3680043.8.498.56964038810871813533180359931384508796,1.2.826.0.1.3680043.8.498.73544003580882268458133195146714285979,1.0,-1024.0,-3024,2039,-3024
1.2.826.0.1.3680043.8.498.61152918475243358118286003299125054478,1.2.826.0.1.3680043.8.498.12527743344533905334575066534856521576,1.0,-1024.0,-3024,1857,-3024
1.2.826.0.1.3680043.8.498.58832411696353843084435340279760631511,1.2.826.0.1.3680043.8.498.50309429522701912998833880307251858455,1.0,-1024.0,-3024,1780,-3024
1.2.826.0.1.3680043.8.498.60609803323279143028996742965319647990,1.2.826.0.1.3680043.8.498.28215829193285498599572400424259008629,1.0,-1024.0,-3024,1895,-3024
1.2.826.0.1.3680043.8.498.60441582180187779674962336057470035090,1.2.826.0.1.3680043.8.498.11119573774404749410698747108848201476,1.0,-1024.0,-3024,1864,-3024
1.2.826.0.1.3680043.8.498.60441582180187779674962336057470035090,1.2.826.0.1.3680043.8.498.66692164140009614873065487331982947030,1.0,-1024.0,-3024,1891,-3024
1.2.826.0.1.3680043.8.498.19786820050434312474966619458414521757,1.2.826.0.1.3680043.8.498.68229071282920057768587918439757581486,1.0,-1024.0,-3024,1523,-3024
1.2.826.0.1.3680043.8.498.63285114435969886542201293844266820916,1.2.826.0.1.3680043.8.498.48684111118294767342007395194340844595,1.0,-1024.0,-3024,1821,-3024
1.2.826.0.1.3680043.8.498.63508711985246007430386812723831414180,1.2.826.0.1.3680043.8.498.27670469417094334792011447667891563348,1.0,-1024.0,-3024,1974,-3024
1.2.826.0.1.3680043.8.498.12414676932619115297252555276994688493,1.2.826.0.1.3680043.8.498.66571350679710483707167723940049921568,1.0,-1024.0,-3024,1671,-3024
1.2.826.0.1.3680043.8.498.12447797975778424066887941637869655361,1.2.826.0.1.3680043.8.498.14091204941596408759470137689425972752,1.0,-1024.0,-3024,1461,-3024
1.2.826.0.1.3680043.8.498.64528049531937647703057934390299001115,1.2.826.0.1.3680043.8.498.35674976056215582131616245841893579725,1.0,-1024.0,-3024,1812,-3024
1.2.826.0.1.3680043.8.498.74598659816335333679754389796873480643,1.2.826.0.1.3680043.8.498.36313075382280191616242455841074142005,1.0,-1024.0,-3024,1700,-3024
1.2.826.0.1.3680043.8.498.11119518999408610343429821378264570081,1.2.826.0.1.3680043.8.498.11339180344904342351203619323867097316,1.0,-1024.0,-3024,1987,-3024
1.2.826.0.1.3680043.8.498.82195052785093819785625151447028451099,1.2.826.0.1.3680043.8.498.11315897090741338308651315138149512544,1.0,-1024.0,-3024,1885,-3024
1.2.826.0.1.3680043.8.498.13286779961109939785434853233386761511,1.2.826.0.1.3680043.8.498.95471163648525073895127521348254766806,1.0,-1024.0,-3024,1889,-3024
1.2.826.0.1.3680043.8.498.40162665955061223692565879235602422075,1.2.826.0.1.3680043.8.498.10227316143377080252837756742767642577,1.0,-1024.0,-3024,1941,-3024
1.2.826.0.1.3680043.8.498.40499156229797942175102861717242994172,1.2.826.0.1.3680043.8.498.12513761218968009313726692131891069430,1.0,-1024.0,-3024,1897,-3024
1.2.826.0.1.3680043.8.498.40499156229797942175102861717242994172,1.2.826.0.1.3680043.8.498.12513761218968009313726692131891069430,1.0,-1024.0,-3024,1897,-3024
1.2.826.0.1.3680043.8.498.41513871311785014991009134305973382395,1.2.826.0.1.3680043.8.498.34332508585332347728923585244183014185,1.0,-1024.0,-3024,1874,-3024
1.2.826.0.1.3680043.8.498.11408922694550763228909918276799474464,1.2.826.0.1.3680043.8.498.12181500787674132166580420682922581098,1.0,-1024.0,-3024,1895,-3024
1.2.826.0.1.3680043.8.498.82276808423709177948911567775880327566,1.2.826.0.1.3680043.8.498.22043766554031324164339342242647016595,1.0,-1024.0,-3024,1895,-3024
1.2.826.0.1.3680043.8.498.38904475631578710113273863766282479811,1.2.826.0.1.3680043.8.498.75110456578212668001772353383425277147,1.0,-1024.0,-3024,1844,-3024
1.2.826.0.1.3680043.8.498.84119031900393946153314374202846847541,1.2.826.0.1.3680043.8.498.95779146993051229278417307555200947066,1.0,-1024.0,-3024,2046,-3024
1.2.826.0.1.3680043.8.498.83550635896077543885781888116995247419,1.2.826.0.1.3680043.8.498.46056326069881452597781556945616055516,1.0,-1024.0,-3024,1850,-3024
1.2.826.0.1.3680043.8.498.83228009745617438803567050585068433549,1.2.826.0.1.3680043.8.498.10587870579929276246247093750205785455,1.0,-1024.0,-3024,1908,-3024
1.2.826.0.1.3680043.8.498.38094808038974181102880321183103989801,1.2.826.0.1.3680043.8.498.13143134482944580506532557078558529906,1.0,-1024.0,-3024,1941,-3024
1.2.826.0.1.3680043.8.498.38094808038974181102880321183103989801,1.2.826.0.1.3680043.8.498.27840574166969265308744632041337200410,1.0,-1024.0,-3024,1895,-3024
1.2.826.0.1.3680043.8.498.38275848719728000105141211142145951242,1.2.826.0.1.3680043.8.498.81821845017706397334314190442823216143,1.0,-1024.0,-3024,1858,-3024
1.2.826.0.1.3680043.8.498.11024186785729776851960279299394139142,1.2.826.0.1.3680043.8.498.87243171907540942836068998925018202040,1.0,-1024.0,-3024,1834,-3024
1.2.826.0.1.3680043.8.498.38904475631578710113273863766282479811,1.2.826.0.1.3680043.8.498.13103696354644299388787855314201937185,1.0,-1024.0,-3024,1821,-3024
1.2.826.0.1.3680043.8.498.77528543052941995104518917292880894859,1.2.826.0.1.3680043.8.498.40067032403339001120714319069043664053,1.0,-1024.0,-3024,1757,-3024
1.2.826.0.1.3680043.8.498.11289699692644391895099696492976982366,1.2.826.0.1.3680043.8.498.11022686259303544864861541441334739167,1.0,-1024.0,-3024,1858,-3024
1.2.826.0.1.3680043.8.498.12952434783419596241938447471550315903,1.2.826.0.1.3680043.8.498.35664765944120165289341623097855148353,1.0,-1024.0,-3024,1893,-3024
1.2.826.0.1.3680043.8.498.12952434783419596241938447471550315903,1.2.826.0.1.3680043.8.498.12861788871095256962846606256682870467,1.0,-1024.0,-3024,1949,-3024
1.2.826.0.1.3680043.8.498.47622062519393262272120105951011625928,1.2.826.0.1.3680043.8.498.65265268026670681572850152607273472690,1.0,-1024.0,-3024,1860,-3024
1.2.826.0.1.3680043.8.498.11365284001363018418657718683957139130,1.2.826.0.1.3680043.8.498.46489445167153488185117682220163684682,1.0,-1024.0,-3024,1865,-3024
1.2.826.0.1.3680043.8.498.48062207595556588361135453911773798345,1.2.826.0.1.3680043.8.498.20092198175358177131592288731431256925,1.0,-1024.0,-3024,1674,-3024
1.2.826.0.1.3680043.8.498.48475183315704747033377720148723313443,1.2.826.0.1.3680043.8.498.11336513980965916417726073121314136068,1.0,-1024.0,-3024,1842,-3024
1.2.826.0.1.3680043.8.498.75534913411697796878587692167943187599,1.2.826.0.1.3680043.8.498.16203030245351215212551145203257384370,1.0,-1024.0,-3024,1899,-3024
1.2.826.0.1.3680043.8.498.75534913411697796878587692167943187599,1.2.826.0.1.3680043.8.498.10446355882358753210526319320883269279,1.0,-1024.0,-3024,1904,-3024
1.2.826.0.1.3680043.8.498.77528543052941995104518917292880894859,1.2.826.0.1.3680043.8.498.16973365506903825969561239517362416407,1.0,-1024.0,-3024,1818,-3024
1.2.826.0.1.3680043.8.498.77657431081287944956511276482769952388,1.2.826.0.1.3680043.8.498.60442680405847545785198171915891283938,1.0,-1024.0,-3024,1939,-3024
1.2.826.0.1.3680043.8.498.11207643499429599225856724495933714772,1.2.826.0.1.3680043.8.498.78847418549806279644392801010555546962,1.0,-1024.0,-3024,1815,-3024
1.2.826.0.1.3680043.8.498.78920848270132637634737771628141834736,1.2.826.0.1.3680043.8.498.21995202441430370710407775224377901304,1.0,-1024.0,-3024,1642,-3024
1.2.826.0.1.3680043.8.498.77657431081287944956511276482769952388,1.2.826.0.1.3680043.8.498.60442680405847545785198171915891283938,1.0,-1024.0,-3024,1939,-3024
1.2.826.0.1.3680043.8.498.19786820050434312474966619458414521757,1.2.826.0.1.3680043.8.498.25663495296729186335500885111973456703,1.0,-1024.0,-3024,1534,-3024
1.2.826.0.1.3680043.8.498.46002592005400084737986756291411899971,1.2.826.0.1.3680043.8.498.20414112491323511976711144158045554139,1.0,-1024.0,-3024,1884,-3024
1.2.826.0.1.3680043.8.498.82351850469363143618392739704777562533,1.2.826.0.1.3680043.8.498.11010960984361292001700950706004476977,1.0,-1024.0,-3030,1796,-2048
1.2.826.0.1.3680043.8.498.17677548211553545296698864792051352427,1.2.826.0.1.3680043.8.498.55677754734899892737758005594096916348,1.0,0.0,-7087,6805,-2048
1.2.826.0.1.3680043.8.498.87349503804565594233293633969054980424,1.2.826.0.1.3680043.8.498.59340332576412270441306139005991633182,1.0,-8192.0,-8192,2116,-8192
1.2.826.0.1.3680043.8.498.70809927738286754136467574856093933410,1.2.826.0.1.3680043.8.498.42274989457351824949026471786599452700,1.0,-8192.0,-8192,2108,-1009
1.2.826.0.1.3680043.8.498.88470921398186621059437334583794632704,1.2.826.0.1.3680043.8.498.66641678755711170304043924423972193741,10.0,-10240.0,-10240,1940,-10240
1.2.826.0.1.3680043.8.498.57981189400540639715305541133864142671,1.2.826.0.1.3680043.8.498.11750883034172446940705137065146458551,10.0,-10240.0,-10240,1680,-10240
1.2.826.0.1.3680043.8.498.88470921398186621059437334583794632704,1.2.826.0.1.3680043.8.498.66641678755711170304043924423972193741,10.0,-10240.0,-10240,1940,-10240
1.2.826.0.1.3680043.8.498.88470921398186621059437334583794632704,1.2.826.0.1.3680043.8.498.11469333522846222905944609226095890007,10.0,-10240.0,-10240,1950,-10240
