{"ExtA0001.nii.gz": {"origin": [0.0, 0.0, 68.0], "spacing": [0.4000000059604645, 0.4000000059604645, 0.4000000059604645]}, "ExtA0002.nii.gz": {"origin": [0.0, 0.0, 129.1999969482422], "spacing": [0.4000000059604645, 0.4000000059604645, 0.4000000059604645]}, "ExtA0003.nii.gz": {"origin": [0.0, 0.0, 153.60000610351562], "spacing": [0.4000000059604645, 0.4000000059604645, 0.4000000059604645]}, "ExtA0004.nii.gz": {"origin": [0.0, 0.0, 129.1999969482422], "spacing": [0.4000000059604645, 0.4000000059604645, 0.4000000059604645]}, "ExtA0005.nii.gz": {"origin": [0.0, 0.0, 103.20000457763672], "spacing": [0.4000000059604645, 0.4000000059604645, 0.4000000059604645]}, "ExtA0006.nii.gz": {"origin": [0.0, 0.0, 129.1999969482422], "spacing": [0.4000000059604645, 0.4000000059604645, 0.4000000059604645]}, "ExtA0007.nii.gz": {"origin": [0.0, 0.0, 172.40000915527344], "spacing": [0.4000000059604645, 0.4000000059604645, 0.4000000059604645]}, "ExtA0008.nii.gz": {"origin": [0.0, 0.0, 421.20001220703125], "spacing": [0.4000000059604645, 0.4000000059604645, 0.4000000059604645]}, "ExtA0009.nii.gz": {"origin": [0.0, 0.0, 122.4000015258789], "spacing": [0.4000000059604645, 0.4000000059604645, 0.4000000059604645]}, "ExtA0010.nii.gz": {"origin": [0.0, 0.0, 50.79999923706055], "spacing": [0.4000000059604645, 0.4000000059604645, 0.4000000059604645]}, "ExtA0011.nii.gz": {"origin": [0.0, 0.0, 129.1999969482422], "spacing": [0.4000000059604645, 0.4000000059604645, 0.4000000059604645]}, "ExtA0012.nii.gz": {"origin": [0.0, 0.0, 38.0], "spacing": [0.4000000059604645, 0.4000000059604645, 0.4000000059604645]}, "ExtA0013.nii.gz": {"origin": [0.0, 0.0, 338.8000183105469], "spacing": [0.4000000059604645, 0.4000000059604645, 0.4000000059604645]}, "ExtA0014.nii.gz": {"origin": [0.0, 0.0, 56.0], "spacing": [0.4000000059604645, 0.4000000059604645, 0.4000000059604645]}, "ExtA0015.nii.gz": {"origin": [0.0, 0.0, 129.1999969482422], "spacing": [0.4000000059604645, 0.4000000059604645, 0.4000000059604645]}, "ExtA0016.nii.gz": {"origin": [0.0, 0.0, 129.1999969482422], "spacing": [0.4000000059604645, 0.4000000059604645, 0.4000000059604645]}, "ExtA0017.nii.gz": {"origin": [0.0, 0.0, 129.1999969482422], "spacing": [0.4000000059604645, 0.4000000059604645, 0.4000000059604645]}, "ExtA0018.nii.gz": {"origin": [0.0, 0.0, 224.0], "spacing": [0.4000000059604645, 0.4000000059604645, 0.4000000059604645]}, "ExtA0019.nii.gz": {"origin": [0.0, 0.0, 129.1999969482422], "spacing": [0.4000000059604645, 0.4000000059604645, 0.4000000059604645]}, "ExtA0020.nii.gz": {"origin": [0.0, 0.0, 221.60000610351562], "spacing": [0.4000000059604645, 0.4000000059604645, 0.4000000059604645]}, "ExtA0021.nii.gz": {"origin": [0.0, 0.0, 167.1999969482422], "spacing": [0.4000000059604645, 0.4000000059604645, 0.4000000059604645]}, "ExtA0022.nii.gz": {"origin": [0.0, 0.0, 129.1999969482422], "spacing": [0.4000000059604645, 0.4000000059604645, 0.4000000059604645]}, "ExtA0023.nii.gz": {"origin": [0.0, 0.0, 167.60000610351562], "spacing": [0.4000000059604645, 0.4000000059604645, 0.4000000059604645]}, "ExtA0024.nii.gz": {"origin": [0.0, 0.0, 129.1999969482422], "spacing": [0.4000000059604645, 0.4000000059604645, 0.4000000059604645]}, "ExtA0025.nii.gz": {"origin": [0.0, 0.0, 138.8000030517578], "spacing": [0.4000000059604645, 0.4000000059604645, 0.4000000059604645]}, "ExtA0026.nii.gz": {"origin": [0.0, 0.0, 129.1999969482422], "spacing": [0.4000000059604645, 0.4000000059604645, 0.4000000059604645]}, "ExtA0027.nii.gz": {"origin": [0.0, 0.0, 94.80000305175781], "spacing": [0.4000000059604645, 0.4000000059604645, 0.4000000059604645]}, "ExtA0028.nii.gz": {"origin": [0.0, 0.0, 176.40000915527344], "spacing": [0.4000000059604645, 0.4000000059604645, 0.4000000059604645]}, "ExtA0029.nii.gz": {"origin": [0.0, 0.0, 152.0], "spacing": [0.4000000059604645, 0.4000000059604645, 0.4000000059604645]}, "ExtA0030.nii.gz": {"origin": [0.0, 0.0, 33.60000228881836], "spacing": [0.4000000059604645, 0.4000000059604645, 0.4000000059604645]}, "ExtA0031.nii.gz": {"origin": [0.0, 0.0, 129.1999969482422], "spacing": [0.4000000059604645, 0.4000000059604645, 0.4000000059604645]}, "ExtA0032.nii.gz": {"origin": [0.0, 0.0, 129.1999969482422], "spacing": [0.4000000059604645, 0.4000000059604645, 0.4000000059604645]}, "ExtA0033.nii.gz": {"origin": [0.0, 0.0, 256.0], "spacing": [0.4000000059604645, 0.4000000059604645, 0.4000000059604645]}, "ExtA0034.nii.gz": {"origin": [0.0, 0.0, 129.1999969482422], "spacing": [0.4000000059604645, 0.4000000059604645, 0.4000000059604645]}, "ExtA0035.nii.gz": {"origin": [0.0, 0.0, 98.0], "spacing": [0.4000000059604645, 0.4000000059604645, 0.4000000059604645]}, "ExtA0036.nii.gz": {"origin": [0.0, 0.0, 129.1999969482422], "spacing": [0.4000000059604645, 0.4000000059604645, 0.4000000059604645]}, "ExtA0037.nii.gz": {"origin": [0.0, 0.0, 129.1999969482422], "spacing": [0.4000000059604645, 0.4000000059604645, 0.4000000059604645]}, "ExtA0038.nii.gz": {"origin": [0.0, 0.0, 162.40000915527344], "spacing": [0.4000000059604645, 0.4000000059604645, 0.4000000059604645]}, "ExtA0039.nii.gz": {"origin": [0.0, 0.0, 129.1999969482422], "spacing": [0.4000000059604645, 0.4000000059604645, 0.4000000059604645]}, "ExtA0040.nii.gz": {"origin": [0.0, 0.0, 65.5999984741211], "spacing": [0.4000000059604645, 0.4000000059604645, 0.4000000059604645]}, "ExtA0041.nii.gz": {"origin": [0.0, 0.0, 129.1999969482422], "spacing": [0.4000000059604645, 0.4000000059604645, 0.4000000059604645]}, "ExtA0042.nii.gz": {"origin": [0.0, 0.0, 129.1999969482422], "spacing": [0.4000000059604645, 0.4000000059604645, 0.4000000059604645]}, "ExtA0043.nii.gz": {"origin": [0.0, 0.0, 213.1999969482422], "spacing": [0.4000000059604645, 0.4000000059604645, 0.4000000059604645]}, "ExtA0044.nii.gz": {"origin": [0.0, 0.0, 129.1999969482422], "spacing": [0.4000000059604645, 0.4000000059604645, 0.4000000059604645]}, "ExtA0045.nii.gz": {"origin": [0.0, 0.0, 129.1999969482422], "spacing": [0.4000000059604645, 0.4000000059604645, 0.4000000059604645]}, "ExtA0046.nii.gz": {"origin": [0.0, 0.0, 87.20000457763672], "spacing": [0.4000000059604645, 0.4000000059604645, 0.4000000059604645]}, "ExtA0047.nii.gz": {"origin": [0.0, 0.0, 129.1999969482422], "spacing": [0.4000000059604645, 0.4000000059604645, 0.4000000059604645]}, "ExtA0048.nii.gz": {"origin": [0.0, 0.0, 162.40000915527344], "spacing": [0.4000000059604645, 0.4000000059604645, 0.4000000059604645]}, "ExtA0049.nii.gz": {"origin": [0.0, 0.0, 169.1999969482422], "spacing": [0.4000000059604645, 0.4000000059604645, 0.4000000059604645]}, "ExtA0050.nii.gz": {"origin": [0.0, 0.0, 82.4000015258789], "spacing": [0.4000000059604645, 0.4000000059604645, 0.4000000059604645]}, "ExtA0051.nii.gz": {"origin": [0.0, 0.0, 194.0], "spacing": [0.4000000059604645, 0.4000000059604645, 0.4000000059604645]}, "ExtA0052.nii.gz": {"origin": [0.0, 0.0, 162.8000030517578], "spacing": [0.4000000059604645, 0.4000000059604645, 0.4000000059604645]}, "ExtA0053.nii.gz": {"origin": [0.0, 0.0, 293.6000061035156], "spacing": [0.4000000059604645, 0.4000000059604645, 0.4000000059604645]}, "ExtA0054.nii.gz": {"origin": [0.0, 0.0, 310.8000183105469], "spacing": [0.4000000059604645, 0.4000000059604645, 0.4000000059604645]}, "ExtA0055.nii.gz": {"origin": [0.0, 0.0, 201.60000610351562], "spacing": [0.4000000059604645, 0.4000000059604645, 0.4000000059604645]}, "ExtA0056.nii.gz": {"origin": [0.0, 0.0, 219.60000610351562], "spacing": [0.4000000059604645, 0.4000000059604645, 0.4000000059604645]}, "ExtA0057.nii.gz": {"origin": [0.0, 0.0, 186.0], "spacing": [0.4000000059604645, 0.4000000059604645, 0.4000000059604645]}, "ExtA0058.nii.gz": {"origin": [0.0, 0.0, 84.0], "spacing": [0.4000000059604645, 0.4000000059604645, 0.4000000059604645]}, "ExtA0059.nii.gz": {"origin": [0.0, 0.0, 14.800000190734863], "spacing": [0.4000000059604645, 0.4000000059604645, 0.4000000059604645]}, "ExtA0060.nii.gz": {"origin": [0.0, 0.0, 50.400001525878906], "spacing": [0.4000000059604645, 0.4000000059604645, 0.4000000059604645]},