{"CA_00000_0000.nii.gz": {"size": [550, 550, 425], "origin": [-110.0, 99.67057037353516, -73.6500015258789], "spacing": [0.4000000059604645, 0.4000000059604645, 0.4000000059604645]}, "CA_00001_0000.nii.gz": {"size": [550, 550, 425], "origin": [-118.78515625, -159.71484375, 1329.800048828125], "spacing": [0.4000000059604645, 0.4000000059604645, 0.4000000059604645]}, "CA_00002_0000.nii.gz": {"size": [622, 622, 422], "origin": [-131.5, 124.01361083984375, -22.5], "spacing": [0.4000000059604645, 0.4000000059604645, 0.4000000059604645]}, "CA_00003_0000.nii.gz": {"size": [515, 515, 425], "origin": [-109.798828125, -78.701171875, 470.3999938964844], "spacing": [0.4000000059604645, 0.4000000059604645, 0.4000000059604645]}, "CA_00004_0000.nii.gz": {"size": [572, 572, 425], "origin": [-110.2763671875, -35.2236328125, -177.5], "spacing": [0.4000000059604645, 0.4000000059604645, 0.4000000059604645]}, "CA_00005_0000.nii.gz": {"size": [582, 582, 417], "origin": [-116.5, 101.24586486816406, -50.54399871826172], "spacing": [0.4000000059604645, 0.4000000059604645, 0.4000000059604645]}, "CA_00006_0000.nii.gz": {"size": [512, 512, 397], "origin": [-102.2998046875, -49.2001953125, -98.0], "spacing": [0.4000000059604645, 0.4000000059604645, 0.4000000059604645]}, "CA_00007_0000.nii.gz": {"size": [532, 532, 423], "origin": [-106.2919921875, -68.7080078125, 427.0], "spacing": [0.4000000059604645, 0.4000000059604645, 0.4000000059604645]}, "CA_00008_0000.nii.gz": {"size": [525, 525, 425], "origin": [-101.794921875, -49.205078125, -149.0], "spacing": [0.4000000059604645, 0.4000000059604645, 0.4000000059604645]}, "CA_00009_0000.nii.gz": {"size": [535, 535, 425], "origin": [-112.791015625, -53.708984375, -225.1999969482422], "spacing": [0.4000000059604645, 0.4000000059604645, 0.4000000059604645]}, "CA_00010_0000.nii.gz": {"size": [668, 668, 425], "origin": [-133.5, 292.2085266113281, 932.1799926757812], "spacing": [0.4000000059604645, 0.4000000059604645, 0.4000000059604645]}, "CA_00011_0000.nii.gz": {"size": [585, 585, 425], "origin": [-117.0, 139.25283813476562, -35.040000915527344], "spacing": [0.4000000059604645, 0.4000000059604645, 0.4000000059604645]}, "CA_00012_0000.nii.gz": {"size": [528, 528, 425], "origin": [-102.2939453125, -69.7060546875, -289.6000061035156], "spacing": [0.4000000059604645, 0.4000000059604645, 0.4000000059604645]}, "CA_00013_0000.nii.gz": {"size": [538, 538, 425], "origin": [-107.2900390625, -71.7099609375, 430.8999938964844], "spacing": [0.4000000059604645, 0.4000000059604645, 0.4000000059604645]}, "CA_00014_0000.nii.gz": {"size": [550, 550, 414], "origin": [-110.0, 124.87057495117188, -90.25], "spacing": [0.4000000059604645, 0.4000000059604645, 0.4000000059604645]}, "CA_00015_0000.nii.gz": {"size": [599, 599, 401], "origin": [-119.76499938964844, 119.38239288330078, -586.0], "spacing": [0.4000000059604645, 0.4000000059604645, 0.4000000059604645]}, "CA_00016_0000.nii.gz": {"size": [578, 578, 411], "origin": [-105.4000015258789, 114.84889221191406, -51.0], "spacing": [0.4000000059604645, 0.4000000059604645, 0.4000000059604645]}, "CA_00017_0000.nii.gz": {"size": [702, 702, 425], "origin": [-139.37600708007812, 273.15118408203125, 265.5299987792969], "spacing": [0.4000000059604645, 0.4000000059604645, 0.4000000059604645]}, "CA_00018_0000.nii.gz": {"size": [599, 599, 425], "origin": [-119.76499938964844, 119.38239288330078, -626.0999755859375], "spacing": [0.4000000059604645, 0.4000000059604645, 0.4000000059604645]}, "CA_00019_0000.nii.gz": {"size": [550, 550, 414], "origin": [-110.0, 97.97057342529297, -17.895000457763672], "spacing": [0.4000000059604645, 0.4000000059604645, 0.4000000059604645]}, "CA_00020_0000.nii.gz": {"size": [550, 550, 425], "origin": [-116.0, 105.77056884765625, -69.9000015258789], "spacing": [0.4000000059604645, 0.4000000059604645, 0.4000000059604645]}, "CA_00021_0000.nii.gz": {"size": [562, 562, 417], "origin": [-110.22000122070312, 124.35848236083984, -63.67399978637695], "spacing": [0.4000000059604645, 0.4000000059604645, 0.4000000059604645]}, "CA_00022_0000.nii.gz": {"size": [592, 592, 425], "origin": [-117.552001953125, 251.7371063232422, 1161.5999755859375], "spacing": [0.4000000059604645, 0.4000000059604645, 0.4000000059604645]}, "CA_00023_0000.nii.gz": {"size": [625, 625, 425], "origin": [-125.0, 148.2635955810547, -82.44400024414062], "spacing": [0.4000000059604645, 0.4000000059604645, 0.4000000059604645]}, "CA_00024_0000.nii.gz": {"size": [598, 598, 425], "origin": [-118.54399871826172, 247.11920166015625, 1248.429931640625], "spacing": [0.4000000059604645, 0.4000000059604645, 0.4000000059604645]}, "CA_00025_0000.nii.gz": {"size": [550, 550, 425], "origin": [-110.0, 117.67057037353516, -75.9000015258789], "spacing": [0.4000000059604645, 0.4000000059604645, 0.4000000059604645]}, "CA_00026_0000.nii.gz": {"size": [520, 520, 425], "origin": [-103.796875, -49.203125, 408.1999816894531], "spacing": [0.4000000059604645, 0.4000000059604645, 0.4000000059604645]}, "CA_00027_0000.nii.gz": {"size": [598, 598, 425], "origin": [-110.0, 103.83326721191406, -25.399999618530273], "spacing": [0.4000000059604645, 0.4000000059604645, 0.4000000059604645]}, "CA_00028_0000.nii.gz": {"size": [565, 565, 425], "origin": [-123.779296875, -182.220703125, 434.1000061035156], "spacing": [0.4000000059604645, 0.4000000059604645, 0.4000000059604645]}, "CA_00029_0000.nii.gz": {"size": [599, 599, 421], "origin": [-119.76499938964844, 119.38239288330078, -575.0], "spacing": [0.4000000059604645, 0.4000000059604645, 0.4000000059604645]}, "CA_00030_0000.nii.gz": {"size": [702, 702, 425], "origin": [-142.4669952392578, 271.01617431640625, 344.3099670410156], "spacing": [0.4000000059604645, 0.4000000059604645, 0.4000000059604645]}, "CA_00031_0000.nii.gz": {"size": [625, 625, 425], "origin": [-125.0, 133.68560791015625, -73.82300567626953], "spacing": [0.4000000059604645, 0.4000000059604645, 0.4000000059604645]}, "CA_00032_0000.nii.gz": {"size": [550, 550, 425], "origin": [-110.0, 112.47057342529297, -67.69999694824219], "spacing": [0.4000000059604645, 0.4000000059604645, 0.4000000059604645]}, "CA_00033_0000.nii.gz": {"size": [599, 599, 425], "origin": [-119.76499938964844, 119.38239288330078, -571.5999755859375], "spacing": [0.4000000059604645, 0.4000000059604645, 0.4000000059604645]}, "CA_00034_0000.nii.gz": {"size": [558, 558, 425], "origin": [-111.5, 232.14344787597656, 1323.97998046875], "spacing": [0.4000000059604645, 0.4000000059604645, 0.4000000059604645]}, "CA_00035_0000.nii.gz": {"size": [550, 550, 414], "origin": [-110.0, 115.07057189941406, -73.75], "spacing": [0.4000000059604645, 0.4000000059604645, 0.4000000059604645]}, "CA_00036_0000.nii.gz": {"size": [535, 535, 425], "origin": [-112.791015625, -53.708984375, -225.1999969482422], "spacing": [0.4000000059604645, 0.4000000059604645, 0.4000000059604645]}, "CA_00037_0000.nii.gz": {"size": [550, 550, 425], "origin": [-108.4000015258789, 109.07057189941406, -53.974998474121094], "spacing": [0.4000000059604645, 0.4000000059604645, 0.4000000059604645]}}