{
    "CA_00000_0000.nii.gz": {
        "origin": [
            -110.0,
            99.67057037353516,
            -79.25
        ],
        "spacing": [
            0.4000000059604645,
            0.4000000059604645,
            0.4000000059604645
        ]
    },
    "CA_00001_0000.nii.gz": {
        "origin": [
            -118.78515625,
            -159.71484375,
            1327.4000244140625
        ],
        "spacing": [
            0.4000000059604645,
            0.4000000059604645,
            0.4000000059604645
        ]
    },
    "CA_00002_0000.nii.gz": {
        "origin": [
            -131.5,
            124.01361083984375,
            -22.5
        ],
        "spacing": [
            0.4000000059604645,
            0.4000000059604645,
            0.4000000059604645
        ]
    },
    "CA_00003_0000.nii.gz": {
        "origin": [
            -109.798828125,
            -78.701171875,
            468.0
        ],
        "spacing": [
            0.4000000059604645,
            0.4000000059604645,
            0.4000000059604645
        ]
    },
    "CA_00004_0000.nii.gz": {
        "origin": [
            -110.2763671875,
            -35.2236328125,
            -198.6999969482422
        ],
        "spacing": [
            0.4000000059604645,
            0.4000000059604645,
            0.4000000059604645
        ]
    },
    "CA_00005_0000.nii.gz": {
        "origin": [
            -116.5,
            101.24586486816406,
            -50.54399871826172
        ],
        "spacing": [
            0.4000000059604645,
            0.4000000059604645,
            0.4000000059604645
        ]
    },
    "CA_00006_0000.nii.gz": {
        "origin": [
            -102.2998046875,
            -49.2001953125,
            -98.0
        ],
        "spacing": [
            0.4000000059604645,
            0.4000000059604645,
            0.4000000059604645
        ]
    },
    "CA_00007_0000.nii.gz": {
        "origin": [
            -106.2919921875,
            -68.7080078125,
            427.0
        ],
        "spacing": [
            0.4000000059604645,
            0.4000000059604645,
            0.4000000059604645
        ]
    },
    "CA_00008_0000.nii.gz": {
        "origin": [
            -101.794921875,
            -49.205078125,
            -155.39999389648438
        ],
        "spacing": [
            0.4000000059604645,
            0.4000000059604645,
            0.4000000059604645
        ]
    },
    "CA_00009_0000.nii.gz": {
        "origin": [
            -112.791015625,
            -53.708984375,
            -233.1999969482422
        ],
        "spacing": [
            0.4000000059604645,
            0.4000000059604645,
            0.4000000059604645
        ]
    },
    "CA_00010_0000.nii.gz": {
        "origin": [
            -133.5,
            292.2085266113281,
            770.97998046875
        ],
        "spacing": [
            0.4000000059604645,
            0.4000000059604645,
            0.4000000059604645
        ]
    },
    "CA_00011_0000.nii.gz": {
        "origin": [
            -117.0,
            139.25283813476562,
            -35.040000915527344
        ],
        "spacing": [
            0.4000000059604645,
            0.4000000059604645,
            0.4000000059604645
        ]
    },
    "CA_00012_0000.nii.gz": {
        "origin": [
            -102.2939453125,
            -69.7060546875,
            -296.0
        ],
        "spacing": [
            0.4000000059604645,
            0.4000000059604645,
            0.4000000059604645
        ]
    },
    "CA_00013_0000.nii.gz": {
        "origin": [
            -107.2900390625,
            -71.7099609375,
            409.29998779296875
        ],
        "spacing": [
            0.4000000059604645,
            0.4000000059604645,
            0.4000000059604645
        ]
    },
    "CA_00014_0000.nii.gz": {
        "origin": [
            -110.0,
            124.87057495117188,
            -90.25
        ],
        "spacing": [
            0.4000000059604645,
            0.4000000059604645,
            0.4000000059604645
        ]
    },
    "CA_00015_0000.nii.gz": {
        "origin": [
            -119.76499938964844,
            119.38239288330078,
            -586.0
        ],
        "spacing": [
            0.4000000059604645,
            0.4000000059604645,
            0.4000000059604645
        ]
    },
    "CA_00016_0000.nii.gz": {
        "origin": [
            -105.4000015258789,
            114.84889221191406,
            -51.0
        ],
        "spacing": [
            0.4000000059604645,
            0.4000000059604645,
            0.4000000059604645
        ]
    },
    "CA_00017_0000.nii.gz": {
        "origin": [
            -139.37600708007812,
            273.15118408203125,
            245.92999267578125
        ],
        "spacing": [
            0.4000000059604645,
            0.4000000059604645,
            0.4000000059604645
        ]
    },
    "CA_00018_0000.nii.gz": {
        "origin": [
            -119.76499938964844,
            119.38239288330078,
            -636.5
        ],
        "spacing": [
            0.4000000059604645,
            0.4000000059604645,
            0.4000000059604645
        ]
    },
    "CA_00019_0000.nii.gz": {
        "origin": [
            -110.0,
            97.97057342529297,
            -17.895000457763672
        ],
        "spacing": [
            0.4000000059604645,
            0.4000000059604645,
            0.4000000059604645
        ]
    },
    "CA_00020_0000.nii.gz": {
        "origin": [
            -116.0,
            105.77056884765625,
            -75.5
        ],
        "spacing": [
            0.4000000059604645,
            0.4000000059604645,
            0.4000000059604645
        ]
    },
    "CA_00021_0000.nii.gz": {
        "origin": [
            -110.22000122070312,
            124.35848236083984,
            -63.67399978637695
        ],
        "spacing": [
            0.4000000059604645,
            0.4000000059604645,
            0.4000000059604645
        ]
    },
    "CA_00022_0000.nii.gz": {
        "origin": [
            -117.552001953125,
            251.7371063232422,
            1142.0
        ],
        "spacing": [
            0.4000000059604645,
            0.4000000059604645,
            0.4000000059604645
        ]
    },
    "CA_00023_0000.nii.gz": {
        "origin": [
            -125.0,
            148.2635955810547,
            -100.44400024414062
        ],
        "spacing": [
            0.4000000059604645,
            0.4000000059604645,
            0.4000000059604645
        ]
    },
    "CA_00024_0000.nii.gz": {
        "origin": [
            -118.54399871826172,
            247.11920166015625,
            1227.22998046875
        ],
        "spacing": [
            0.4000000059604645,
            0.4000000059604645,
            0.4000000059604645
        ]
    },
    "CA_00025_0000.nii.gz": {
        "origin": [
            -110.0,
            117.67057037353516,
            -91.5
        ],
        "spacing": [
            0.4000000059604645,
            0.4000000059604645,
            0.4000000059604645
        ]
    },
    "CA_00026_0000.nii.gz": {
        "origin": [
            -103.796875,
            -49.203125,
            369.79998779296875
        ],
        "spacing": [
            0.4000000059604645,
            0.4000000059604645,
            0.4000000059604645
        ]
    },
    "CA_00027_0000.nii.gz": {
        "origin": [
            -110.0,
            103.83326721191406,
            -31.0
        ],
        "spacing": [
            0.4000000059604645,
            0.4000000059604645,
            0.4000000059604645
        ]
    },
    "CA_00028_0000.nii.gz": {
        "origin": [
            -123.779296875,
            -182.220703125,
            432.5
        ],
        "spacing": [
            0.4000000059604645,
            0.4000000059604645,
            0.4000000059604645
        ]
    },